[LOG] [2026-06-17T11:06:22.251Z] ✅ UXM Co-Pilot API running on http://localhost:4000
[LOG] [2026-06-17T11:06:22.955Z] [34mprisma:query[39m BEGIN
[LOG] [2026-06-17T11:06:23.108Z] [34mprisma:query[39m DEALLOCATE ALL
[LOG] [2026-06-17T11:06:23.189Z] [34mprisma:query[39m SELECT "public"."reviews"."id", "public"."reviews"."status", "public"."reviews"."stage", "public"."reviews"."uxScore" FROM "public"."reviews" WHERE ("public"."reviews"."id" = $1 AND 1=1) LIMIT $2 OFFSET $3
[LOG] [2026-06-17T11:06:23.339Z] [34mprisma:query[39m COMMIT
[LOG] [2026-06-17T11:06:23.381Z] [34mprisma:query[39m BEGIN
[LOG] [2026-06-17T11:06:23.421Z] [34mprisma:query[39m DEALLOCATE ALL
[LOG] [2026-06-17T11:06:23.616Z] [34mprisma:query[39m SELECT COUNT(*) FROM (SELECT "public"."findings"."id" FROM "public"."findings" WHERE "public"."findings"."reviewId" = $1 OFFSET $2) AS "sub"
[LOG] [2026-06-17T11:06:23.657Z] [34mprisma:query[39m COMMIT
[HTTP] [2026-06-17T11:06:23.661Z] [0mGET /api/reviews/cmqhyqpi80003mofobds2k9wn/progress [36m304[0m 1398.501 ms - -[0m
[LOG] [2026-06-17T11:06:23.801Z] [34mprisma:query[39m BEGIN
[LOG] [2026-06-17T11:06:23.841Z] [34mprisma:query[39m DEALLOCATE ALL
[LOG] [2026-06-17T11:06:24.031Z] [34mprisma:query[39m SELECT "public"."reviews"."id", "public"."reviews"."status", "public"."reviews"."stage", "public"."reviews"."uxScore" FROM "public"."reviews" WHERE ("public"."reviews"."id" = $1 AND 1=1) LIMIT $2 OFFSET $3
[LOG] [2026-06-17T11:06:24.071Z] [34mprisma:query[39m COMMIT
[LOG] [2026-06-17T11:06:24.113Z] [34mprisma:query[39m BEGIN
[LOG] [2026-06-17T11:06:24.262Z] [34mprisma:query[39m DEALLOCATE ALL
[LOG] [2026-06-17T11:06:24.346Z] [34mprisma:query[39m SELECT COUNT(*) FROM (SELECT "public"."findings"."id" FROM "public"."findings" WHERE "public"."findings"."reviewId" = $1 OFFSET $2) AS "sub"
[LOG] [2026-06-17T11:06:24.491Z] [34mprisma:query[39m COMMIT
[HTTP] [2026-06-17T11:06:24.492Z] [0mGET /api/reviews/cmqhyqpi80003mofobds2k9wn/progress [36m304[0m 829.839 ms - -[0m
[LOG] [2026-06-17T11:06:24.991Z] [34mprisma:query[39m BEGIN
[LOG] [2026-06-17T11:06:25.032Z] [34mprisma:query[39m DEALLOCATE ALL
[LOG] [2026-06-17T11:06:25.224Z] [34mprisma:query[39m SELECT "public"."reviews"."id", "public"."reviews"."status", "public"."reviews"."stage", "public"."reviews"."uxScore" FROM "public"."reviews" WHERE ("public"."reviews"."id" = $1 AND 1=1) LIMIT $2 OFFSET $3
[LOG] [2026-06-17T11:06:25.268Z] [34mprisma:query[39m COMMIT
[LOG] [2026-06-17T11:06:25.414Z] [34mprisma:query[39m BEGIN
[LOG] [2026-06-17T11:06:25.454Z] [34mprisma:query[39m DEALLOCATE ALL
[LOG] [2026-06-17T11:06:25.646Z] [34mprisma:query[39m SELECT COUNT(*) FROM (SELECT "public"."findings"."id" FROM "public"."findings" WHERE "public"."findings"."reviewId" = $1 OFFSET $2) AS "sub"
[LOG] [2026-06-17T11:06:25.686Z] [34mprisma:query[39m COMMIT
[HTTP] [2026-06-17T11:06:25.687Z] [0mGET /api/reviews/cmqhyqpi80003mofobds2k9wn/progress [36m304[0m 819.061 ms - -[0m
[LOG] [2026-06-17T11:06:26.907Z] [34mprisma:query[39m BEGIN
[LOG] [2026-06-17T11:06:27.037Z] [34mprisma:query[39m DEALLOCATE ALL
[LOG] [2026-06-17T11:06:27.128Z] [34mprisma:query[39m SELECT "public"."reviews"."id", "public"."reviews"."status", "public"."reviews"."stage", "public"."reviews"."uxScore" FROM "public"."reviews" WHERE ("public"."reviews"."id" = $1 AND 1=1) LIMIT $2 OFFSET $3
[LOG] [2026-06-17T11:06:27.268Z] [34mprisma:query[39m COMMIT
[LOG] [2026-06-17T11:06:27.309Z] [34mprisma:query[39m BEGIN
[LOG] [2026-06-17T11:06:27.350Z] [34mprisma:query[39m DEALLOCATE ALL
[LOG] [2026-06-17T11:06:27.539Z] [34mprisma:query[39m SELECT COUNT(*) FROM (SELECT "public"."findings"."id" FROM "public"."findings" WHERE "public"."findings"."reviewId" = $1 OFFSET $2) AS "sub"
[LOG] [2026-06-17T11:06:27.580Z] [34mprisma:query[39m COMMIT
[HTTP] [2026-06-17T11:06:27.581Z] [0mGET /api/reviews/cmqhyqpi80003mofobds2k9wn/progress [36m304[0m 714.890 ms - -[0m
[LOG] [2026-06-17T11:06:28.937Z] [34mprisma:query[39m BEGIN
[LOG] [2026-06-17T11:06:28.978Z] [34mprisma:query[39m DEALLOCATE ALL
[LOG] [2026-06-17T11:06:29.164Z] [34mprisma:query[39m SELECT "public"."reviews"."id", "public"."reviews"."status", "public"."reviews"."stage", "public"."reviews"."uxScore" FROM "public"."reviews" WHERE ("public"."reviews"."id" = $1 AND 1=1) LIMIT $2 OFFSET $3
[LOG] [2026-06-17T11:06:29.216Z] [34mprisma:query[39m COMMIT
[LOG] [2026-06-17T11:06:29.258Z] [34mprisma:query[39m BEGIN
[LOG] [2026-06-17T11:06:29.299Z] [34mprisma:query[39m DEALLOCATE ALL
[LOG] [2026-06-17T11:06:29.380Z] [34mprisma:query[39m SELECT COUNT(*) FROM (SELECT "public"."findings"."id" FROM "public"."findings" WHERE "public"."findings"."reviewId" = $1 OFFSET $2) AS "sub"
[LOG] [2026-06-17T11:06:29.434Z] [34mprisma:query[39m COMMIT
[HTTP] [2026-06-17T11:06:29.435Z] [0mGET /api/reviews/cmqhyqpi80003mofobds2k9wn/progress [36m304[0m 568.116 ms - -[0m
[LOG] [2026-06-17T11:06:31.153Z] [34mprisma:query[39m BEGIN
[LOG] [2026-06-17T11:06:31.194Z] [34mprisma:query[39m DEALLOCATE ALL
[LOG] [2026-06-17T11:06:31.283Z] [34mprisma:query[39m SELECT "public"."reviews"."id", "public"."reviews"."status", "public"."reviews"."stage", "public"."reviews"."uxScore" FROM "public"."reviews" WHERE ("public"."reviews"."id" = $1 AND 1=1) LIMIT $2 OFFSET $3
[LOG] [2026-06-17T11:06:31.319Z] [34mprisma:query[39m COMMIT
[LOG] [2026-06-17T11:06:31.365Z] [34mprisma:query[39m BEGIN
[LOG] [2026-06-17T11:06:31.405Z] [34mprisma:query[39m DEALLOCATE ALL
[LOG] [2026-06-17T11:06:31.497Z] [34mprisma:query[39m SELECT COUNT(*) FROM (SELECT "public"."findings"."id" FROM "public"."findings" WHERE "public"."findings"."reviewId" = $1 OFFSET $2) AS "sub"
[LOG] [2026-06-17T11:06:31.531Z] [34mprisma:query[39m COMMIT
[HTTP] [2026-06-17T11:06:31.533Z] [0mGET /api/reviews/cmqhyqpi80003mofobds2k9wn/progress [36m304[0m 421.043 ms - -[0m
[HTTP] [2026-06-17T11:06:32.499Z] [0mGET /health [32m200[0m 0.385 ms - 35[0m
[LOG] [2026-06-17T11:06:33.154Z] [34mprisma:query[39m BEGIN
[LOG] [2026-06-17T11:06:33.199Z] [34mprisma:query[39m DEALLOCATE ALL
[LOG] [2026-06-17T11:06:33.280Z] [34mprisma:query[39m SELECT "public"."reviews"."id", "public"."reviews"."status", "public"."reviews"."stage", "public"."reviews"."uxScore" FROM "public"."reviews" WHERE ("public"."reviews"."id" = $1 AND 1=1) LIMIT $2 OFFSET $3
[LOG] [2026-06-17T11:06:33.320Z] [34mprisma:query[39m COMMIT
[LOG] [2026-06-17T11:06:33.361Z] [34mprisma:query[39m BEGIN
[LOG] [2026-06-17T11:06:33.402Z] [34mprisma:query[39m DEALLOCATE ALL
[LOG] [2026-06-17T11:06:33.496Z] [34mprisma:query[39m SELECT COUNT(*) FROM (SELECT "public"."findings"."id" FROM "public"."findings" WHERE "public"."findings"."reviewId" = $1 OFFSET $2) AS "sub"
[LOG] [2026-06-17T11:06:33.541Z] [34mprisma:query[39m COMMIT
[HTTP] [2026-06-17T11:06:33.542Z] [0mGET /api/reviews/cmqhyqpi80003mofobds2k9wn/progress [36m304[0m 433.132 ms - -[0m
[LOG] [2026-06-17T11:06:35.054Z] [34mprisma:query[39m BEGIN
[LOG] [2026-06-17T11:06:35.094Z] [34mprisma:query[39m DEALLOCATE ALL
[LOG] [2026-06-17T11:06:35.289Z] [34mprisma:query[39m SELECT "public"."reviews"."id", "public"."reviews"."status", "public"."reviews"."stage", "public"."reviews"."uxScore" FROM "public"."reviews" WHERE ("public"."reviews"."id" = $1 AND 1=1) LIMIT $2 OFFSET $3
[LOG] [2026-06-17T11:06:35.331Z] [34mprisma:query[39m COMMIT
[LOG] [2026-06-17T11:06:35.479Z] [34mprisma:query[39m BEGIN
[LOG] [2026-06-17T11:06:35.521Z] [34mprisma:query[39m DEALLOCATE ALL
[LOG] [2026-06-17T11:06:35.712Z] [34mprisma:query[39m SELECT COUNT(*) FROM (SELECT "public"."findings"."id" FROM "public"."findings" WHERE "public"."findings"."reviewId" = $1 OFFSET $2) AS "sub"
[LOG] [2026-06-17T11:06:35.758Z] [34mprisma:query[39m COMMIT
[HTTP] [2026-06-17T11:06:35.759Z] [0mGET /api/reviews/cmqhyqpi80003mofobds2k9wn/progress [36m304[0m 817.505 ms - -[0m
[LOG] [2026-06-17T11:06:36.912Z] [34mprisma:query[39m BEGIN
[LOG] [2026-06-17T11:06:36.952Z] [34mprisma:query[39m DEALLOCATE ALL
[LOG] [2026-06-17T11:06:37.149Z] [34mprisma:query[39m SELECT "public"."reviews"."id", "public"."reviews"."status", "public"."reviews"."stage", "public"."reviews"."uxScore" FROM "public"."reviews" WHERE ("public"."reviews"."id" = $1 AND 1=1) LIMIT $2 OFFSET $3
[LOG] [2026-06-17T11:06:37.190Z] [34mprisma:query[39m COMMIT
[LOG] [2026-06-17T11:06:37.336Z] [34mprisma:query[39m BEGIN
[LOG] [2026-06-17T11:06:37.391Z] [34mprisma:query[39m DEALLOCATE ALL
[LOG] [2026-06-17T11:06:37.566Z] [34mprisma:query[39m SELECT COUNT(*) FROM (SELECT "public"."findings"."id" FROM "public"."findings" WHERE "public"."findings"."reviewId" = $1 OFFSET $2) AS "sub"
[LOG] [2026-06-17T11:06:37.607Z] [34mprisma:query[39m COMMIT
[HTTP] [2026-06-17T11:06:37.608Z] [0mGET /api/reviews/cmqhyqpi80003mofobds2k9wn/progress [36m304[0m 737.928 ms - -[0m
[LOG] [2026-06-17T11:06:38.990Z] [34mprisma:query[39m SELECT 1
[LOG] [2026-06-17T11:06:39.032Z] [34mprisma:query[39m BEGIN
[LOG] [2026-06-17T11:06:39.182Z] [34mprisma:query[39m DEALLOCATE ALL
[LOG] [2026-06-17T11:06:39.263Z] [34mprisma:query[39m SELECT "public"."reviews"."id", "public"."reviews"."status", "public"."reviews"."stage", "public"."reviews"."uxScore" FROM "public"."reviews" WHERE ("public"."reviews"."id" = $1 AND 1=1) LIMIT $2 OFFSET $3
[LOG] [2026-06-17T11:06:39.412Z] [34mprisma:query[39m COMMIT
[LOG] [2026-06-17T11:06:39.453Z] [34mprisma:query[39m BEGIN
[LOG] [2026-06-17T11:06:39.494Z] [34mprisma:query[39m DEALLOCATE ALL
[LOG] [2026-06-17T11:06:39.684Z] [34mprisma:query[39m SELECT COUNT(*) FROM (SELECT "public"."findings"."id" FROM "public"."findings" WHERE "public"."findings"."reviewId" = $1 OFFSET $2) AS "sub"
[LOG] [2026-06-17T11:06:39.725Z] [34mprisma:query[39m COMMIT
[HTTP] [2026-06-17T11:06:39.725Z] [0mGET /api/reviews/cmqhyqpi80003mofobds2k9wn/progress [36m304[0m 856.779 ms - -[0m
[LOG] [2026-06-17T11:06:40.909Z] [34mprisma:query[39m BEGIN
[LOG] [2026-06-17T11:06:41.032Z] [34mprisma:query[39m DEALLOCATE ALL
[LOG] [2026-06-17T11:06:41.113Z] [34mprisma:query[39m SELECT "public"."reviews"."id", "public"."reviews"."status", "public"."reviews"."stage", "public"."reviews"."uxScore" FROM "public"."reviews" WHERE ("public"."reviews"."id" = $1 AND 1=1) LIMIT $2 OFFSET $3
[LOG] [2026-06-17T11:06:41.266Z] [34mprisma:query[39m COMMIT
[LOG] [2026-06-17T11:06:41.307Z] [34mprisma:query[39m BEGIN
[LOG] [2026-06-17T11:06:41.347Z] [34mprisma:query[39m DEALLOCATE ALL
[LOG] [2026-06-17T11:06:41.547Z] [34mprisma:query[39m SELECT COUNT(*) FROM (SELECT "public"."findings"."id" FROM "public"."findings" WHERE "public"."findings"."reviewId" = $1 OFFSET $2) AS "sub"
[LOG] [2026-06-17T11:06:41.587Z] [34mprisma:query[39m COMMIT
[HTTP] [2026-06-17T11:06:41.588Z] [0mGET /api/reviews/cmqhyqpi80003mofobds2k9wn/progress [36m304[0m 719.463 ms - -[0m
[LOG] [2026-06-17T11:06:42.910Z] [34mprisma:query[39m BEGIN
[LOG] [2026-06-17T11:06:42.950Z] [34mprisma:query[39m DEALLOCATE ALL
[LOG] [2026-06-17T11:06:43.030Z] [34mprisma:query[39m SELECT "public"."reviews"."id", "public"."reviews"."status", "public"."reviews"."stage", "public"."reviews"."uxScore" FROM "public"."reviews" WHERE ("public"."reviews"."id" = $1 AND 1=1) LIMIT $2 OFFSET $3
[LOG] [2026-06-17T11:06:43.070Z] [34mprisma:query[39m COMMIT
[LOG] [2026-06-17T11:06:43.111Z] [34mprisma:query[39m BEGIN
[LOG] [2026-06-17T11:06:43.151Z] [34mprisma:query[39m DEALLOCATE ALL
[LOG] [2026-06-17T11:06:43.232Z] [34mprisma:query[39m SELECT COUNT(*) FROM (SELECT "public"."findings"."id" FROM "public"."findings" WHERE "public"."findings"."reviewId" = $1 OFFSET $2) AS "sub"
[LOG] [2026-06-17T11:06:43.272Z] [34mprisma:query[39m COMMIT
[HTTP] [2026-06-17T11:06:43.273Z] [0mGET /api/reviews/cmqhyqpi80003mofobds2k9wn/progress [36m304[0m 402.803 ms - -[0m
[LOG] [2026-06-17T11:06:44.911Z] [34mprisma:query[39m BEGIN
[LOG] [2026-06-17T11:06:44.952Z] [34mprisma:query[39m DEALLOCATE ALL
[LOG] [2026-06-17T11:06:45.034Z] [34mprisma:query[39m SELECT "public"."reviews"."id", "public"."reviews"."status", "public"."reviews"."stage", "public"."reviews"."uxScore" FROM "public"."reviews" WHERE ("public"."reviews"."id" = $1 AND 1=1) LIMIT $2 OFFSET $3
[LOG] [2026-06-17T11:06:45.075Z] [34mprisma:query[39m COMMIT
[LOG] [2026-06-17T11:06:45.115Z] [34mprisma:query[39m BEGIN
[LOG] [2026-06-17T11:06:45.155Z] [34mprisma:query[39m DEALLOCATE ALL
[LOG] [2026-06-17T11:06:45.236Z] [34mprisma:query[39m SELECT COUNT(*) FROM (SELECT "public"."findings"."id" FROM "public"."findings" WHERE "public"."findings"."reviewId" = $1 OFFSET $2) AS "sub"
[LOG] [2026-06-17T11:06:45.277Z] [34mprisma:query[39m COMMIT
[HTTP] [2026-06-17T11:06:45.278Z] [0mGET /api/reviews/cmqhyqpi80003mofobds2k9wn/progress [36m304[0m 409.009 ms - -[0m
[LOG] [2026-06-17T11:06:46.910Z] [34mprisma:query[39m BEGIN
[LOG] [2026-06-17T11:06:46.951Z] [34mprisma:query[39m DEALLOCATE ALL
[LOG] [2026-06-17T11:06:47.032Z] [34mprisma:query[39m SELECT "public"."reviews"."id", "public"."reviews"."status", "public"."reviews"."stage", "public"."reviews"."uxScore" FROM "public"."reviews" WHERE ("public"."reviews"."id" = $1 AND 1=1) LIMIT $2 OFFSET $3
[LOG] [2026-06-17T11:06:47.072Z] [34mprisma:query[39m COMMIT
[LOG] [2026-06-17T11:06:47.114Z] [34mprisma:query[39m BEGIN
[LOG] [2026-06-17T11:06:47.156Z] [34mprisma:query[39m DEALLOCATE ALL
[LOG] [2026-06-17T11:06:47.237Z] [34mprisma:query[39m SELECT COUNT(*) FROM (SELECT "public"."findings"."id" FROM "public"."findings" WHERE "public"."findings"."reviewId" = $1 OFFSET $2) AS "sub"
[LOG] [2026-06-17T11:06:47.277Z] [34mprisma:query[39m COMMIT
[HTTP] [2026-06-17T11:06:47.278Z] [0mGET /api/reviews/cmqhyqpi80003mofobds2k9wn/progress [36m304[0m 409.455 ms - -[0m
[LOG] [2026-06-17T11:06:49.006Z] [34mprisma:query[39m BEGIN
[LOG] [2026-06-17T11:06:49.047Z] [34mprisma:query[39m DEALLOCATE ALL
[LOG] [2026-06-17T11:06:49.241Z] [34mprisma:query[39m SELECT "public"."reviews"."id", "public"."reviews"."status", "public"."reviews"."stage", "public"."reviews"."uxScore" FROM "public"."reviews" WHERE ("public"."reviews"."id" = $1 AND 1=1) LIMIT $2 OFFSET $3
[LOG] [2026-06-17T11:06:49.281Z] [34mprisma:query[39m COMMIT
[LOG] [2026-06-17T11:06:49.432Z] [34mprisma:query[39m BEGIN
[LOG] [2026-06-17T11:06:49.473Z] [34mprisma:query[39m DEALLOCATE ALL
[LOG] [2026-06-17T11:06:49.665Z] [34mprisma:query[39m SELECT COUNT(*) FROM (SELECT "public"."findings"."id" FROM "public"."findings" WHERE "public"."findings"."reviewId" = $1 OFFSET $2) AS "sub"
[LOG] [2026-06-17T11:06:49.705Z] [34mprisma:query[39m COMMIT
[HTTP] [2026-06-17T11:06:49.706Z] [0mGET /api/reviews/cmqhyqpi80003mofobds2k9wn/progress [36m304[0m 835.313 ms - -[0m
[LOG] [2026-06-17T11:06:50.909Z] [34mprisma:query[39m BEGIN
[LOG] [2026-06-17T11:06:51.053Z] [34mprisma:query[39m DEALLOCATE ALL
[LOG] [2026-06-17T11:06:51.135Z] [34mprisma:query[39m SELECT "public"."reviews"."id", "public"."reviews"."status", "public"."reviews"."stage", "public"."reviews"."uxScore" FROM "public"."reviews" WHERE ("public"."reviews"."id" = $1 AND 1=1) LIMIT $2 OFFSET $3
[LOG] [2026-06-17T11:06:51.283Z] [34mprisma:query[39m COMMIT
[LOG] [2026-06-17T11:06:51.323Z] [34mprisma:query[39m BEGIN
[LOG] [2026-06-17T11:06:51.363Z] [34mprisma:query[39m DEALLOCATE ALL
[LOG] [2026-06-17T11:06:51.553Z] [34mprisma:query[39m SELECT COUNT(*) FROM (SELECT "public"."findings"."id" FROM "public"."findings" WHERE "public"."findings"."reviewId" = $1 OFFSET $2) AS "sub"
[LOG] [2026-06-17T11:06:51.593Z] [34mprisma:query[39m COMMIT
[HTTP] [2026-06-17T11:06:51.594Z] [0mGET /api/reviews/cmqhyqpi80003mofobds2k9wn/progress [36m304[0m 725.213 ms - -[0m
[LOG] [2026-06-17T11:06:52.939Z] [34mprisma:query[39m BEGIN
[LOG] [2026-06-17T11:06:52.980Z] [34mprisma:query[39m DEALLOCATE ALL
[LOG] [2026-06-17T11:06:53.173Z] [34mprisma:query[39m SELECT "public"."reviews"."id", "public"."reviews"."status", "public"."reviews"."stage", "public"."reviews"."uxScore" FROM "public"."reviews" WHERE ("public"."reviews"."id" = $1 AND 1=1) LIMIT $2 OFFSET $3
[LOG] [2026-06-17T11:06:53.213Z] [34mprisma:query[39m COMMIT
[LOG] [2026-06-17T11:06:53.363Z] [34mprisma:query[39m BEGIN
[LOG] [2026-06-17T11:06:53.403Z] [34mprisma:query[39m DEALLOCATE ALL
[LOG] [2026-06-17T11:06:53.595Z] [34mprisma:query[39m SELECT COUNT(*) FROM (SELECT "public"."findings"."id" FROM "public"."findings" WHERE "public"."findings"."reviewId" = $1 OFFSET $2) AS "sub"
[LOG] [2026-06-17T11:06:53.635Z] [34mprisma:query[39m COMMIT
[HTTP] [2026-06-17T11:06:53.636Z] [0mGET /api/reviews/cmqhyqpi80003mofobds2k9wn/progress [36m304[0m 767.397 ms - -[0m
[LOG] [2026-06-17T11:06:55.257Z] [34mprisma:query[39m SELECT 1
[LOG] [2026-06-17T11:06:55.297Z] [34mprisma:query[39m BEGIN
[LOG] [2026-06-17T11:06:55.449Z] [34mprisma:query[39m DEALLOCATE ALL
[LOG] [2026-06-17T11:06:55.529Z] [34mprisma:query[39m SELECT "public"."reviews"."id", "public"."reviews"."status", "public"."reviews"."stage", "public"."reviews"."uxScore" FROM "public"."reviews" WHERE ("public"."reviews"."id" = $1 AND 1=1) LIMIT $2 OFFSET $3
[LOG] [2026-06-17T11:06:55.682Z] [34mprisma:query[39m COMMIT
[LOG] [2026-06-17T11:06:55.723Z] [34mprisma:query[39m BEGIN
[LOG] [2026-06-17T11:06:55.763Z] [34mprisma:query[39m DEALLOCATE ALL
[LOG] [2026-06-17T11:06:55.956Z] [34mprisma:query[39m SELECT COUNT(*) FROM (SELECT "public"."findings"."id" FROM "public"."findings" WHERE "public"."findings"."reviewId" = $1 OFFSET $2) AS "sub"
[LOG] [2026-06-17T11:06:55.996Z] [34mprisma:query[39m COMMIT
[HTTP] [2026-06-17T11:06:55.997Z] [0mGET /api/reviews/cmqhyqpi80003mofobds2k9wn/progress [36m304[0m 889.533 ms - -[0m
[LOG] [2026-06-17T11:06:57.158Z] [34mprisma:query[39m BEGIN
[LOG] [2026-06-17T11:06:57.198Z] [34mprisma:query[39m DEALLOCATE ALL
[LOG] [2026-06-17T11:06:57.279Z] [34mprisma:query[39m SELECT "public"."reviews"."id", "public"."reviews"."status", "public"."reviews"."stage", "public"."reviews"."uxScore" FROM "public"."reviews" WHERE ("public"."reviews"."id" = $1 AND 1=1) LIMIT $2 OFFSET $3
[LOG] [2026-06-17T11:06:57.324Z] [34mprisma:query[39m COMMIT
[LOG] [2026-06-17T11:06:57.364Z] [34mprisma:query[39m BEGIN
[LOG] [2026-06-17T11:06:57.404Z] [34mprisma:query[39m DEALLOCATE ALL
[LOG] [2026-06-17T11:06:57.486Z] [34mprisma:query[39m SELECT COUNT(*) FROM (SELECT "public"."findings"."id" FROM "public"."findings" WHERE "public"."findings"."reviewId" = $1 OFFSET $2) AS "sub"
[LOG] [2026-06-17T11:06:57.527Z] [34mprisma:query[39m COMMIT
[HTTP] [2026-06-17T11:06:57.528Z] [0mGET /api/reviews/cmqhyqpi80003mofobds2k9wn/progress [36m304[0m 410.301 ms - -[0m
[LOG] [2026-06-17T11:06:59.144Z] [34mprisma:query[39m BEGIN
[LOG] [2026-06-17T11:06:59.184Z] [34mprisma:query[39m DEALLOCATE ALL
[LOG] [2026-06-17T11:06:59.266Z] [34mprisma:query[39m SELECT "public"."reviews"."id", "public"."reviews"."status", "public"."reviews"."stage", "public"."reviews"."uxScore" FROM "public"."reviews" WHERE ("public"."reviews"."id" = $1 AND 1=1) LIMIT $2 OFFSET $3
[LOG] [2026-06-17T11:06:59.306Z] [34mprisma:query[39m COMMIT
[LOG] [2026-06-17T11:06:59.347Z] [34mprisma:query[39m BEGIN
[LOG] [2026-06-17T11:06:59.387Z] [34mprisma:query[39m DEALLOCATE ALL
[LOG] [2026-06-17T11:06:59.466Z] [34mprisma:query[39m SELECT COUNT(*) FROM (SELECT "public"."findings"."id" FROM "public"."findings" WHERE "public"."findings"."reviewId" = $1 OFFSET $2) AS "sub"
[LOG] [2026-06-17T11:06:59.507Z] [34mprisma:query[39m COMMIT
[HTTP] [2026-06-17T11:06:59.508Z] [0mGET /api/reviews/cmqhyqpi80003mofobds2k9wn/progress [36m304[0m 404.417 ms - -[0m
[LOG] [2026-06-17T11:07:00.911Z] [34mprisma:query[39m BEGIN
[LOG] [2026-06-17T11:07:00.951Z] [34mprisma:query[39m DEALLOCATE ALL
[LOG] [2026-06-17T11:07:01.115Z] [34mprisma:query[39m SELECT "public"."reviews"."id", "public"."reviews"."status", "public"."reviews"."stage", "public"."reviews"."uxScore" FROM "public"."reviews" WHERE ("public"."reviews"."id" = $1 AND 1=1) LIMIT $2 OFFSET $3
[LOG] [2026-06-17T11:07:01.156Z] [34mprisma:query[39m COMMIT
[LOG] [2026-06-17T11:07:01.197Z] [34mprisma:query[39m BEGIN
[LOG] [2026-06-17T11:07:01.347Z] [34mprisma:query[39m DEALLOCATE ALL
[LOG] [2026-06-17T11:07:01.428Z] [34mprisma:query[39m SELECT COUNT(*) FROM (SELECT "public"."findings"."id" FROM "public"."findings" WHERE "public"."findings"."reviewId" = $1 OFFSET $2) AS "sub"
[LOG] [2026-06-17T11:07:01.581Z] [34mprisma:query[39m COMMIT
[HTTP] [2026-06-17T11:07:01.582Z] [0mGET /api/reviews/cmqhyqpi80003mofobds2k9wn/progress [36m304[0m 711.310 ms - -[0m
[LOG] [2026-06-17T11:07:03.012Z] [34mprisma:query[39m BEGIN
[LOG] [2026-06-17T11:07:03.052Z] [34mprisma:query[39m DEALLOCATE ALL
[LOG] [2026-06-17T11:07:03.246Z] [34mprisma:query[39m SELECT "public"."reviews"."id", "public"."reviews"."status", "public"."reviews"."stage", "public"."reviews"."uxScore" FROM "public"."reviews" WHERE ("public"."reviews"."id" = $1 AND 1=1) LIMIT $2 OFFSET $3
[LOG] [2026-06-17T11:07:03.287Z] [34mprisma:query[39m COMMIT
[LOG] [2026-06-17T11:07:03.438Z] [34mprisma:query[39m BEGIN
[LOG] [2026-06-17T11:07:03.478Z] [34mprisma:query[39m DEALLOCATE ALL
[LOG] [2026-06-17T11:07:03.671Z] [34mprisma:query[39m SELECT COUNT(*) FROM (SELECT "public"."findings"."id" FROM "public"."findings" WHERE "public"."findings"."reviewId" = $1 OFFSET $2) AS "sub"
[LOG] [2026-06-17T11:07:03.711Z] [34mprisma:query[39m COMMIT
[HTTP] [2026-06-17T11:07:03.712Z] [0mGET /api/reviews/cmqhyqpi80003mofobds2k9wn/progress [36m304[0m 842.374 ms - -[0m
[LOG] [2026-06-17T11:07:04.910Z] [34mprisma:query[39m BEGIN
[LOG] [2026-06-17T11:07:05.053Z] [34mprisma:query[39m DEALLOCATE ALL
[LOG] [2026-06-17T11:07:05.133Z] [34mprisma:query[39m SELECT "public"."reviews"."id", "public"."reviews"."status", "public"."reviews"."stage", "public"."reviews"."uxScore" FROM "public"."reviews" WHERE ("public"."reviews"."id" = $1 AND 1=1) LIMIT $2 OFFSET $3
[LOG] [2026-06-17T11:07:05.284Z] [34mprisma:query[39m COMMIT
[LOG] [2026-06-17T11:07:05.326Z] [34mprisma:query[39m BEGIN
[LOG] [2026-06-17T11:07:05.366Z] [34mprisma:query[39m DEALLOCATE ALL
[LOG] [2026-06-17T11:07:05.556Z] [34mprisma:query[39m SELECT COUNT(*) FROM (SELECT "public"."findings"."id" FROM "public"."findings" WHERE "public"."findings"."reviewId" = $1 OFFSET $2) AS "sub"
[LOG] [2026-06-17T11:07:05.596Z] [34mprisma:query[39m COMMIT
[HTTP] [2026-06-17T11:07:05.597Z] [0mGET /api/reviews/cmqhyqpi80003mofobds2k9wn/progress [36m304[0m 727.763 ms - -[0m
[LOG] [2026-06-17T11:07:06.943Z] [34mprisma:query[39m BEGIN
[LOG] [2026-06-17T11:07:06.985Z] [34mprisma:query[39m DEALLOCATE ALL
[LOG] [2026-06-17T11:07:07.177Z] [34mprisma:query[39m SELECT "public"."reviews"."id", "public"."reviews"."status", "public"."reviews"."stage", "public"."reviews"."uxScore" FROM "public"."reviews" WHERE ("public"."reviews"."id" = $1 AND 1=1) LIMIT $2 OFFSET $3
[LOG] [2026-06-17T11:07:07.217Z] [34mprisma:query[39m COMMIT
[LOG] [2026-06-17T11:07:07.367Z] [34mprisma:query[39m BEGIN
[LOG] [2026-06-17T11:07:07.407Z] [34mprisma:query[39m DEALLOCATE ALL
[LOG] [2026-06-17T11:07:07.599Z] [34mprisma:query[39m SELECT COUNT(*) FROM (SELECT "public"."findings"."id" FROM "public"."findings" WHERE "public"."findings"."reviewId" = $1 OFFSET $2) AS "sub"
[LOG] [2026-06-17T11:07:07.640Z] [34mprisma:query[39m COMMIT
[HTTP] [2026-06-17T11:07:07.640Z] [0mGET /api/reviews/cmqhyqpi80003mofobds2k9wn/progress [36m304[0m 769.827 ms - -[0m
[LOG] [2026-06-17T11:07:08.991Z] [34mprisma:query[39m BEGIN
[LOG] [2026-06-17T11:07:09.036Z] [34mprisma:query[39m DEALLOCATE ALL
[LOG] [2026-06-17T11:07:09.224Z] [34mprisma:query[39m SELECT "public"."reviews"."id", "public"."reviews"."status", "public"."reviews"."stage", "public"."reviews"."uxScore" FROM "public"."reviews" WHERE ("public"."reviews"."id" = $1 AND 1=1) LIMIT $2 OFFSET $3
[LOG] [2026-06-17T11:07:09.267Z] [34mprisma:query[39m COMMIT
[LOG] [2026-06-17T11:07:09.335Z] [34mprisma:query[39m BEGIN
[LOG] [2026-06-17T11:07:09.455Z] [34mprisma:query[39m DEALLOCATE ALL
[LOG] [2026-06-17T11:07:09.538Z] [34mprisma:query[39m SELECT COUNT(*) FROM (SELECT "public"."findings"."id" FROM "public"."findings" WHERE "public"."findings"."reviewId" = $1 OFFSET $2) AS "sub"
[LOG] [2026-06-17T11:07:09.578Z] [34mprisma:query[39m COMMIT
[HTTP] [2026-06-17T11:07:09.579Z] [0mGET /api/reviews/cmqhyqpi80003mofobds2k9wn/progress [36m304[0m 709.493 ms - -[0m
[LOG] [2026-06-17T11:07:10.910Z] [34mprisma:query[39m SELECT 1
[LOG] [2026-06-17T11:07:10.950Z] [34mprisma:query[39m BEGIN
[LOG] [2026-06-17T11:07:10.990Z] [34mprisma:query[39m DEALLOCATE ALL
[LOG] [2026-06-17T11:07:11.071Z] [34mprisma:query[39m SELECT "public"."reviews"."id", "public"."reviews"."status", "public"."reviews"."stage", "public"."reviews"."uxScore" FROM "public"."reviews" WHERE ("public"."reviews"."id" = $1 AND 1=1) LIMIT $2 OFFSET $3
[LOG] [2026-06-17T11:07:11.111Z] [34mprisma:query[39m COMMIT
[LOG] [2026-06-17T11:07:11.152Z] [34mprisma:query[39m BEGIN
[LOG] [2026-06-17T11:07:11.192Z] [34mprisma:query[39m DEALLOCATE ALL
[LOG] [2026-06-17T11:07:11.273Z] [34mprisma:query[39m SELECT COUNT(*) FROM (SELECT "public"."findings"."id" FROM "public"."findings" WHERE "public"."findings"."reviewId" = $1 OFFSET $2) AS "sub"
[LOG] [2026-06-17T11:07:11.313Z] [34mprisma:query[39m COMMIT
[HTTP] [2026-06-17T11:07:11.313Z] [0mGET /api/reviews/cmqhyqpi80003mofobds2k9wn/progress [36m304[0m 444.198 ms - -[0m
[LOG] [2026-06-17T11:07:12.911Z] [34mprisma:query[39m BEGIN
[LOG] [2026-06-17T11:07:12.951Z] [34mprisma:query[39m DEALLOCATE ALL
[LOG] [2026-06-17T11:07:13.032Z] [34mprisma:query[39m SELECT "public"."reviews"."id", "public"."reviews"."status", "public"."reviews"."stage", "public"."reviews"."uxScore" FROM "public"."reviews" WHERE ("public"."reviews"."id" = $1 AND 1=1) LIMIT $2 OFFSET $3
[LOG] [2026-06-17T11:07:13.073Z] [34mprisma:query[39m COMMIT
[LOG] [2026-06-17T11:07:13.114Z] [34mprisma:query[39m BEGIN
[LOG] [2026-06-17T11:07:13.154Z] [34mprisma:query[39m DEALLOCATE ALL
[LOG] [2026-06-17T11:07:13.236Z] [34mprisma:query[39m SELECT COUNT(*) FROM (SELECT "public"."findings"."id" FROM "public"."findings" WHERE "public"."findings"."reviewId" = $1 OFFSET $2) AS "sub"
[LOG] [2026-06-17T11:07:13.276Z] [34mprisma:query[39m COMMIT
[HTTP] [2026-06-17T11:07:13.277Z] [0mGET /api/reviews/cmqhyqpi80003mofobds2k9wn/progress [36m304[0m 406.357 ms - -[0m
[LOG] [2026-06-17T11:07:14.993Z] [34mprisma:query[39m BEGIN
[LOG] [2026-06-17T11:07:15.035Z] [34mprisma:query[39m DEALLOCATE ALL
[LOG] [2026-06-17T11:07:15.226Z] [34mprisma:query[39m SELECT "public"."reviews"."id", "public"."reviews"."status", "public"."reviews"."stage", "public"."reviews"."uxScore" FROM "public"."reviews" WHERE ("public"."reviews"."id" = $1 AND 1=1) LIMIT $2 OFFSET $3
[LOG] [2026-06-17T11:07:15.266Z] [34mprisma:query[39m COMMIT
[LOG] [2026-06-17T11:07:15.307Z] [34mprisma:query[39m BEGIN
[LOG] [2026-06-17T11:07:15.459Z] [34mprisma:query[39m DEALLOCATE ALL
[LOG] [2026-06-17T11:07:15.540Z] [34mprisma:query[39m SELECT COUNT(*) FROM (SELECT "public"."findings"."id" FROM "public"."findings" WHERE "public"."findings"."reviewId" = $1 OFFSET $2) AS "sub"
[LOG] [2026-06-17T11:07:15.691Z] [34mprisma:query[39m COMMIT
[HTTP] [2026-06-17T11:07:15.692Z] [0mGET /api/reviews/cmqhyqpi80003mofobds2k9wn/progress [36m304[0m 822.630 ms - -[0m
[LOG] [2026-06-17T11:07:16.910Z] [34mprisma:query[39m BEGIN
[LOG] [2026-06-17T11:07:16.950Z] [34mprisma:query[39m DEALLOCATE ALL
[LOG] [2026-06-17T11:07:17.125Z] [34mprisma:query[39m SELECT "public"."reviews"."id", "public"."reviews"."status", "public"."reviews"."stage", "public"."reviews"."uxScore" FROM "public"."reviews" WHERE ("public"."reviews"."id" = $1 AND 1=1) LIMIT $2 OFFSET $3
[LOG] [2026-06-17T11:07:17.166Z] [34mprisma:query[39m COMMIT
[LOG] [2026-06-17T11:07:17.317Z] [34mprisma:query[39m BEGIN
[LOG] [2026-06-17T11:07:17.357Z] [34mprisma:query[39m DEALLOCATE ALL
[LOG] [2026-06-17T11:07:17.547Z] [34mprisma:query[39m SELECT COUNT(*) FROM (SELECT "public"."findings"."id" FROM "public"."findings" WHERE "public"."findings"."reviewId" = $1 OFFSET $2) AS "sub"
[LOG] [2026-06-17T11:07:17.589Z] [34mprisma:query[39m COMMIT
[HTTP] [2026-06-17T11:07:17.589Z] [0mGET /api/reviews/cmqhyqpi80003mofobds2k9wn/progress [36m304[0m 720.327 ms - -[0m
[LOG] [2026-06-17T11:07:18.968Z] [34mprisma:query[39m BEGIN
[LOG] [2026-06-17T11:07:19.008Z] [34mprisma:query[39m DEALLOCATE ALL
[LOG] [2026-06-17T11:07:19.202Z] [34mprisma:query[39m SELECT "public"."reviews"."id", "public"."reviews"."status", "public"."reviews"."stage", "public"."reviews"."uxScore" FROM "public"."reviews" WHERE ("public"."reviews"."id" = $1 AND 1=1) LIMIT $2 OFFSET $3
[LOG] [2026-06-17T11:07:19.242Z] [34mprisma:query[39m COMMIT
[LOG] [2026-06-17T11:07:19.392Z] [34mprisma:query[39m BEGIN
[LOG] [2026-06-17T11:07:19.434Z] [34mprisma:query[39m DEALLOCATE ALL
[LOG] [2026-06-17T11:07:19.624Z] [34mprisma:query[39m SELECT COUNT(*) FROM (SELECT "public"."findings"."id" FROM "public"."findings" WHERE "public"."findings"."reviewId" = $1 OFFSET $2) AS "sub"
[LOG] [2026-06-17T11:07:19.664Z] [34mprisma:query[39m COMMIT
[HTTP] [2026-06-17T11:07:19.665Z] [0mGET /api/reviews/cmqhyqpi80003mofobds2k9wn/progress [36m304[0m 797.012 ms - -[0m
[LOG] [2026-06-17T11:07:21.013Z] [34mprisma:query[39m BEGIN
[LOG] [2026-06-17T11:07:21.054Z] [34mprisma:query[39m DEALLOCATE ALL
[LOG] [2026-06-17T11:07:21.245Z] [34mprisma:query[39m SELECT "public"."reviews"."id", "public"."reviews"."status", "public"."reviews"."stage", "public"."reviews"."uxScore" FROM "public"."reviews" WHERE ("public"."reviews"."id" = $1 AND 1=1) LIMIT $2 OFFSET $3
[LOG] [2026-06-17T11:07:21.286Z] [34mprisma:query[39m COMMIT
[LOG] [2026-06-17T11:07:21.327Z] [34mprisma:query[39m BEGIN
[LOG] [2026-06-17T11:07:21.478Z] [34mprisma:query[39m DEALLOCATE ALL
[LOG] [2026-06-17T11:07:21.560Z] [34mprisma:query[39m SELECT COUNT(*) FROM (SELECT "public"."findings"."id" FROM "public"."findings" WHERE "public"."findings"."reviewId" = $1 OFFSET $2) AS "sub"
[LOG] [2026-06-17T11:07:21.709Z] [34mprisma:query[39m COMMIT
[HTTP] [2026-06-17T11:07:21.710Z] [0mGET /api/reviews/cmqhyqpi80003mofobds2k9wn/progress [36m304[0m 841.115 ms - -[0m
[LOG] [2026-06-17T11:07:22.909Z] [34mprisma:query[39m BEGIN
[LOG] [2026-06-17T11:07:22.950Z] [34mprisma:query[39m DEALLOCATE ALL
[LOG] [2026-06-17T11:07:23.030Z] [34mprisma:query[39m SELECT "public"."reviews"."id", "public"."reviews"."status", "public"."reviews"."stage", "public"."reviews"."uxScore" FROM "public"."reviews" WHERE ("public"."reviews"."id" = $1 AND 1=1) LIMIT $2 OFFSET $3
[LOG] [2026-06-17T11:07:23.070Z] [34mprisma:query[39m COMMIT
[LOG] [2026-06-17T11:07:23.111Z] [34mprisma:query[39m BEGIN
[LOG] [2026-06-17T11:07:23.152Z] [34mprisma:query[39m DEALLOCATE ALL
[LOG] [2026-06-17T11:07:23.233Z] [34mprisma:query[39m SELECT COUNT(*) FROM (SELECT "public"."findings"."id" FROM "public"."findings" WHERE "public"."findings"."reviewId" = $1 OFFSET $2) AS "sub"
[LOG] [2026-06-17T11:07:23.273Z] [34mprisma:query[39m COMMIT
[HTTP] [2026-06-17T11:07:23.274Z] [0mGET /api/reviews/cmqhyqpi80003mofobds2k9wn/progress [36m304[0m 405.190 ms - -[0m
[LOG] [2026-06-17T11:07:24.912Z] [34mprisma:query[39m BEGIN
[LOG] [2026-06-17T11:07:24.958Z] [34mprisma:query[39m DEALLOCATE ALL
[LOG] [2026-06-17T11:07:25.044Z] [34mprisma:query[39m SELECT "public"."reviews"."id", "public"."reviews"."status", "public"."reviews"."stage", "public"."reviews"."uxScore" FROM "public"."reviews" WHERE ("public"."reviews"."id" = $1 AND 1=1) LIMIT $2 OFFSET $3
[LOG] [2026-06-17T11:07:25.086Z] [34mprisma:query[39m COMMIT
[LOG] [2026-06-17T11:07:25.128Z] [34mprisma:query[39m BEGIN
[LOG] [2026-06-17T11:07:25.169Z] [34mprisma:query[39m DEALLOCATE ALL
[LOG] [2026-06-17T11:07:25.251Z] [34mprisma:query[39m SELECT COUNT(*) FROM (SELECT "public"."findings"."id" FROM "public"."findings" WHERE "public"."findings"."reviewId" = $1 OFFSET $2) AS "sub"
[LOG] [2026-06-17T11:07:25.291Z] [34mprisma:query[39m COMMIT
[HTTP] [2026-06-17T11:07:25.292Z] [0mGET /api/reviews/cmqhyqpi80003mofobds2k9wn/progress [36m304[0m 421.268 ms - -[0m
[LOG] [2026-06-17T11:07:26.911Z] [34mprisma:query[39m SELECT 1
[LOG] [2026-06-17T11:07:26.952Z] [34mprisma:query[39m BEGIN
[LOG] [2026-06-17T11:07:26.992Z] [34mprisma:query[39m DEALLOCATE ALL
[LOG] [2026-06-17T11:07:27.072Z] [34mprisma:query[39m SELECT "public"."reviews"."id", "public"."reviews"."status", "public"."reviews"."stage", "public"."reviews"."uxScore" FROM "public"."reviews" WHERE ("public"."reviews"."id" = $1 AND 1=1) LIMIT $2 OFFSET $3
[LOG] [2026-06-17T11:07:27.112Z] [34mprisma:query[39m COMMIT
[LOG] [2026-06-17T11:07:27.153Z] [34mprisma:query[39m BEGIN
[LOG] [2026-06-17T11:07:27.193Z] [34mprisma:query[39m DEALLOCATE ALL
[LOG] [2026-06-17T11:07:27.273Z] [34mprisma:query[39m SELECT COUNT(*) FROM (SELECT "public"."findings"."id" FROM "public"."findings" WHERE "public"."findings"."reviewId" = $1 OFFSET $2) AS "sub"
[LOG] [2026-06-17T11:07:27.314Z] [34mprisma:query[39m COMMIT
[HTTP] [2026-06-17T11:07:27.314Z] [0mGET /api/reviews/cmqhyqpi80003mofobds2k9wn/progress [36m304[0m 445.637 ms - -[0m
[LOG] [2026-06-17T11:07:28.909Z] [34mprisma:query[39m BEGIN
[LOG] [2026-06-17T11:07:29.061Z] [34mprisma:query[39m DEALLOCATE ALL
[LOG] [2026-06-17T11:07:29.143Z] [34mprisma:query[39m SELECT "public"."reviews"."id", "public"."reviews"."status", "public"."reviews"."stage", "public"."reviews"."uxScore" FROM "public"."reviews" WHERE ("public"."reviews"."id" = $1 AND 1=1) LIMIT $2 OFFSET $3
[LOG] [2026-06-17T11:07:29.294Z] [34mprisma:query[39m COMMIT
[LOG] [2026-06-17T11:07:29.335Z] [34mprisma:query[39m BEGIN
[LOG] [2026-06-17T11:07:29.375Z] [34mprisma:query[39m DEALLOCATE ALL
[LOG] [2026-06-17T11:07:29.567Z] [34mprisma:query[39m SELECT COUNT(*) FROM (SELECT "public"."findings"."id" FROM "public"."findings" WHERE "public"."findings"."reviewId" = $1 OFFSET $2) AS "sub"
[LOG] [2026-06-17T11:07:29.607Z] [34mprisma:query[39m COMMIT
[HTTP] [2026-06-17T11:07:29.608Z] [0mGET /api/reviews/cmqhyqpi80003mofobds2k9wn/progress [36m304[0m 739.471 ms - -[0m
[LOG] [2026-06-17T11:07:30.956Z] [34mprisma:query[39m BEGIN
[LOG] [2026-06-17T11:07:30.996Z] [34mprisma:query[39m DEALLOCATE ALL
[LOG] [2026-06-17T11:07:31.187Z] [34mprisma:query[39m SELECT "public"."reviews"."id", "public"."reviews"."status", "public"."reviews"."stage", "public"."reviews"."uxScore" FROM "public"."reviews" WHERE ("public"."reviews"."id" = $1 AND 1=1) LIMIT $2 OFFSET $3
[LOG] [2026-06-17T11:07:31.227Z] [34mprisma:query[39m COMMIT
[LOG] [2026-06-17T11:07:31.376Z] [34mprisma:query[39m BEGIN
[LOG] [2026-06-17T11:07:31.416Z] [34mprisma:query[39m DEALLOCATE ALL
[LOG] [2026-06-17T11:07:31.606Z] [34mprisma:query[39m SELECT COUNT(*) FROM (SELECT "public"."findings"."id" FROM "public"."findings" WHERE "public"."findings"."reviewId" = $1 OFFSET $2) AS "sub"
[LOG] [2026-06-17T11:07:31.646Z] [34mprisma:query[39m COMMIT
[HTTP] [2026-06-17T11:07:31.647Z] [0mGET /api/reviews/cmqhyqpi80003mofobds2k9wn/progress [36m304[0m 777.184 ms - -[0m
[LOG] [2026-06-17T11:07:32.994Z] [34mprisma:query[39m BEGIN
[LOG] [2026-06-17T11:07:33.034Z] [34mprisma:query[39m DEALLOCATE ALL
[LOG] [2026-06-17T11:07:33.225Z] [34mprisma:query[39m SELECT "public"."reviews"."id", "public"."reviews"."status", "public"."reviews"."stage", "public"."reviews"."uxScore" FROM "public"."reviews" WHERE ("public"."reviews"."id" = $1 AND 1=1) LIMIT $2 OFFSET $3
[LOG] [2026-06-17T11:07:33.266Z] [34mprisma:query[39m COMMIT
[LOG] [2026-06-17T11:07:33.307Z] [34mprisma:query[39m BEGIN
[LOG] [2026-06-17T11:07:33.457Z] [34mprisma:query[39m DEALLOCATE ALL
[LOG] [2026-06-17T11:07:33.538Z] [34mprisma:query[39m SELECT COUNT(*) FROM (SELECT "public"."findings"."id" FROM "public"."findings" WHERE "public"."findings"."reviewId" = $1 OFFSET $2) AS "sub"
[LOG] [2026-06-17T11:07:33.689Z] [34mprisma:query[39m COMMIT
[HTTP] [2026-06-17T11:07:33.690Z] [0mGET /api/reviews/cmqhyqpi80003mofobds2k9wn/progress [36m304[0m 820.879 ms - -[0m
[LOG] [2026-06-17T11:07:34.909Z] [34mprisma:query[39m BEGIN
[LOG] [2026-06-17T11:07:34.950Z] [34mprisma:query[39m DEALLOCATE ALL
[LOG] [2026-06-17T11:07:35.120Z] [34mprisma:query[39m SELECT "public"."reviews"."id", "public"."reviews"."status", "public"."reviews"."stage", "public"."reviews"."uxScore" FROM "public"."reviews" WHERE ("public"."reviews"."id" = $1 AND 1=1) LIMIT $2 OFFSET $3
[LOG] [2026-06-17T11:07:35.160Z] [34mprisma:query[39m COMMIT
[LOG] [2026-06-17T11:07:35.313Z] [34mprisma:query[39m BEGIN
[LOG] [2026-06-17T11:07:35.353Z] [34mprisma:query[39m DEALLOCATE ALL
[LOG] [2026-06-17T11:07:35.543Z] [34mprisma:query[39m SELECT COUNT(*) FROM (SELECT "public"."findings"."id" FROM "public"."findings" WHERE "public"."findings"."reviewId" = $1 OFFSET $2) AS "sub"
[LOG] [2026-06-17T11:07:35.584Z] [34mprisma:query[39m COMMIT
[HTTP] [2026-06-17T11:07:35.585Z] [0mGET /api/reviews/cmqhyqpi80003mofobds2k9wn/progress [36m304[0m 716.008 ms - -[0m
[LOG] [2026-06-17T11:07:36.908Z] [34mprisma:query[39m BEGIN
[LOG] [2026-06-17T11:07:36.949Z] [34mprisma:query[39m DEALLOCATE ALL
[LOG] [2026-06-17T11:07:37.030Z] [34mprisma:query[39m SELECT "public"."reviews"."id", "public"."reviews"."status", "public"."reviews"."stage", "public"."reviews"."uxScore" FROM "public"."reviews" WHERE ("public"."reviews"."id" = $1 AND 1=1) LIMIT $2 OFFSET $3
[LOG] [2026-06-17T11:07:37.070Z] [34mprisma:query[39m COMMIT
[LOG] [2026-06-17T11:07:37.112Z] [34mprisma:query[39m BEGIN
[LOG] [2026-06-17T11:07:37.152Z] [34mprisma:query[39m DEALLOCATE ALL
[LOG] [2026-06-17T11:07:37.232Z] [34mprisma:query[39m SELECT COUNT(*) FROM (SELECT "public"."findings"."id" FROM "public"."findings" WHERE "public"."findings"."reviewId" = $1 OFFSET $2) AS "sub"
[LOG] [2026-06-17T11:07:37.272Z] [34mprisma:query[39m COMMIT
[HTTP] [2026-06-17T11:07:37.272Z] [0mGET /api/reviews/cmqhyqpi80003mofobds2k9wn/progress [36m304[0m 404.281 ms - -[0m
[LOG] [2026-06-17T11:07:38.909Z] [34mprisma:query[39m BEGIN
[LOG] [2026-06-17T11:07:38.950Z] [34mprisma:query[39m DEALLOCATE ALL
[LOG] [2026-06-17T11:07:39.031Z] [34mprisma:query[39m SELECT "public"."reviews"."id", "public"."reviews"."status", "public"."reviews"."stage", "public"."reviews"."uxScore" FROM "public"."reviews" WHERE ("public"."reviews"."id" = $1 AND 1=1) LIMIT $2 OFFSET $3
[LOG] [2026-06-17T11:07:39.072Z] [34mprisma:query[39m COMMIT
[LOG] [2026-06-17T11:07:39.113Z] [34mprisma:query[39m BEGIN
[LOG] [2026-06-17T11:07:39.153Z] [34mprisma:query[39m DEALLOCATE ALL
[LOG] [2026-06-17T11:07:39.235Z] [34mprisma:query[39m SELECT COUNT(*) FROM (SELECT "public"."findings"."id" FROM "public"."findings" WHERE "public"."findings"."reviewId" = $1 OFFSET $2) AS "sub"
[LOG] [2026-06-17T11:07:39.276Z] [34mprisma:query[39m COMMIT
[HTTP] [2026-06-17T11:07:39.276Z] [0mGET /api/reviews/cmqhyqpi80003mofobds2k9wn/progress [36m304[0m 408.208 ms - -[0m
[LOG] [2026-06-17T11:07:41.145Z] [34mprisma:query[39m BEGIN
[LOG] [2026-06-17T11:07:41.293Z] [34mprisma:query[39m DEALLOCATE ALL
[LOG] [2026-06-17T11:07:41.373Z] [34mprisma:query[39m SELECT "public"."reviews"."id", "public"."reviews"."status", "public"."reviews"."stage", "public"."reviews"."uxScore" FROM "public"."reviews" WHERE ("public"."reviews"."id" = $1 AND 1=1) LIMIT $2 OFFSET $3
[LOG] [2026-06-17T11:07:41.524Z] [34mprisma:query[39m COMMIT
[LOG] [2026-06-17T11:07:41.565Z] [34mprisma:query[39m BEGIN
[LOG] [2026-06-17T11:07:41.605Z] [34mprisma:query[39m DEALLOCATE ALL
[LOG] [2026-06-17T11:07:41.797Z] [34mprisma:query[39m SELECT COUNT(*) FROM (SELECT "public"."findings"."id" FROM "public"."findings" WHERE "public"."findings"."reviewId" = $1 OFFSET $2) AS "sub"
[LOG] [2026-06-17T11:07:41.838Z] [34mprisma:query[39m COMMIT
[HTTP] [2026-06-17T11:07:41.838Z] [0mGET /api/reviews/cmqhyqpi80003mofobds2k9wn/progress [36m304[0m 733.978 ms - -[0m
[LOG] [2026-06-17T11:07:43.190Z] [34mprisma:query[39m SELECT 1
[LOG] [2026-06-17T11:07:43.231Z] [34mprisma:query[39m BEGIN
[LOG] [2026-06-17T11:07:43.383Z] [34mprisma:query[39m DEALLOCATE ALL
[LOG] [2026-06-17T11:07:43.466Z] [34mprisma:query[39m SELECT "public"."reviews"."id", "public"."reviews"."status", "public"."reviews"."stage", "public"."reviews"."uxScore" FROM "public"."reviews" WHERE ("public"."reviews"."id" = $1 AND 1=1) LIMIT $2 OFFSET $3
[LOG] [2026-06-17T11:07:43.615Z] [34mprisma:query[39m COMMIT
[LOG] [2026-06-17T11:07:43.656Z] [34mprisma:query[39m BEGIN
[LOG] [2026-06-17T11:07:43.697Z] [34mprisma:query[39m DEALLOCATE ALL
[LOG] [2026-06-17T11:07:43.888Z] [34mprisma:query[39m SELECT COUNT(*) FROM (SELECT "public"."findings"."id" FROM "public"."findings" WHERE "public"."findings"."reviewId" = $1 OFFSET $2) AS "sub"
[LOG] [2026-06-17T11:07:43.929Z] [34mprisma:query[39m COMMIT
[HTTP] [2026-06-17T11:07:43.930Z] [0mGET /api/reviews/cmqhyqpi80003mofobds2k9wn/progress [36m304[0m 824.533 ms - -[0m
[LOG] [2026-06-17T11:07:44.999Z] [34mprisma:query[39m BEGIN
[LOG] [2026-06-17T11:07:45.040Z] [34mprisma:query[39m DEALLOCATE ALL
[LOG] [2026-06-17T11:07:45.230Z] [34mprisma:query[39m SELECT "public"."reviews"."id", "public"."reviews"."status", "public"."reviews"."stage", "public"."reviews"."uxScore" FROM "public"."reviews" WHERE ("public"."reviews"."id" = $1 AND 1=1) LIMIT $2 OFFSET $3
[LOG] [2026-06-17T11:07:45.273Z] [34mprisma:query[39m COMMIT
[LOG] [2026-06-17T11:07:45.314Z] [34mprisma:query[39m BEGIN
[LOG] [2026-06-17T11:07:45.461Z] [34mprisma:query[39m DEALLOCATE ALL
[LOG] [2026-06-17T11:07:45.545Z] [34mprisma:query[39m SELECT COUNT(*) FROM (SELECT "public"."findings"."id" FROM "public"."findings" WHERE "public"."findings"."reviewId" = $1 OFFSET $2) AS "sub"
[LOG] [2026-06-17T11:07:45.692Z] [34mprisma:query[39m COMMIT
[HTTP] [2026-06-17T11:07:45.693Z] [0mGET /api/reviews/cmqhyqpi80003mofobds2k9wn/progress [36m304[0m 824.730 ms - -[0m
[LOG] [2026-06-17T11:07:46.909Z] [34mprisma:query[39m BEGIN
[LOG] [2026-06-17T11:07:46.949Z] [34mprisma:query[39m DEALLOCATE ALL
[LOG] [2026-06-17T11:07:47.121Z] [34mprisma:query[39m SELECT "public"."reviews"."id", "public"."reviews"."status", "public"."reviews"."stage", "public"."reviews"."uxScore" FROM "public"."reviews" WHERE ("public"."reviews"."id" = $1 AND 1=1) LIMIT $2 OFFSET $3
[LOG] [2026-06-17T11:07:47.161Z] [34mprisma:query[39m COMMIT
[LOG] [2026-06-17T11:07:47.312Z] [34mprisma:query[39m BEGIN
[LOG] [2026-06-17T11:07:47.352Z] [34mprisma:query[39m DEALLOCATE ALL
[LOG] [2026-06-17T11:07:47.544Z] [34mprisma:query[39m SELECT COUNT(*) FROM (SELECT "public"."findings"."id" FROM "public"."findings" WHERE "public"."findings"."reviewId" = $1 OFFSET $2) AS "sub"
[LOG] [2026-06-17T11:07:47.584Z] [34mprisma:query[39m COMMIT
[HTTP] [2026-06-17T11:07:47.585Z] [0mGET /api/reviews/cmqhyqpi80003mofobds2k9wn/progress [36m304[0m 717.124 ms - -[0m
[LOG] [2026-06-17T11:07:48.974Z] [34mprisma:query[39m BEGIN
[LOG] [2026-06-17T11:07:49.015Z] [34mprisma:query[39m DEALLOCATE ALL
[LOG] [2026-06-17T11:07:49.208Z] [34mprisma:query[39m SELECT "public"."reviews"."id", "public"."reviews"."status", "public"."reviews"."stage", "public"."reviews"."uxScore" FROM "public"."reviews" WHERE ("public"."reviews"."id" = $1 AND 1=1) LIMIT $2 OFFSET $3
[LOG] [2026-06-17T11:07:49.248Z] [34mprisma:query[39m COMMIT
[LOG] [2026-06-17T11:07:49.399Z] [34mprisma:query[39m BEGIN
[LOG] [2026-06-17T11:07:49.439Z] [34mprisma:query[39m DEALLOCATE ALL
[LOG] [2026-06-17T11:07:49.632Z] [34mprisma:query[39m SELECT COUNT(*) FROM (SELECT "public"."findings"."id" FROM "public"."findings" WHERE "public"."findings"."reviewId" = $1 OFFSET $2) AS "sub"
[LOG] [2026-06-17T11:07:49.672Z] [34mprisma:query[39m COMMIT
[HTTP] [2026-06-17T11:07:49.672Z] [0mGET /api/reviews/cmqhyqpi80003mofobds2k9wn/progress [36m304[0m 803.268 ms - -[0m
[LOG] [2026-06-17T11:07:50.908Z] [34mprisma:query[39m BEGIN
[LOG] [2026-06-17T11:07:50.948Z] [34mprisma:query[39m DEALLOCATE ALL
[LOG] [2026-06-17T11:07:51.028Z] [34mprisma:query[39m SELECT "public"."reviews"."id", "public"."reviews"."status", "public"."reviews"."stage", "public"."reviews"."uxScore" FROM "public"."reviews" WHERE ("public"."reviews"."id" = $1 AND 1=1) LIMIT $2 OFFSET $3
[LOG] [2026-06-17T11:07:51.069Z] [34mprisma:query[39m COMMIT
[LOG] [2026-06-17T11:07:51.110Z] [34mprisma:query[39m BEGIN
[LOG] [2026-06-17T11:07:51.150Z] [34mprisma:query[39m DEALLOCATE ALL
[LOG] [2026-06-17T11:07:51.231Z] [34mprisma:query[39m SELECT COUNT(*) FROM (SELECT "public"."findings"."id" FROM "public"."findings" WHERE "public"."findings"."reviewId" = $1 OFFSET $2) AS "sub"
[LOG] [2026-06-17T11:07:51.271Z] [34mprisma:query[39m COMMIT
[HTTP] [2026-06-17T11:07:51.272Z] [0mGET /api/reviews/cmqhyqpi80003mofobds2k9wn/progress [36m304[0m 404.355 ms - -[0m
[LOG] [2026-06-17T11:07:52.908Z] [34mprisma:query[39m BEGIN
[LOG] [2026-06-17T11:07:52.949Z] [34mprisma:query[39m DEALLOCATE ALL
[LOG] [2026-06-17T11:07:53.030Z] [34mprisma:query[39m SELECT "public"."reviews"."id", "public"."reviews"."status", "public"."reviews"."stage", "public"."reviews"."uxScore" FROM "public"."reviews" WHERE ("public"."reviews"."id" = $1 AND 1=1) LIMIT $2 OFFSET $3
[LOG] [2026-06-17T11:07:53.071Z] [34mprisma:query[39m COMMIT
[LOG] [2026-06-17T11:07:53.112Z] [34mprisma:query[39m BEGIN
[LOG] [2026-06-17T11:07:53.153Z] [34mprisma:query[39m DEALLOCATE ALL
[LOG] [2026-06-17T11:07:53.235Z] [34mprisma:query[39m SELECT COUNT(*) FROM (SELECT "public"."findings"."id" FROM "public"."findings" WHERE "public"."findings"."reviewId" = $1 OFFSET $2) AS "sub"
[LOG] [2026-06-17T11:07:53.275Z] [34mprisma:query[39m COMMIT
[HTTP] [2026-06-17T11:07:53.276Z] [0mGET /api/reviews/cmqhyqpi80003mofobds2k9wn/progress [36m304[0m 408.091 ms - -[0m
[LOG] [2026-06-17T11:07:55.008Z] [34mprisma:query[39m BEGIN
[LOG] [2026-06-17T11:07:55.048Z] [34mprisma:query[39m DEALLOCATE ALL
[LOG] [2026-06-17T11:07:55.241Z] [34mprisma:query[39m SELECT "public"."reviews"."id", "public"."reviews"."status", "public"."reviews"."stage", "public"."reviews"."uxScore" FROM "public"."reviews" WHERE ("public"."reviews"."id" = $1 AND 1=1) LIMIT $2 OFFSET $3
[LOG] [2026-06-17T11:07:55.283Z] [34mprisma:query[39m COMMIT
[LOG] [2026-06-17T11:07:55.334Z] [34mprisma:query[39m BEGIN
[LOG] [2026-06-17T11:07:55.474Z] [34mprisma:query[39m DEALLOCATE ALL
[LOG] [2026-06-17T11:07:55.554Z] [34mprisma:query[39m SELECT COUNT(*) FROM (SELECT "public"."findings"."id" FROM "public"."findings" WHERE "public"."findings"."reviewId" = $1 OFFSET $2) AS "sub"
[LOG] [2026-06-17T11:07:55.705Z] [34mprisma:query[39m COMMIT
[HTTP] [2026-06-17T11:07:55.706Z] [0mGET /api/reviews/cmqhyqpi80003mofobds2k9wn/progress [36m304[0m 836.443 ms - -[0m
[LOG] [2026-06-17T11:07:56.908Z] [34mprisma:query[39m BEGIN
[LOG] [2026-06-17T11:07:56.948Z] [34mprisma:query[39m DEALLOCATE ALL
[LOG] [2026-06-17T11:07:57.140Z] [34mprisma:query[39m SELECT "public"."reviews"."id", "public"."reviews"."status", "public"."reviews"."stage", "public"."reviews"."uxScore" FROM "public"."reviews" WHERE ("public"."reviews"."id" = $1 AND 1=1) LIMIT $2 OFFSET $3
[LOG] [2026-06-17T11:07:57.181Z] [34mprisma:query[39m COMMIT
[LOG] [2026-06-17T11:07:57.332Z] [34mprisma:query[39m BEGIN
[LOG] [2026-06-17T11:07:57.372Z] [34mprisma:query[39m DEALLOCATE ALL
[LOG] [2026-06-17T11:07:57.566Z] [34mprisma:query[39m SELECT COUNT(*) FROM (SELECT "public"."findings"."id" FROM "public"."findings" WHERE "public"."findings"."reviewId" = $1 OFFSET $2) AS "sub"
[LOG] [2026-06-17T11:07:57.607Z] [34mprisma:query[39m COMMIT
[HTTP] [2026-06-17T11:07:57.607Z] [0mGET /api/reviews/cmqhyqpi80003mofobds2k9wn/progress [36m304[0m 740.067 ms - -[0m
[LOG] [2026-06-17T11:07:58.984Z] [34mprisma:query[39m SELECT 1
[LOG] [2026-06-17T11:07:59.025Z] [34mprisma:query[39m BEGIN
[LOG] [2026-06-17T11:07:59.176Z] [34mprisma:query[39m DEALLOCATE ALL
[LOG] [2026-06-17T11:07:59.257Z] [34mprisma:query[39m SELECT "public"."reviews"."id", "public"."reviews"."status", "public"."reviews"."stage", "public"."reviews"."uxScore" FROM "public"."reviews" WHERE ("public"."reviews"."id" = $1 AND 1=1) LIMIT $2 OFFSET $3
[LOG] [2026-06-17T11:07:59.408Z] [34mprisma:query[39m COMMIT
[LOG] [2026-06-17T11:07:59.450Z] [34mprisma:query[39m BEGIN
[LOG] [2026-06-17T11:07:59.489Z] [34mprisma:query[39m DEALLOCATE ALL
[LOG] [2026-06-17T11:07:59.680Z] [34mprisma:query[39m SELECT COUNT(*) FROM (SELECT "public"."findings"."id" FROM "public"."findings" WHERE "public"."findings"."reviewId" = $1 OFFSET $2) AS "sub"
[LOG] [2026-06-17T11:07:59.722Z] [34mprisma:query[39m COMMIT
[HTTP] [2026-06-17T11:07:59.723Z] [0mGET /api/reviews/cmqhyqpi80003mofobds2k9wn/progress [36m304[0m 855.078 ms - -[0m
[LOG] [2026-06-17T11:08:00.913Z] [34mprisma:query[39m BEGIN
[LOG] [2026-06-17T11:08:01.070Z] [34mprisma:query[39m DEALLOCATE ALL
[LOG] [2026-06-17T11:08:01.263Z] [34mprisma:query[39m SELECT "public"."reviews"."id", "public"."reviews"."status", "public"."reviews"."stage", "public"."reviews"."uxScore" FROM "public"."reviews" WHERE ("public"."reviews"."id" = $1 AND 1=1) LIMIT $2 OFFSET $3
[LOG] [2026-06-17T11:08:01.306Z] [34mprisma:query[39m COMMIT
[LOG] [2026-06-17T11:08:01.350Z] [34mprisma:query[39m BEGIN
[LOG] [2026-06-17T11:08:01.529Z] [34mprisma:query[39m DEALLOCATE ALL
[LOG] [2026-06-17T11:08:01.725Z] [34mprisma:query[39m SELECT COUNT(*) FROM (SELECT "public"."findings"."id" FROM "public"."findings" WHERE "public"."findings"."reviewId" = $1 OFFSET $2) AS "sub"
[LOG] [2026-06-17T11:08:01.765Z] [34mprisma:query[39m COMMIT
[HTTP] [2026-06-17T11:08:01.766Z] [0mGET /api/reviews/cmqhyqpi80003mofobds2k9wn/progress [36m304[0m 896.494 ms - -[0m
[LOG] [2026-06-17T11:08:02.928Z] [34mprisma:query[39m BEGIN
[LOG] [2026-06-17T11:08:02.968Z] [34mprisma:query[39m DEALLOCATE ALL
[LOG] [2026-06-17T11:08:03.159Z] [34mprisma:query[39m SELECT "public"."reviews"."id", "public"."reviews"."status", "public"."reviews"."stage", "public"."reviews"."uxScore" FROM "public"."reviews" WHERE ("public"."reviews"."id" = $1 AND 1=1) LIMIT $2 OFFSET $3
[LOG] [2026-06-17T11:08:03.199Z] [34mprisma:query[39m COMMIT
[LOG] [2026-06-17T11:08:03.241Z] [34mprisma:query[39m BEGIN
[LOG] [2026-06-17T11:08:03.281Z] [34mprisma:query[39m DEALLOCATE ALL
[LOG] [2026-06-17T11:08:03.362Z] [34mprisma:query[39m SELECT COUNT(*) FROM (SELECT "public"."findings"."id" FROM "public"."findings" WHERE "public"."findings"."reviewId" = $1 OFFSET $2) AS "sub"
[LOG] [2026-06-17T11:08:03.402Z] [34mprisma:query[39m COMMIT
[HTTP] [2026-06-17T11:08:03.403Z] [0mGET /api/reviews/cmqhyqpi80003mofobds2k9wn/progress [36m304[0m 535.764 ms - -[0m
[LOG] [2026-06-17T11:08:04.909Z] [34mprisma:query[39m BEGIN
[LOG] [2026-06-17T11:08:04.949Z] [34mprisma:query[39m DEALLOCATE ALL
[LOG] [2026-06-17T11:08:05.030Z] [34mprisma:query[39m SELECT "public"."reviews"."id", "public"."reviews"."status", "public"."reviews"."stage", "public"."reviews"."uxScore" FROM "public"."reviews" WHERE ("public"."reviews"."id" = $1 AND 1=1) LIMIT $2 OFFSET $3
[LOG] [2026-06-17T11:08:05.070Z] [34mprisma:query[39m COMMIT
[LOG] [2026-06-17T11:08:05.111Z] [34mprisma:query[39m BEGIN
[LOG] [2026-06-17T11:08:05.151Z] [34mprisma:query[39m DEALLOCATE ALL
[LOG] [2026-06-17T11:08:05.232Z] [34mprisma:query[39m SELECT COUNT(*) FROM (SELECT "public"."findings"."id" FROM "public"."findings" WHERE "public"."findings"."reviewId" = $1 OFFSET $2) AS "sub"
[LOG] [2026-06-17T11:08:05.272Z] [34mprisma:query[39m COMMIT
[HTTP] [2026-06-17T11:08:05.273Z] [0mGET /api/reviews/cmqhyqpi80003mofobds2k9wn/progress [36m304[0m 405.543 ms - -[0m
[LOG] [2026-06-17T11:08:06.909Z] [34mprisma:query[39m BEGIN
[LOG] [2026-06-17T11:08:06.950Z] [34mprisma:query[39m DEALLOCATE ALL
[LOG] [2026-06-17T11:08:07.031Z] [34mprisma:query[39m SELECT "public"."reviews"."id", "public"."reviews"."status", "public"."reviews"."stage", "public"."reviews"."uxScore" FROM "public"."reviews" WHERE ("public"."reviews"."id" = $1 AND 1=1) LIMIT $2 OFFSET $3
[LOG] [2026-06-17T11:08:07.073Z] [34mprisma:query[39m COMMIT
[LOG] [2026-06-17T11:08:07.114Z] [34mprisma:query[39m BEGIN
[LOG] [2026-06-17T11:08:07.155Z] [34mprisma:query[39m DEALLOCATE ALL
[LOG] [2026-06-17T11:08:07.236Z] [34mprisma:query[39m SELECT COUNT(*) FROM (SELECT "public"."findings"."id" FROM "public"."findings" WHERE "public"."findings"."reviewId" = $1 OFFSET $2) AS "sub"
[LOG] [2026-06-17T11:08:07.276Z] [34mprisma:query[39m COMMIT
[HTTP] [2026-06-17T11:08:07.277Z] [0mGET /api/reviews/cmqhyqpi80003mofobds2k9wn/progress [36m304[0m 407.920 ms - -[0m
[LOG] [2026-06-17T11:08:08.908Z] [34mprisma:query[39m BEGIN
[LOG] [2026-06-17T11:08:09.038Z] [34mprisma:query[39m DEALLOCATE ALL
[LOG] [2026-06-17T11:08:09.119Z] [34mprisma:query[39m SELECT "public"."reviews"."id", "public"."reviews"."status", "public"."reviews"."stage", "public"."reviews"."uxScore" FROM "public"."reviews" WHERE ("public"."reviews"."id" = $1 AND 1=1) LIMIT $2 OFFSET $3
[LOG] [2026-06-17T11:08:09.271Z] [34mprisma:query[39m COMMIT
[LOG] [2026-06-17T11:08:09.312Z] [34mprisma:query[39m BEGIN
[LOG] [2026-06-17T11:08:09.352Z] [34mprisma:query[39m DEALLOCATE ALL
[LOG] [2026-06-17T11:08:09.543Z] [34mprisma:query[39m SELECT COUNT(*) FROM (SELECT "public"."findings"."id" FROM "public"."findings" WHERE "public"."findings"."reviewId" = $1 OFFSET $2) AS "sub"
[LOG] [2026-06-17T11:08:09.583Z] [34mprisma:query[39m COMMIT
[HTTP] [2026-06-17T11:08:09.584Z] [0mGET /api/reviews/cmqhyqpi80003mofobds2k9wn/progress [36m304[0m 716.454 ms - -[0m
[LOG] [2026-06-17T11:08:10.936Z] [34mprisma:query[39m BEGIN
[LOG] [2026-06-17T11:08:10.977Z] [34mprisma:query[39m DEALLOCATE ALL
[LOG] [2026-06-17T11:08:11.167Z] [34mprisma:query[39m SELECT "public"."reviews"."id", "public"."reviews"."status", "public"."reviews"."stage", "public"."reviews"."uxScore" FROM "public"."reviews" WHERE ("public"."reviews"."id" = $1 AND 1=1) LIMIT $2 OFFSET $3
[LOG] [2026-06-17T11:08:11.207Z] [34mprisma:query[39m COMMIT
[LOG] [2026-06-17T11:08:11.357Z] [34mprisma:query[39m BEGIN
[LOG] [2026-06-17T11:08:11.397Z] [34mprisma:query[39m DEALLOCATE ALL
[LOG] [2026-06-17T11:08:11.587Z] [34mprisma:query[39m SELECT COUNT(*) FROM (SELECT "public"."findings"."id" FROM "public"."findings" WHERE "public"."findings"."reviewId" = $1 OFFSET $2) AS "sub"
[LOG] [2026-06-17T11:08:11.629Z] [34mprisma:query[39m COMMIT
[HTTP] [2026-06-17T11:08:11.630Z] [0mGET /api/reviews/cmqhyqpi80003mofobds2k9wn/progress [36m304[0m 762.089 ms - -[0m
[LOG] [2026-06-17T11:08:13.011Z] [34mprisma:query[39m BEGIN
[LOG] [2026-06-17T11:08:13.053Z] [34mprisma:query[39m DEALLOCATE ALL
[LOG] [2026-06-17T11:08:13.243Z] [34mprisma:query[39m SELECT "public"."reviews"."id", "public"."reviews"."status", "public"."reviews"."stage", "public"."reviews"."uxScore" FROM "public"."reviews" WHERE ("public"."reviews"."id" = $1 AND 1=1) LIMIT $2 OFFSET $3
[LOG] [2026-06-17T11:08:13.283Z] [34mprisma:query[39m COMMIT
[LOG] [2026-06-17T11:08:13.434Z] [34mprisma:query[39m BEGIN
[LOG] [2026-06-17T11:08:13.474Z] [34mprisma:query[39m DEALLOCATE ALL
[LOG] [2026-06-17T11:08:13.666Z] [34mprisma:query[39m SELECT COUNT(*) FROM (SELECT "public"."findings"."id" FROM "public"."findings" WHERE "public"."findings"."reviewId" = $1 OFFSET $2) AS "sub"
[LOG] [2026-06-17T11:08:13.706Z] [34mprisma:query[39m COMMIT
[HTTP] [2026-06-17T11:08:13.707Z] [0mGET /api/reviews/cmqhyqpi80003mofobds2k9wn/progress [36m304[0m 838.453 ms - -[0m
[LOG] [2026-06-17T11:08:14.907Z] [34mprisma:query[39m SELECT 1
[LOG] [2026-06-17T11:08:15.056Z] [34mprisma:query[39m BEGIN
[LOG] [2026-06-17T11:08:15.096Z] [34mprisma:query[39m DEALLOCATE ALL
[LOG] [2026-06-17T11:08:15.289Z] [34mprisma:query[39m SELECT "public"."reviews"."id", "public"."reviews"."status", "public"."reviews"."stage", "public"."reviews"."uxScore" FROM "public"."reviews" WHERE ("public"."reviews"."id" = $1 AND 1=1) LIMIT $2 OFFSET $3
[LOG] [2026-06-17T11:08:15.329Z] [34mprisma:query[39m COMMIT
[LOG] [2026-06-17T11:08:15.370Z] [34mprisma:query[39m BEGIN
[LOG] [2026-06-17T11:08:15.520Z] [34mprisma:query[39m DEALLOCATE ALL
[LOG] [2026-06-17T11:08:15.601Z] [34mprisma:query[39m SELECT COUNT(*) FROM (SELECT "public"."findings"."id" FROM "public"."findings" WHERE "public"."findings"."reviewId" = $1 OFFSET $2) AS "sub"
[LOG] [2026-06-17T11:08:15.753Z] [34mprisma:query[39m COMMIT
[HTTP] [2026-06-17T11:08:15.753Z] [0mGET /api/reviews/cmqhyqpi80003mofobds2k9wn/progress [36m304[0m 886.334 ms - -[0m
[LOG] [2026-06-17T11:08:16.908Z] [34mprisma:query[39m BEGIN
[LOG] [2026-06-17T11:08:16.948Z] [34mprisma:query[39m DEALLOCATE ALL
[LOG] [2026-06-17T11:08:17.030Z] [34mprisma:query[39m SELECT "public"."reviews"."id", "public"."reviews"."status", "public"."reviews"."stage", "public"."reviews"."uxScore" FROM "public"."reviews" WHERE ("public"."reviews"."id" = $1 AND 1=1) LIMIT $2 OFFSET $3
[LOG] [2026-06-17T11:08:17.070Z] [34mprisma:query[39m COMMIT
[LOG] [2026-06-17T11:08:17.125Z] [34mprisma:query[39m BEGIN
[LOG] [2026-06-17T11:08:17.165Z] [34mprisma:query[39m DEALLOCATE ALL
[LOG] [2026-06-17T11:08:17.248Z] [34mprisma:query[39m SELECT COUNT(*) FROM (SELECT "public"."findings"."id" FROM "public"."findings" WHERE "public"."findings"."reviewId" = $1 OFFSET $2) AS "sub"
[LOG] [2026-06-17T11:08:17.290Z] [34mprisma:query[39m COMMIT
[HTTP] [2026-06-17T11:08:17.291Z] [0mGET /api/reviews/cmqhyqpi80003mofobds2k9wn/progress [36m304[0m 423.634 ms - -[0m
[LOG] [2026-06-17T11:08:18.909Z] [34mprisma:query[39m BEGIN
[LOG] [2026-06-17T11:08:18.948Z] [34mprisma:query[39m DEALLOCATE ALL
[LOG] [2026-06-17T11:08:19.030Z] [34mprisma:query[39m SELECT "public"."reviews"."id", "public"."reviews"."status", "public"."reviews"."stage", "public"."reviews"."uxScore" FROM "public"."reviews" WHERE ("public"."reviews"."id" = $1 AND 1=1) LIMIT $2 OFFSET $3
[LOG] [2026-06-17T11:08:19.070Z] [34mprisma:query[39m COMMIT
[LOG] [2026-06-17T11:08:19.110Z] [34mprisma:query[39m BEGIN
[LOG] [2026-06-17T11:08:19.151Z] [34mprisma:query[39m DEALLOCATE ALL
[LOG] [2026-06-17T11:08:19.232Z] [34mprisma:query[39m SELECT COUNT(*) FROM (SELECT "public"."findings"."id" FROM "public"."findings" WHERE "public"."findings"."reviewId" = $1 OFFSET $2) AS "sub"
[LOG] [2026-06-17T11:08:19.272Z] [34mprisma:query[39m COMMIT
[HTTP] [2026-06-17T11:08:19.273Z] [0mGET /api/reviews/cmqhyqpi80003mofobds2k9wn/progress [36m304[0m 404.670 ms - -[0m
[LOG] [2026-06-17T11:08:20.908Z] [34mprisma:query[39m BEGIN
[LOG] [2026-06-17T11:08:20.955Z] [34mprisma:query[39m DEALLOCATE ALL
[LOG] [2026-06-17T11:08:21.038Z] [34mprisma:query[39m SELECT "public"."reviews"."id", "public"."reviews"."status", "public"."reviews"."stage", "public"."reviews"."uxScore" FROM "public"."reviews" WHERE ("public"."reviews"."id" = $1 AND 1=1) LIMIT $2 OFFSET $3
[LOG] [2026-06-17T11:08:21.079Z] [34mprisma:query[39m COMMIT
[LOG] [2026-06-17T11:08:21.123Z] [34mprisma:query[39m BEGIN
[LOG] [2026-06-17T11:08:21.164Z] [34mprisma:query[39m DEALLOCATE ALL
[LOG] [2026-06-17T11:08:21.246Z] [34mprisma:query[39m SELECT COUNT(*) FROM (SELECT "public"."findings"."id" FROM "public"."findings" WHERE "public"."findings"."reviewId" = $1 OFFSET $2) AS "sub"
[LOG] [2026-06-17T11:08:21.286Z] [34mprisma:query[39m COMMIT
[HTTP] [2026-06-17T11:08:21.286Z] [0mGET /api/reviews/cmqhyqpi80003mofobds2k9wn/progress [36m304[0m 419.201 ms - -[0m
[LOG] [2026-06-17T11:08:22.918Z] [34mprisma:query[39m BEGIN
[LOG] [2026-06-17T11:08:22.957Z] [34mprisma:query[39m DEALLOCATE ALL
[LOG] [2026-06-17T11:08:23.130Z] [34mprisma:query[39m SELECT "public"."reviews"."id", "public"."reviews"."status", "public"."reviews"."stage", "public"."reviews"."uxScore" FROM "public"."reviews" WHERE ("public"."reviews"."id" = $1 AND 1=1) LIMIT $2 OFFSET $3
[LOG] [2026-06-17T11:08:23.172Z] [34mprisma:query[39m COMMIT
[LOG] [2026-06-17T11:08:23.321Z] [34mprisma:query[39m BEGIN
[LOG] [2026-06-17T11:08:23.361Z] [34mprisma:query[39m DEALLOCATE ALL
[LOG] [2026-06-17T11:08:23.553Z] [34mprisma:query[39m SELECT COUNT(*) FROM (SELECT "public"."findings"."id" FROM "public"."findings" WHERE "public"."findings"."reviewId" = $1 OFFSET $2) AS "sub"
[LOG] [2026-06-17T11:08:23.593Z] [34mprisma:query[39m COMMIT
[HTTP] [2026-06-17T11:08:23.594Z] [0mGET /api/reviews/cmqhyqpi80003mofobds2k9wn/progress [36m304[0m 726.931 ms - -[0m
[LOG] [2026-06-17T11:08:24.979Z] [34mprisma:query[39m BEGIN
[LOG] [2026-06-17T11:08:25.020Z] [34mprisma:query[39m DEALLOCATE ALL
[LOG] [2026-06-17T11:08:25.210Z] [34mprisma:query[39m SELECT "public"."reviews"."id", "public"."reviews"."status", "public"."reviews"."stage", "public"."reviews"."uxScore" FROM "public"."reviews" WHERE ("public"."reviews"."id" = $1 AND 1=1) LIMIT $2 OFFSET $3
[LOG] [2026-06-17T11:08:25.251Z] [34mprisma:query[39m COMMIT
[LOG] [2026-06-17T11:08:25.401Z] [34mprisma:query[39m BEGIN
[LOG] [2026-06-17T11:08:25.442Z] [34mprisma:query[39m DEALLOCATE ALL
[LOG] [2026-06-17T11:08:25.632Z] [34mprisma:query[39m SELECT COUNT(*) FROM (SELECT "public"."findings"."id" FROM "public"."findings" WHERE "public"."findings"."reviewId" = $1 OFFSET $2) AS "sub"
[LOG] [2026-06-17T11:08:25.673Z] [34mprisma:query[39m COMMIT
[HTTP] [2026-06-17T11:08:25.673Z] [0mGET /api/reviews/cmqhyqpi80003mofobds2k9wn/progress [36m304[0m 805.656 ms - -[0m
[LOG] [2026-06-17T11:08:27.020Z] [34mprisma:query[39m BEGIN
[LOG] [2026-06-17T11:08:27.065Z] [34mprisma:query[39m DEALLOCATE ALL
[LOG] [2026-06-17T11:08:27.252Z] [34mprisma:query[39m SELECT "public"."reviews"."id", "public"."reviews"."status", "public"."reviews"."stage", "public"."reviews"."uxScore" FROM "public"."reviews" WHERE ("public"."reviews"."id" = $1 AND 1=1) LIMIT $2 OFFSET $3
[LOG] [2026-06-17T11:08:27.293Z] [34mprisma:query[39m COMMIT
[LOG] [2026-06-17T11:08:27.334Z] [34mprisma:query[39m BEGIN
[LOG] [2026-06-17T11:08:27.484Z] [34mprisma:query[39m DEALLOCATE ALL
[LOG] [2026-06-17T11:08:27.564Z] [34mprisma:query[39m SELECT COUNT(*) FROM (SELECT "public"."findings"."id" FROM "public"."findings" WHERE "public"."findings"."reviewId" = $1 OFFSET $2) AS "sub"
[LOG] [2026-06-17T11:08:27.715Z] [34mprisma:query[39m COMMIT
[HTTP] [2026-06-17T11:08:27.715Z] [0mGET /api/reviews/cmqhyqpi80003mofobds2k9wn/progress [36m304[0m 849.013 ms - -[0m
[LOG] [2026-06-17T11:08:28.913Z] [34mprisma:query[39m BEGIN
[LOG] [2026-06-17T11:08:28.953Z] [34mprisma:query[39m DEALLOCATE ALL
[LOG] [2026-06-17T11:08:29.146Z] [34mprisma:query[39m SELECT "public"."reviews"."id", "public"."reviews"."status", "public"."reviews"."stage", "public"."reviews"."uxScore" FROM "public"."reviews" WHERE ("public"."reviews"."id" = $1 AND 1=1) LIMIT $2 OFFSET $3
[LOG] [2026-06-17T11:08:29.187Z] [34mprisma:query[39m COMMIT
[LOG] [2026-06-17T11:08:29.338Z] [34mprisma:query[39m BEGIN
[LOG] [2026-06-17T11:08:29.381Z] [34mprisma:query[39m DEALLOCATE ALL
[LOG] [2026-06-17T11:08:29.570Z] [34mprisma:query[39m SELECT COUNT(*) FROM (SELECT "public"."findings"."id" FROM "public"."findings" WHERE "public"."findings"."reviewId" = $1 OFFSET $2) AS "sub"
[LOG] [2026-06-17T11:08:29.611Z] [34mprisma:query[39m COMMIT
[HTTP] [2026-06-17T11:08:29.611Z] [0mGET /api/reviews/cmqhyqpi80003mofobds2k9wn/progress [36m304[0m 744.967 ms - -[0m
[LOG] [2026-06-17T11:08:30.909Z] [34mprisma:query[39m SELECT 1
[LOG] [2026-06-17T11:08:30.949Z] [34mprisma:query[39m BEGIN
[LOG] [2026-06-17T11:08:30.989Z] [34mprisma:query[39m DEALLOCATE ALL
[LOG] [2026-06-17T11:08:31.069Z] [34mprisma:query[39m SELECT "public"."reviews"."id", "public"."reviews"."status", "public"."reviews"."stage", "public"."reviews"."uxScore" FROM "public"."reviews" WHERE ("public"."reviews"."id" = $1 AND 1=1) LIMIT $2 OFFSET $3
[LOG] [2026-06-17T11:08:31.109Z] [34mprisma:query[39m COMMIT
[LOG] [2026-06-17T11:08:31.151Z] [34mprisma:query[39m BEGIN
[LOG] [2026-06-17T11:08:31.192Z] [34mprisma:query[39m DEALLOCATE ALL
[LOG] [2026-06-17T11:08:31.273Z] [34mprisma:query[39m SELECT COUNT(*) FROM (SELECT "public"."findings"."id" FROM "public"."findings" WHERE "public"."findings"."reviewId" = $1 OFFSET $2) AS "sub"
[LOG] [2026-06-17T11:08:31.313Z] [34mprisma:query[39m COMMIT
[HTTP] [2026-06-17T11:08:31.313Z] [0mGET /api/reviews/cmqhyqpi80003mofobds2k9wn/progress [36m304[0m 444.802 ms - -[0m
[LOG] [2026-06-17T11:08:32.908Z] [34mprisma:query[39m BEGIN
[LOG] [2026-06-17T11:08:32.948Z] [34mprisma:query[39m DEALLOCATE ALL
[LOG] [2026-06-17T11:08:33.028Z] [34mprisma:query[39m SELECT "public"."reviews"."id", "public"."reviews"."status", "public"."reviews"."stage", "public"."reviews"."uxScore" FROM "public"."reviews" WHERE ("public"."reviews"."id" = $1 AND 1=1) LIMIT $2 OFFSET $3
[LOG] [2026-06-17T11:08:33.069Z] [34mprisma:query[39m COMMIT
[LOG] [2026-06-17T11:08:33.110Z] [34mprisma:query[39m BEGIN
[LOG] [2026-06-17T11:08:33.150Z] [34mprisma:query[39m DEALLOCATE ALL
[LOG] [2026-06-17T11:08:33.231Z] [34mprisma:query[39m SELECT COUNT(*) FROM (SELECT "public"."findings"."id" FROM "public"."findings" WHERE "public"."findings"."reviewId" = $1 OFFSET $2) AS "sub"
[LOG] [2026-06-17T11:08:33.271Z] [34mprisma:query[39m COMMIT
[HTTP] [2026-06-17T11:08:33.272Z] [0mGET /api/reviews/cmqhyqpi80003mofobds2k9wn/progress [36m304[0m 405.155 ms - -[0m
[LOG] [2026-06-17T11:08:34.910Z] [34mprisma:query[39m BEGIN
[LOG] [2026-06-17T11:08:35.035Z] [34mprisma:query[39m DEALLOCATE ALL
[LOG] [2026-06-17T11:08:35.116Z] [34mprisma:query[39m SELECT "public"."reviews"."id", "public"."reviews"."status", "public"."reviews"."stage", "public"."reviews"."uxScore" FROM "public"."reviews" WHERE ("public"."reviews"."id" = $1 AND 1=1) LIMIT $2 OFFSET $3
[LOG] [2026-06-17T11:08:35.267Z] [34mprisma:query[39m COMMIT
[LOG] [2026-06-17T11:08:35.310Z] [34mprisma:query[39m BEGIN
[LOG] [2026-06-17T11:08:35.350Z] [34mprisma:query[39m DEALLOCATE ALL
[LOG] [2026-06-17T11:08:35.539Z] [34mprisma:query[39m SELECT COUNT(*) FROM (SELECT "public"."findings"."id" FROM "public"."findings" WHERE "public"."findings"."reviewId" = $1 OFFSET $2) AS "sub"
[LOG] [2026-06-17T11:08:35.580Z] [34mprisma:query[39m COMMIT
[HTTP] [2026-06-17T11:08:35.581Z] [0mGET /api/reviews/cmqhyqpi80003mofobds2k9wn/progress [36m304[0m 714.001 ms - -[0m
[LOG] [2026-06-17T11:08:36.934Z] [34mprisma:query[39m BEGIN
[LOG] [2026-06-17T11:08:36.975Z] [34mprisma:query[39m DEALLOCATE ALL
[LOG] [2026-06-17T11:08:37.174Z] [34mprisma:query[39m SELECT "public"."reviews"."id", "public"."reviews"."status", "public"."reviews"."stage", "public"."reviews"."uxScore" FROM "public"."reviews" WHERE ("public"."reviews"."id" = $1 AND 1=1) LIMIT $2 OFFSET $3
[LOG] [2026-06-17T11:08:37.216Z] [34mprisma:query[39m COMMIT
[LOG] [2026-06-17T11:08:37.361Z] [34mprisma:query[39m BEGIN
[LOG] [2026-06-17T11:08:37.404Z] [34mprisma:query[39m DEALLOCATE ALL
[LOG] [2026-06-17T11:08:37.591Z] [34mprisma:query[39m SELECT COUNT(*) FROM (SELECT "public"."findings"."id" FROM "public"."findings" WHERE "public"."findings"."reviewId" = $1 OFFSET $2) AS "sub"
[LOG] [2026-06-17T11:08:37.634Z] [34mprisma:query[39m COMMIT
[HTTP] [2026-06-17T11:08:37.634Z] [0mGET /api/reviews/cmqhyqpi80003mofobds2k9wn/progress [36m304[0m 766.876 ms - -[0m
[LOG] [2026-06-17T11:08:39.011Z] [34mprisma:query[39m BEGIN
[LOG] [2026-06-17T11:08:39.051Z] [34mprisma:query[39m DEALLOCATE ALL
[LOG] [2026-06-17T11:08:39.244Z] [34mprisma:query[39m SELECT "public"."reviews"."id", "public"."reviews"."status", "public"."reviews"."stage", "public"."reviews"."uxScore" FROM "public"."reviews" WHERE ("public"."reviews"."id" = $1 AND 1=1) LIMIT $2 OFFSET $3
[LOG] [2026-06-17T11:08:39.284Z] [34mprisma:query[39m COMMIT
[LOG] [2026-06-17T11:08:39.434Z] [34mprisma:query[39m BEGIN
[LOG] [2026-06-17T11:08:39.474Z] [34mprisma:query[39m DEALLOCATE ALL
[LOG] [2026-06-17T11:08:39.666Z] [34mprisma:query[39m SELECT COUNT(*) FROM (SELECT "public"."findings"."id" FROM "public"."findings" WHERE "public"."findings"."reviewId" = $1 OFFSET $2) AS "sub"
[LOG] [2026-06-17T11:08:39.706Z] [34mprisma:query[39m COMMIT
[HTTP] [2026-06-17T11:08:39.707Z] [0mGET /api/reviews/cmqhyqpi80003mofobds2k9wn/progress [36m304[0m 840.667 ms - -[0m
[LOG] [2026-06-17T11:08:40.908Z] [34mprisma:query[39m BEGIN
[LOG] [2026-06-17T11:08:41.056Z] [34mprisma:query[39m DEALLOCATE ALL
[LOG] [2026-06-17T11:08:41.138Z] [34mprisma:query[39m SELECT "public"."reviews"."id", "public"."reviews"."status", "public"."reviews"."stage", "public"."reviews"."uxScore" FROM "public"."reviews" WHERE ("public"."reviews"."id" = $1 AND 1=1) LIMIT $2 OFFSET $3
[LOG] [2026-06-17T11:08:41.288Z] [34mprisma:query[39m COMMIT
[LOG] [2026-06-17T11:08:41.339Z] [34mprisma:query[39m BEGIN
[LOG] [2026-06-17T11:08:41.382Z] [34mprisma:query[39m DEALLOCATE ALL
[LOG] [2026-06-17T11:08:41.566Z] [34mprisma:query[39m SELECT COUNT(*) FROM (SELECT "public"."findings"."id" FROM "public"."findings" WHERE "public"."findings"."reviewId" = $1 OFFSET $2) AS "sub"
[LOG] [2026-06-17T11:08:41.606Z] [34mprisma:query[39m COMMIT
[HTTP] [2026-06-17T11:08:41.607Z] [0mGET /api/reviews/cmqhyqpi80003mofobds2k9wn/progress [36m304[0m 740.592 ms - -[0m
[LOG] [2026-06-17T11:08:42.950Z] [34mprisma:query[39m BEGIN
[LOG] [2026-06-17T11:08:42.991Z] [34mprisma:query[39m DEALLOCATE ALL
[LOG] [2026-06-17T11:08:43.183Z] [34mprisma:query[39m SELECT "public"."reviews"."id", "public"."reviews"."status", "public"."reviews"."stage", "public"."reviews"."uxScore" FROM "public"."reviews" WHERE ("public"."reviews"."id" = $1 AND 1=1) LIMIT $2 OFFSET $3
[LOG] [2026-06-17T11:08:43.224Z] [34mprisma:query[39m COMMIT
[LOG] [2026-06-17T11:08:43.269Z] [34mprisma:query[39m BEGIN
[LOG] [2026-06-17T11:08:43.310Z] [34mprisma:query[39m DEALLOCATE ALL
[LOG] [2026-06-17T11:08:43.395Z] [34mprisma:query[39m SELECT COUNT(*) FROM (SELECT "public"."findings"."id" FROM "public"."findings" WHERE "public"."findings"."reviewId" = $1 OFFSET $2) AS "sub"
[LOG] [2026-06-17T11:08:43.436Z] [34mprisma:query[39m COMMIT
[HTTP] [2026-06-17T11:08:43.437Z] [0mGET /api/reviews/cmqhyqpi80003mofobds2k9wn/progress [36m304[0m 568.754 ms - -[0m
[LOG] [2026-06-17T11:08:44.908Z] [34mprisma:query[39m BEGIN
[LOG] [2026-06-17T11:08:44.949Z] [34mprisma:query[39m DEALLOCATE ALL
[LOG] [2026-06-17T11:08:45.033Z] [34mprisma:query[39m SELECT "public"."reviews"."id", "public"."reviews"."status", "public"."reviews"."stage", "public"."reviews"."uxScore" FROM "public"."reviews" WHERE ("public"."reviews"."id" = $1 AND 1=1) LIMIT $2 OFFSET $3
[LOG] [2026-06-17T11:08:45.075Z] [34mprisma:query[39m COMMIT
[LOG] [2026-06-17T11:08:45.116Z] [34mprisma:query[39m BEGIN
[LOG] [2026-06-17T11:08:45.156Z] [34mprisma:query[39m DEALLOCATE ALL
[LOG] [2026-06-17T11:08:45.237Z] [34mprisma:query[39m SELECT COUNT(*) FROM (SELECT "public"."findings"."id" FROM "public"."findings" WHERE "public"."findings"."reviewId" = $1 OFFSET $2) AS "sub"
[LOG] [2026-06-17T11:08:45.278Z] [34mprisma:query[39m COMMIT
[HTTP] [2026-06-17T11:08:45.278Z] [0mGET /api/reviews/cmqhyqpi80003mofobds2k9wn/progress [36m304[0m 411.505 ms - -[0m
[LOG] [2026-06-17T11:08:46.907Z] [34mprisma:query[39m SELECT 1
[LOG] [2026-06-17T11:08:46.947Z] [34mprisma:query[39m BEGIN
[LOG] [2026-06-17T11:08:46.986Z] [34mprisma:query[39m DEALLOCATE ALL
[LOG] [2026-06-17T11:08:47.070Z] [34mprisma:query[39m SELECT "public"."reviews"."id", "public"."reviews"."status", "public"."reviews"."stage", "public"."reviews"."uxScore" FROM "public"."reviews" WHERE ("public"."reviews"."id" = $1 AND 1=1) LIMIT $2 OFFSET $3
[LOG] [2026-06-17T11:08:47.113Z] [34mprisma:query[39m COMMIT
[LOG] [2026-06-17T11:08:47.205Z] [34mprisma:query[39m BEGIN
[LOG] [2026-06-17T11:08:47.246Z] [34mprisma:query[39m DEALLOCATE ALL
[LOG] [2026-06-17T11:08:47.333Z] [34mprisma:query[39m SELECT COUNT(*) FROM (SELECT "public"."findings"."id" FROM "public"."findings" WHERE "public"."findings"."reviewId" = $1 OFFSET $2) AS "sub"
[LOG] [2026-06-17T11:08:47.381Z] [34mprisma:query[39m COMMIT
[HTTP] [2026-06-17T11:08:47.381Z] [0mGET /api/reviews/cmqhyqpi80003mofobds2k9wn/progress [36m304[0m 515.156 ms - -[0m
[LOG] [2026-06-17T11:08:48.908Z] [34mprisma:query[39m BEGIN
[LOG] [2026-06-17T11:08:48.949Z] [34mprisma:query[39m DEALLOCATE ALL
[LOG] [2026-06-17T11:08:49.133Z] [34mprisma:query[39m SELECT "public"."reviews"."id", "public"."reviews"."status", "public"."reviews"."stage", "public"."reviews"."uxScore" FROM "public"."reviews" WHERE ("public"."reviews"."id" = $1 AND 1=1) LIMIT $2 OFFSET $3
[LOG] [2026-06-17T11:08:49.173Z] [34mprisma:query[39m COMMIT
[LOG] [2026-06-17T11:08:49.326Z] [34mprisma:query[39m BEGIN
[LOG] [2026-06-17T11:08:49.366Z] [34mprisma:query[39m DEALLOCATE ALL
[LOG] [2026-06-17T11:08:49.558Z] [34mprisma:query[39m SELECT COUNT(*) FROM (SELECT "public"."findings"."id" FROM "public"."findings" WHERE "public"."findings"."reviewId" = $1 OFFSET $2) AS "sub"
[LOG] [2026-06-17T11:08:49.598Z] [34mprisma:query[39m COMMIT
[HTTP] [2026-06-17T11:08:49.598Z] [0mGET /api/reviews/cmqhyqpi80003mofobds2k9wn/progress [36m304[0m 730.753 ms - -[0m
[LOG] [2026-06-17T11:08:50.992Z] [34mprisma:query[39m BEGIN
[LOG] [2026-06-17T11:08:51.032Z] [34mprisma:query[39m DEALLOCATE ALL
[LOG] [2026-06-17T11:08:51.228Z] [34mprisma:query[39m SELECT "public"."reviews"."id", "public"."reviews"."status", "public"."reviews"."stage", "public"."reviews"."uxScore" FROM "public"."reviews" WHERE ("public"."reviews"."id" = $1 AND 1=1) LIMIT $2 OFFSET $3
[LOG] [2026-06-17T11:08:51.269Z] [34mprisma:query[39m COMMIT
[LOG] [2026-06-17T11:08:51.414Z] [34mprisma:query[39m BEGIN
[LOG] [2026-06-17T11:08:51.454Z] [34mprisma:query[39m DEALLOCATE ALL
[LOG] [2026-06-17T11:08:51.651Z] [34mprisma:query[39m SELECT COUNT(*) FROM (SELECT "public"."findings"."id" FROM "public"."findings" WHERE "public"."findings"."reviewId" = $1 OFFSET $2) AS "sub"
[LOG] [2026-06-17T11:08:51.707Z] [34mprisma:query[39m COMMIT
[HTTP] [2026-06-17T11:08:51.707Z] [0mGET /api/reviews/cmqhyqpi80003mofobds2k9wn/progress [36m304[0m 841.136 ms - -[0m
[LOG] [2026-06-17T11:08:52.907Z] [34mprisma:query[39m BEGIN
[LOG] [2026-06-17T11:08:53.028Z] [34mprisma:query[39m DEALLOCATE ALL
[LOG] [2026-06-17T11:08:53.109Z] [34mprisma:query[39m SELECT "public"."reviews"."id", "public"."reviews"."status", "public"."reviews"."stage", "public"."reviews"."uxScore" FROM "public"."reviews" WHERE ("public"."reviews"."id" = $1 AND 1=1) LIMIT $2 OFFSET $3
[LOG] [2026-06-17T11:08:53.260Z] [34mprisma:query[39m COMMIT
[LOG] [2026-06-17T11:08:53.302Z] [34mprisma:query[39m BEGIN
[LOG] [2026-06-17T11:08:53.342Z] [34mprisma:query[39m DEALLOCATE ALL
[LOG] [2026-06-17T11:08:53.532Z] [34mprisma:query[39m SELECT COUNT(*) FROM (SELECT "public"."findings"."id" FROM "public"."findings" WHERE "public"."findings"."reviewId" = $1 OFFSET $2) AS "sub"
[LOG] [2026-06-17T11:08:53.572Z] [34mprisma:query[39m COMMIT
[HTTP] [2026-06-17T11:08:53.573Z] [0mGET /api/reviews/cmqhyqpi80003mofobds2k9wn/progress [36m304[0m 706.521 ms - -[0m
[LOG] [2026-06-17T11:08:54.920Z] [34mprisma:query[39m BEGIN
[LOG] [2026-06-17T11:08:54.960Z] [34mprisma:query[39m DEALLOCATE ALL
[LOG] [2026-06-17T11:08:55.153Z] [34mprisma:query[39m SELECT "public"."reviews"."id", "public"."reviews"."status", "public"."reviews"."stage", "public"."reviews"."uxScore" FROM "public"."reviews" WHERE ("public"."reviews"."id" = $1 AND 1=1) LIMIT $2 OFFSET $3
[LOG] [2026-06-17T11:08:55.193Z] [34mprisma:query[39m COMMIT
[LOG] [2026-06-17T11:08:55.345Z] [34mprisma:query[39m BEGIN
[LOG] [2026-06-17T11:08:55.385Z] [34mprisma:query[39m DEALLOCATE ALL
[LOG] [2026-06-17T11:08:55.577Z] [34mprisma:query[39m SELECT COUNT(*) FROM (SELECT "public"."findings"."id" FROM "public"."findings" WHERE "public"."findings"."reviewId" = $1 OFFSET $2) AS "sub"
[LOG] [2026-06-17T11:08:55.617Z] [34mprisma:query[39m COMMIT
[HTTP] [2026-06-17T11:08:55.618Z] [0mGET /api/reviews/cmqhyqpi80003mofobds2k9wn/progress [36m304[0m 751.062 ms - -[0m
[LOG] [2026-06-17T11:08:56.907Z] [34mprisma:query[39m BEGIN
[LOG] [2026-06-17T11:08:56.946Z] [34mprisma:query[39m DEALLOCATE ALL
[LOG] [2026-06-17T11:08:57.029Z] [34mprisma:query[39m SELECT "public"."reviews"."id", "public"."reviews"."status", "public"."reviews"."stage", "public"."reviews"."uxScore" FROM "public"."reviews" WHERE ("public"."reviews"."id" = $1 AND 1=1) LIMIT $2 OFFSET $3
[LOG] [2026-06-17T11:08:57.070Z] [34mprisma:query[39m COMMIT
[LOG] [2026-06-17T11:08:57.111Z] [34mprisma:query[39m BEGIN
[LOG] [2026-06-17T11:08:57.151Z] [34mprisma:query[39m DEALLOCATE ALL
[LOG] [2026-06-17T11:08:57.234Z] [34mprisma:query[39m SELECT COUNT(*) FROM (SELECT "public"."findings"."id" FROM "public"."findings" WHERE "public"."findings"."reviewId" = $1 OFFSET $2) AS "sub"
[LOG] [2026-06-17T11:08:57.274Z] [34mprisma:query[39m COMMIT
[HTTP] [2026-06-17T11:08:57.275Z] [0mGET /api/reviews/cmqhyqpi80003mofobds2k9wn/progress [36m304[0m 409.273 ms - -[0m
[LOG] [2026-06-17T11:08:58.907Z] [34mprisma:query[39m BEGIN
[LOG] [2026-06-17T11:08:58.947Z] [34mprisma:query[39m DEALLOCATE ALL
[LOG] [2026-06-17T11:08:59.027Z] [34mprisma:query[39m SELECT "public"."reviews"."id", "public"."reviews"."status", "public"."reviews"."stage", "public"."reviews"."uxScore" FROM "public"."reviews" WHERE ("public"."reviews"."id" = $1 AND 1=1) LIMIT $2 OFFSET $3
[LOG] [2026-06-17T11:08:59.069Z] [34mprisma:query[39m COMMIT
[LOG] [2026-06-17T11:08:59.110Z] [34mprisma:query[39m BEGIN
[LOG] [2026-06-17T11:08:59.150Z] [34mprisma:query[39m DEALLOCATE ALL
[LOG] [2026-06-17T11:08:59.230Z] [34mprisma:query[39m SELECT COUNT(*) FROM (SELECT "public"."findings"."id" FROM "public"."findings" WHERE "public"."findings"."reviewId" = $1 OFFSET $2) AS "sub"
[LOG] [2026-06-17T11:08:59.271Z] [34mprisma:query[39m COMMIT
[HTTP] [2026-06-17T11:08:59.271Z] [0mGET /api/reviews/cmqhyqpi80003mofobds2k9wn/progress [36m304[0m 405.475 ms - -[0m
[LOG] [2026-06-17T11:09:00.908Z] [34mprisma:query[39m BEGIN
[LOG] [2026-06-17T11:09:00.948Z] [34mprisma:query[39m DEALLOCATE ALL
[LOG] [2026-06-17T11:09:01.028Z] [34mprisma:query[39m SELECT "public"."reviews"."id", "public"."reviews"."status", "public"."reviews"."stage", "public"."reviews"."uxScore" FROM "public"."reviews" WHERE ("public"."reviews"."id" = $1 AND 1=1) LIMIT $2 OFFSET $3
[LOG] [2026-06-17T11:09:01.068Z] [34mprisma:query[39m COMMIT
[LOG] [2026-06-17T11:09:01.109Z] [34mprisma:query[39m BEGIN
[LOG] [2026-06-17T11:09:01.149Z] [34mprisma:query[39m DEALLOCATE ALL
[LOG] [2026-06-17T11:09:01.230Z] [34mprisma:query[39m SELECT COUNT(*) FROM (SELECT "public"."findings"."id" FROM "public"."findings" WHERE "public"."findings"."reviewId" = $1 OFFSET $2) AS "sub"
[LOG] [2026-06-17T11:09:01.270Z] [34mprisma:query[39m COMMIT
[HTTP] [2026-06-17T11:09:01.271Z] [0mGET /api/reviews/cmqhyqpi80003mofobds2k9wn/progress [36m304[0m 403.195 ms - -[0m
[LOG] [2026-06-17T11:09:02.908Z] [34mprisma:query[39m SELECT 1
[LOG] [2026-06-17T11:09:03.061Z] [34mprisma:query[39m BEGIN
[LOG] [2026-06-17T11:09:03.102Z] [34mprisma:query[39m DEALLOCATE ALL
[LOG] [2026-06-17T11:09:03.294Z] [34mprisma:query[39m SELECT "public"."reviews"."id", "public"."reviews"."status", "public"."reviews"."stage", "public"."reviews"."uxScore" FROM "public"."reviews" WHERE ("public"."reviews"."id" = $1 AND 1=1) LIMIT $2 OFFSET $3
[LOG] [2026-06-17T11:09:03.335Z] [34mprisma:query[39m COMMIT
[LOG] [2026-06-17T11:09:03.377Z] [34mprisma:query[39m BEGIN
[LOG] [2026-06-17T11:09:03.526Z] [34mprisma:query[39m DEALLOCATE ALL
[LOG] [2026-06-17T11:09:03.607Z] [34mprisma:query[39m SELECT COUNT(*) FROM (SELECT "public"."findings"."id" FROM "public"."findings" WHERE "public"."findings"."reviewId" = $1 OFFSET $2) AS "sub"
[LOG] [2026-06-17T11:09:03.758Z] [34mprisma:query[39m COMMIT
[HTTP] [2026-06-17T11:09:03.759Z] [0mGET /api/reviews/cmqhyqpi80003mofobds2k9wn/progress [36m304[0m 892.752 ms - -[0m
[LOG] [2026-06-17T11:09:04.955Z] [34mprisma:query[39m BEGIN
[LOG] [2026-06-17T11:09:04.995Z] [34mprisma:query[39m DEALLOCATE ALL
[LOG] [2026-06-17T11:09:05.186Z] [34mprisma:query[39m SELECT "public"."reviews"."id", "public"."reviews"."status", "public"."reviews"."stage", "public"."reviews"."uxScore" FROM "public"."reviews" WHERE ("public"."reviews"."id" = $1 AND 1=1) LIMIT $2 OFFSET $3
[LOG] [2026-06-17T11:09:05.226Z] [34mprisma:query[39m COMMIT
[LOG] [2026-06-17T11:09:05.375Z] [34mprisma:query[39m BEGIN
[LOG] [2026-06-17T11:09:05.415Z] [34mprisma:query[39m DEALLOCATE ALL
[LOG] [2026-06-17T11:09:05.605Z] [34mprisma:query[39m SELECT COUNT(*) FROM (SELECT "public"."findings"."id" FROM "public"."findings" WHERE "public"."findings"."reviewId" = $1 OFFSET $2) AS "sub"
[LOG] [2026-06-17T11:09:05.646Z] [34mprisma:query[39m COMMIT
[HTTP] [2026-06-17T11:09:05.646Z] [0mGET /api/reviews/cmqhyqpi80003mofobds2k9wn/progress [36m304[0m 780.821 ms - -[0m
[LOG] [2026-06-17T11:09:06.993Z] [34mprisma:query[39m BEGIN
[LOG] [2026-06-17T11:09:07.035Z] [34mprisma:query[39m DEALLOCATE ALL
[LOG] [2026-06-17T11:09:07.225Z] [34mprisma:query[39m SELECT "public"."reviews"."id", "public"."reviews"."status", "public"."reviews"."stage", "public"."reviews"."uxScore" FROM "public"."reviews" WHERE ("public"."reviews"."id" = $1 AND 1=1) LIMIT $2 OFFSET $3
[LOG] [2026-06-17T11:09:07.266Z] [34mprisma:query[39m COMMIT
[LOG] [2026-06-17T11:09:07.310Z] [34mprisma:query[39m BEGIN
[LOG] [2026-06-17T11:09:07.457Z] [34mprisma:query[39m DEALLOCATE ALL
[LOG] [2026-06-17T11:09:07.538Z] [34mprisma:query[39m SELECT COUNT(*) FROM (SELECT "public"."findings"."id" FROM "public"."findings" WHERE "public"."findings"."reviewId" = $1 OFFSET $2) AS "sub"
[LOG] [2026-06-17T11:09:07.688Z] [34mprisma:query[39m COMMIT
[HTTP] [2026-06-17T11:09:07.689Z] [0mGET /api/reviews/cmqhyqpi80003mofobds2k9wn/progress [36m304[0m 821.079 ms - -[0m
[LOG] [2026-06-17T11:09:08.917Z] [34mprisma:query[39m BEGIN
[LOG] [2026-06-17T11:09:08.958Z] [34mprisma:query[39m DEALLOCATE ALL
[LOG] [2026-06-17T11:09:09.133Z] [34mprisma:query[39m SELECT "public"."reviews"."id", "public"."reviews"."status", "public"."reviews"."stage", "public"."reviews"."uxScore" FROM "public"."reviews" WHERE ("public"."reviews"."id" = $1 AND 1=1) LIMIT $2 OFFSET $3
[LOG] [2026-06-17T11:09:09.188Z] [34mprisma:query[39m COMMIT
[LOG] [2026-06-17T11:09:09.318Z] [34mprisma:query[39m BEGIN
[LOG] [2026-06-17T11:09:09.359Z] [34mprisma:query[39m DEALLOCATE ALL
[LOG] [2026-06-17T11:09:09.543Z] [34mprisma:query[39m SELECT COUNT(*) FROM (SELECT "public"."findings"."id" FROM "public"."findings" WHERE "public"."findings"."reviewId" = $1 OFFSET $2) AS "sub"
[LOG] [2026-06-17T11:09:09.583Z] [34mprisma:query[39m COMMIT
[HTTP] [2026-06-17T11:09:09.584Z] [0mGET /api/reviews/cmqhyqpi80003mofobds2k9wn/progress [36m304[0m 718.452 ms - -[0m
[LOG] [2026-06-17T11:09:10.909Z] [34mprisma:query[39m BEGIN
[LOG] [2026-06-17T11:09:10.949Z] [34mprisma:query[39m DEALLOCATE ALL
[LOG] [2026-06-17T11:09:11.031Z] [34mprisma:query[39m SELECT "public"."reviews"."id", "public"."reviews"."status", "public"."reviews"."stage", "public"."reviews"."uxScore" FROM "public"."reviews" WHERE ("public"."reviews"."id" = $1 AND 1=1) LIMIT $2 OFFSET $3
[LOG] [2026-06-17T11:09:11.079Z] [34mprisma:query[39m COMMIT
[LOG] [2026-06-17T11:09:11.132Z] [34mprisma:query[39m BEGIN
[LOG] [2026-06-17T11:09:11.175Z] [34mprisma:query[39m DEALLOCATE ALL
[LOG] [2026-06-17T11:09:11.278Z] [34mprisma:query[39m SELECT COUNT(*) FROM (SELECT "public"."findings"."id" FROM "public"."findings" WHERE "public"."findings"."reviewId" = $1 OFFSET $2) AS "sub"
[LOG] [2026-06-17T11:09:11.319Z] [34mprisma:query[39m COMMIT
[HTTP] [2026-06-17T11:09:11.319Z] [0mGET /api/reviews/cmqhyqpi80003mofobds2k9wn/progress [36m304[0m 453.627 ms - -[0m
[LOG] [2026-06-17T11:09:12.915Z] [34mprisma:query[39m BEGIN
[LOG] [2026-06-17T11:09:12.956Z] [34mprisma:query[39m DEALLOCATE ALL
[LOG] [2026-06-17T11:09:13.042Z] [34mprisma:query[39m SELECT "public"."reviews"."id", "public"."reviews"."status", "public"."reviews"."stage", "public"."reviews"."uxScore" FROM "public"."reviews" WHERE ("public"."reviews"."id" = $1 AND 1=1) LIMIT $2 OFFSET $3
[LOG] [2026-06-17T11:09:13.082Z] [34mprisma:query[39m COMMIT
[LOG] [2026-06-17T11:09:13.123Z] [34mprisma:query[39m BEGIN
[LOG] [2026-06-17T11:09:13.163Z] [34mprisma:query[39m DEALLOCATE ALL
[LOG] [2026-06-17T11:09:13.244Z] [34mprisma:query[39m SELECT COUNT(*) FROM (SELECT "public"."findings"."id" FROM "public"."findings" WHERE "public"."findings"."reviewId" = $1 OFFSET $2) AS "sub"
[LOG] [2026-06-17T11:09:13.284Z] [34mprisma:query[39m COMMIT
[HTTP] [2026-06-17T11:09:13.285Z] [0mGET /api/reviews/cmqhyqpi80003mofobds2k9wn/progress [36m304[0m 410.235 ms - -[0m
[LOG] [2026-06-17T11:09:14.907Z] [34mprisma:query[39m BEGIN
[LOG] [2026-06-17T11:09:14.949Z] [34mprisma:query[39m DEALLOCATE ALL
[LOG] [2026-06-17T11:09:15.147Z] [34mprisma:query[39m SELECT "public"."reviews"."id", "public"."reviews"."status", "public"."reviews"."stage", "public"."reviews"."uxScore" FROM "public"."reviews" WHERE ("public"."reviews"."id" = $1 AND 1=1) LIMIT $2 OFFSET $3
[LOG] [2026-06-17T11:09:15.187Z] [34mprisma:query[39m COMMIT
[LOG] [2026-06-17T11:09:15.337Z] [34mprisma:query[39m BEGIN
[LOG] [2026-06-17T11:09:15.377Z] [34mprisma:query[39m DEALLOCATE ALL
[LOG] [2026-06-17T11:09:15.570Z] [34mprisma:query[39m SELECT COUNT(*) FROM (SELECT "public"."findings"."id" FROM "public"."findings" WHERE "public"."findings"."reviewId" = $1 OFFSET $2) AS "sub"
[LOG] [2026-06-17T11:09:15.610Z] [34mprisma:query[39m COMMIT
[HTTP] [2026-06-17T11:09:15.610Z] [0mGET /api/reviews/cmqhyqpi80003mofobds2k9wn/progress [36m304[0m 743.952 ms - -[0m
[LOG] [2026-06-17T11:09:17.003Z] [34mprisma:query[39m BEGIN
[LOG] [2026-06-17T11:09:17.043Z] [34mprisma:query[39m DEALLOCATE ALL
[LOG] [2026-06-17T11:09:17.249Z] [34mprisma:query[39m SELECT "public"."reviews"."id", "public"."reviews"."status", "public"."reviews"."stage", "public"."reviews"."uxScore" FROM "public"."reviews" WHERE ("public"."reviews"."id" = $1 AND 1=1) LIMIT $2 OFFSET $3
[LOG] [2026-06-17T11:09:17.305Z] [34mprisma:query[39m COMMIT
[LOG] [2026-06-17T11:09:17.432Z] [34mprisma:query[39m BEGIN
[LOG] [2026-06-17T11:09:17.489Z] [34mprisma:query[39m DEALLOCATE ALL
[LOG] [2026-06-17T11:09:17.665Z] [34mprisma:query[39m SELECT COUNT(*) FROM (SELECT "public"."findings"."id" FROM "public"."findings" WHERE "public"."findings"."reviewId" = $1 OFFSET $2) AS "sub"
[LOG] [2026-06-17T11:09:17.709Z] [34mprisma:query[39m COMMIT
[HTTP] [2026-06-17T11:09:17.710Z] [0mGET /api/reviews/cmqhyqpi80003mofobds2k9wn/progress [36m304[0m 837.011 ms - -[0m
[LOG] [2026-06-17T11:09:18.908Z] [34mprisma:query[39m SELECT 1
[LOG] [2026-06-17T11:09:19.043Z] [34mprisma:query[39m BEGIN
[LOG] [2026-06-17T11:09:19.086Z] [34mprisma:query[39m DEALLOCATE ALL
[LOG] [2026-06-17T11:09:19.275Z] [34mprisma:query[39m SELECT "public"."reviews"."id", "public"."reviews"."status", "public"."reviews"."stage", "public"."reviews"."uxScore" FROM "public"."reviews" WHERE ("public"."reviews"."id" = $1 AND 1=1) LIMIT $2 OFFSET $3
[LOG] [2026-06-17T11:09:19.315Z] [34mprisma:query[39m COMMIT
[LOG] [2026-06-17T11:09:19.357Z] [34mprisma:query[39m BEGIN
[LOG] [2026-06-17T11:09:19.505Z] [34mprisma:query[39m DEALLOCATE ALL
[LOG] [2026-06-17T11:09:19.585Z] [34mprisma:query[39m SELECT COUNT(*) FROM (SELECT "public"."findings"."id" FROM "public"."findings" WHERE "public"."findings"."reviewId" = $1 OFFSET $2) AS "sub"
[LOG] [2026-06-17T11:09:19.737Z] [34mprisma:query[39m COMMIT
[HTTP] [2026-06-17T11:09:19.738Z] [0mGET /api/reviews/cmqhyqpi80003mofobds2k9wn/progress [36m304[0m 869.859 ms - -[0m
[LOG] [2026-06-17T11:09:20.934Z] [34mprisma:query[39m BEGIN
[LOG] [2026-06-17T11:09:20.973Z] [34mprisma:query[39m DEALLOCATE ALL
[LOG] [2026-06-17T11:09:21.173Z] [34mprisma:query[39m SELECT "public"."reviews"."id", "public"."reviews"."status", "public"."reviews"."stage", "public"."reviews"."uxScore" FROM "public"."reviews" WHERE ("public"."reviews"."id" = $1 AND 1=1) LIMIT $2 OFFSET $3
[LOG] [2026-06-17T11:09:21.214Z] [34mprisma:query[39m COMMIT
[LOG] [2026-06-17T11:09:21.358Z] [34mprisma:query[39m BEGIN
[LOG] [2026-06-17T11:09:21.401Z] [34mprisma:query[39m DEALLOCATE ALL
[LOG] [2026-06-17T11:09:21.589Z] [34mprisma:query[39m SELECT COUNT(*) FROM (SELECT "public"."findings"."id" FROM "public"."findings" WHERE "public"."findings"."reviewId" = $1 OFFSET $2) AS "sub"
[LOG] [2026-06-17T11:09:21.629Z] [34mprisma:query[39m COMMIT
[HTTP] [2026-06-17T11:09:21.630Z] [0mGET /api/reviews/cmqhyqpi80003mofobds2k9wn/progress [36m304[0m 757.938 ms - -[0m
[LOG] [2026-06-17T11:09:23.020Z] [34mprisma:query[39m BEGIN
[LOG] [2026-06-17T11:09:23.061Z] [34mprisma:query[39m DEALLOCATE ALL
[LOG] [2026-06-17T11:09:23.253Z] [34mprisma:query[39m SELECT "public"."reviews"."id", "public"."reviews"."status", "public"."reviews"."stage", "public"."reviews"."uxScore" FROM "public"."reviews" WHERE ("public"."reviews"."id" = $1 AND 1=1) LIMIT $2 OFFSET $3
[LOG] [2026-06-17T11:09:23.294Z] [34mprisma:query[39m COMMIT
[LOG] [2026-06-17T11:09:23.445Z] [34mprisma:query[39m BEGIN
[LOG] [2026-06-17T11:09:23.485Z] [34mprisma:query[39m DEALLOCATE ALL
[LOG] [2026-06-17T11:09:23.565Z] [34mprisma:query[39m SELECT COUNT(*) FROM (SELECT "public"."findings"."id" FROM "public"."findings" WHERE "public"."findings"."reviewId" = $1 OFFSET $2) AS "sub"
[LOG] [2026-06-17T11:09:23.606Z] [34mprisma:query[39m COMMIT
[HTTP] [2026-06-17T11:09:23.607Z] [0mGET /api/reviews/cmqhyqpi80003mofobds2k9wn/progress [36m304[0m 734.619 ms - -[0m
[LOG] [2026-06-17T11:09:24.907Z] [34mprisma:query[39m BEGIN
[LOG] [2026-06-17T11:09:24.948Z] [34mprisma:query[39m DEALLOCATE ALL
[LOG] [2026-06-17T11:09:25.028Z] [34mprisma:query[39m SELECT "public"."reviews"."id", "public"."reviews"."status", "public"."reviews"."stage", "public"."reviews"."uxScore" FROM "public"."reviews" WHERE ("public"."reviews"."id" = $1 AND 1=1) LIMIT $2 OFFSET $3
[LOG] [2026-06-17T11:09:25.068Z] [34mprisma:query[39m COMMIT
[LOG] [2026-06-17T11:09:25.109Z] [34mprisma:query[39m BEGIN
[LOG] [2026-06-17T11:09:25.153Z] [34mprisma:query[39m DEALLOCATE ALL
[LOG] [2026-06-17T11:09:25.246Z] [34mprisma:query[39m SELECT COUNT(*) FROM (SELECT "public"."findings"."id" FROM "public"."findings" WHERE "public"."findings"."reviewId" = $1 OFFSET $2) AS "sub"
[LOG] [2026-06-17T11:09:25.287Z] [34mprisma:query[39m COMMIT
[HTTP] [2026-06-17T11:09:25.287Z] [0mGET /api/reviews/cmqhyqpi80003mofobds2k9wn/progress [36m304[0m 420.789 ms - -[0m
[LOG] [2026-06-17T11:09:26.915Z] [34mprisma:query[39m BEGIN
[LOG] [2026-06-17T11:09:26.956Z] [34mprisma:query[39m DEALLOCATE ALL
[LOG] [2026-06-17T11:09:27.040Z] [34mprisma:query[39m SELECT "public"."reviews"."id", "public"."reviews"."status", "public"."reviews"."stage", "public"."reviews"."uxScore" FROM "public"."reviews" WHERE ("public"."reviews"."id" = $1 AND 1=1) LIMIT $2 OFFSET $3
[LOG] [2026-06-17T11:09:27.081Z] [34mprisma:query[39m COMMIT
[LOG] [2026-06-17T11:09:27.123Z] [34mprisma:query[39m BEGIN
[LOG] [2026-06-17T11:09:27.164Z] [34mprisma:query[39m DEALLOCATE ALL
[LOG] [2026-06-17T11:09:27.247Z] [34mprisma:query[39m SELECT COUNT(*) FROM (SELECT "public"."findings"."id" FROM "public"."findings" WHERE "public"."findings"."reviewId" = $1 OFFSET $2) AS "sub"
[LOG] [2026-06-17T11:09:27.288Z] [34mprisma:query[39m COMMIT
[HTTP] [2026-06-17T11:09:27.288Z] [0mGET /api/reviews/cmqhyqpi80003mofobds2k9wn/progress [36m304[0m 416.468 ms - -[0m
[LOG] [2026-06-17T11:09:28.911Z] [34mprisma:query[39m BEGIN
[LOG] [2026-06-17T11:09:28.953Z] [34mprisma:query[39m DEALLOCATE ALL
[LOG] [2026-06-17T11:09:29.034Z] [34mprisma:query[39m SELECT "public"."reviews"."id", "public"."reviews"."status", "public"."reviews"."stage", "public"."reviews"."uxScore" FROM "public"."reviews" WHERE ("public"."reviews"."id" = $1 AND 1=1) LIMIT $2 OFFSET $3
[LOG] [2026-06-17T11:09:29.075Z] [34mprisma:query[39m COMMIT
[LOG] [2026-06-17T11:09:29.116Z] [34mprisma:query[39m BEGIN
[LOG] [2026-06-17T11:09:29.157Z] [34mprisma:query[39m DEALLOCATE ALL
[LOG] [2026-06-17T11:09:29.239Z] [34mprisma:query[39m SELECT COUNT(*) FROM (SELECT "public"."findings"."id" FROM "public"."findings" WHERE "public"."findings"."reviewId" = $1 OFFSET $2) AS "sub"
[LOG] [2026-06-17T11:09:29.281Z] [34mprisma:query[39m COMMIT
[HTTP] [2026-06-17T11:09:29.281Z] [0mGET /api/reviews/cmqhyqpi80003mofobds2k9wn/progress [36m304[0m 410.801 ms - -[0m
[LOG] [2026-06-17T11:09:30.910Z] [34mprisma:query[39m BEGIN
[LOG] [2026-06-17T11:09:30.950Z] [34mprisma:query[39m DEALLOCATE ALL
[LOG] [2026-06-17T11:09:31.030Z] [34mprisma:query[39m SELECT "public"."reviews"."id", "public"."reviews"."status", "public"."reviews"."stage", "public"."reviews"."uxScore" FROM "public"."reviews" WHERE ("public"."reviews"."id" = $1 AND 1=1) LIMIT $2 OFFSET $3
[LOG] [2026-06-17T11:09:31.071Z] [34mprisma:query[39m COMMIT
[LOG] [2026-06-17T11:09:31.112Z] [34mprisma:query[39m BEGIN
[LOG] [2026-06-17T11:09:31.152Z] [34mprisma:query[39m DEALLOCATE ALL
[LOG] [2026-06-17T11:09:31.246Z] [34mprisma:query[39m SELECT COUNT(*) FROM (SELECT "public"."findings"."id" FROM "public"."findings" WHERE "public"."findings"."reviewId" = $1 OFFSET $2) AS "sub"
[LOG] [2026-06-17T11:09:31.298Z] [34mprisma:query[39m COMMIT
[HTTP] [2026-06-17T11:09:31.298Z] [0mGET /api/reviews/cmqhyqpi80003mofobds2k9wn/progress [36m304[0m 428.539 ms - -[0m
[LOG] [2026-06-17T11:09:32.918Z] [34mprisma:query[39m BEGIN
[LOG] [2026-06-17T11:09:32.976Z] [34mprisma:query[39m DEALLOCATE ALL
[LOG] [2026-06-17T11:09:33.108Z] [34mprisma:query[39m SELECT "public"."reviews"."id", "public"."reviews"."status", "public"."reviews"."stage", "public"."reviews"."uxScore" FROM "public"."reviews" WHERE ("public"."reviews"."id" = $1 AND 1=1) LIMIT $2 OFFSET $3
[LOG] [2026-06-17T11:09:33.174Z] [34mprisma:query[39m COMMIT
[LOG] [2026-06-17T11:09:33.258Z] [34mprisma:query[39m BEGIN
[LOG] [2026-06-17T11:09:33.301Z] [34mprisma:query[39m DEALLOCATE ALL
[LOG] [2026-06-17T11:09:33.393Z] [34mprisma:query[39m SELECT COUNT(*) FROM (SELECT "public"."findings"."id" FROM "public"."findings" WHERE "public"."findings"."reviewId" = $1 OFFSET $2) AS "sub"
[LOG] [2026-06-17T11:09:33.434Z] [34mprisma:query[39m COMMIT
[HTTP] [2026-06-17T11:09:33.435Z] [0mGET /api/reviews/cmqhyqpi80003mofobds2k9wn/progress [36m304[0m 562.806 ms - -[0m
[LOG] [2026-06-17T11:09:34.920Z] [34mprisma:query[39m SELECT 1
[LOG] [2026-06-17T11:09:34.970Z] [34mprisma:query[39m BEGIN
[LOG] [2026-06-17T11:09:35.300Z] [34mprisma:query[39m DEALLOCATE ALL
[LOG] [2026-06-17T11:09:35.503Z] [34mprisma:query[39m SELECT "public"."reviews"."id", "public"."reviews"."status", "public"."reviews"."stage", "public"."reviews"."uxScore" FROM "public"."reviews" WHERE ("public"."reviews"."id" = $1 AND 1=1) LIMIT $2 OFFSET $3
[LOG] [2026-06-17T11:09:35.544Z] [34mprisma:query[39m COMMIT
[LOG] [2026-06-17T11:09:35.993Z] [34mprisma:query[39m BEGIN
[LOG] [2026-06-17T11:09:36.033Z] [34mprisma:query[39m DEALLOCATE ALL
[LOG] [2026-06-17T11:09:36.222Z] [34mprisma:query[39m SELECT COUNT(*) FROM (SELECT "public"."findings"."id" FROM "public"."findings" WHERE "public"."findings"."reviewId" = $1 OFFSET $2) AS "sub"
[LOG] [2026-06-17T11:09:36.262Z] [34mprisma:query[39m COMMIT
[HTTP] [2026-06-17T11:09:36.262Z] [0mGET /api/reviews/cmqhyqpi80003mofobds2k9wn/progress [36m304[0m 1389.871 ms - -[0m
[LOG] [2026-06-17T11:09:36.919Z] [34mprisma:query[39m BEGIN
[LOG] [2026-06-17T11:09:36.959Z] [34mprisma:query[39m DEALLOCATE ALL
[LOG] [2026-06-17T11:09:37.153Z] [34mprisma:query[39m SELECT "public"."reviews"."id", "public"."reviews"."status", "public"."reviews"."stage", "public"."reviews"."uxScore" FROM "public"."reviews" WHERE ("public"."reviews"."id" = $1 AND 1=1) LIMIT $2 OFFSET $3
[LOG] [2026-06-17T11:09:37.195Z] [34mprisma:query[39m COMMIT
[LOG] [2026-06-17T11:09:37.345Z] [34mprisma:query[39m BEGIN
[LOG] [2026-06-17T11:09:37.386Z] [34mprisma:query[39m DEALLOCATE ALL
[LOG] [2026-06-17T11:09:37.577Z] [34mprisma:query[39m SELECT COUNT(*) FROM (SELECT "public"."findings"."id" FROM "public"."findings" WHERE "public"."findings"."reviewId" = $1 OFFSET $2) AS "sub"
[LOG] [2026-06-17T11:09:37.617Z] [34mprisma:query[39m COMMIT
[HTTP] [2026-06-17T11:09:37.618Z] [0mGET /api/reviews/cmqhyqpi80003mofobds2k9wn/progress [36m304[0m 745.044 ms - -[0m
[LOG] [2026-06-17T11:09:39.000Z] [34mprisma:query[39m BEGIN
[LOG] [2026-06-17T11:09:39.040Z] [34mprisma:query[39m DEALLOCATE ALL
[LOG] [2026-06-17T11:09:39.233Z] [34mprisma:query[39m SELECT "public"."reviews"."id", "public"."reviews"."status", "public"."reviews"."stage", "public"."reviews"."uxScore" FROM "public"."reviews" WHERE ("public"."reviews"."id" = $1 AND 1=1) LIMIT $2 OFFSET $3
[LOG] [2026-06-17T11:09:39.274Z] [34mprisma:query[39m COMMIT
[LOG] [2026-06-17T11:09:39.424Z] [34mprisma:query[39m BEGIN
[LOG] [2026-06-17T11:09:39.464Z] [34mprisma:query[39m DEALLOCATE ALL
[LOG] [2026-06-17T11:09:39.653Z] [34mprisma:query[39m SELECT COUNT(*) FROM (SELECT "public"."findings"."id" FROM "public"."findings" WHERE "public"."findings"."reviewId" = $1 OFFSET $2) AS "sub"
[LOG] [2026-06-17T11:09:39.695Z] [34mprisma:query[39m COMMIT
[HTTP] [2026-06-17T11:09:39.696Z] [0mGET /api/reviews/cmqhyqpi80003mofobds2k9wn/progress [36m304[0m 824.843 ms - -[0m
[LOG] [2026-06-17T11:09:40.912Z] [34mprisma:query[39m BEGIN
[LOG] [2026-06-17T11:09:41.042Z] [34mprisma:query[39m DEALLOCATE ALL
[LOG] [2026-06-17T11:09:41.123Z] [34mprisma:query[39m SELECT "public"."reviews"."id", "public"."reviews"."status", "public"."reviews"."stage", "public"."reviews"."uxScore" FROM "public"."reviews" WHERE ("public"."reviews"."id" = $1 AND 1=1) LIMIT $2 OFFSET $3
[LOG] [2026-06-17T11:09:41.275Z] [34mprisma:query[39m COMMIT
[LOG] [2026-06-17T11:09:41.316Z] [34mprisma:query[39m BEGIN
[LOG] [2026-06-17T11:09:41.358Z] [34mprisma:query[39m DEALLOCATE ALL
[LOG] [2026-06-17T11:09:41.546Z] [34mprisma:query[39m SELECT COUNT(*) FROM (SELECT "public"."findings"."id" FROM "public"."findings" WHERE "public"."findings"."reviewId" = $1 OFFSET $2) AS "sub"
[LOG] [2026-06-17T11:09:41.586Z] [34mprisma:query[39m COMMIT
[HTTP] [2026-06-17T11:09:41.587Z] [0mGET /api/reviews/cmqhyqpi80003mofobds2k9wn/progress [36m304[0m 715.105 ms - -[0m
[LOG] [2026-06-17T11:09:43.169Z] [34mprisma:query[39m BEGIN
[LOG] [2026-06-17T11:09:43.209Z] [34mprisma:query[39m DEALLOCATE ALL
[LOG] [2026-06-17T11:09:43.403Z] [34mprisma:query[39m SELECT "public"."reviews"."id", "public"."reviews"."status", "public"."reviews"."stage", "public"."reviews"."uxScore" FROM "public"."reviews" WHERE ("public"."reviews"."id" = $1 AND 1=1) LIMIT $2 OFFSET $3
[LOG] [2026-06-17T11:09:43.446Z] [34mprisma:query[39m COMMIT
[LOG] [2026-06-17T11:09:43.594Z] [34mprisma:query[39m BEGIN
[LOG] [2026-06-17T11:09:43.635Z] [34mprisma:query[39m DEALLOCATE ALL
[LOG] [2026-06-17T11:09:43.735Z] [34mprisma:query[39m SELECT COUNT(*) FROM (SELECT "public"."findings"."id" FROM "public"."findings" WHERE "public"."findings"."reviewId" = $1 OFFSET $2) AS "sub"
[LOG] [2026-06-17T11:09:43.775Z] [34mprisma:query[39m COMMIT
[HTTP] [2026-06-17T11:09:43.776Z] [0mGET /api/reviews/cmqhyqpi80003mofobds2k9wn/progress [36m304[0m 666.385 ms - -[0m
[LOG] [2026-06-17T11:09:45.153Z] [34mprisma:query[39m BEGIN
[LOG] [2026-06-17T11:09:45.193Z] [34mprisma:query[39m DEALLOCATE ALL
[LOG] [2026-06-17T11:09:45.274Z] [34mprisma:query[39m SELECT "public"."reviews"."id", "public"."reviews"."status", "public"."reviews"."stage", "public"."reviews"."uxScore" FROM "public"."reviews" WHERE ("public"."reviews"."id" = $1 AND 1=1) LIMIT $2 OFFSET $3
[LOG] [2026-06-17T11:09:45.314Z] [34mprisma:query[39m COMMIT
[LOG] [2026-06-17T11:09:45.355Z] [34mprisma:query[39m BEGIN
[LOG] [2026-06-17T11:09:45.396Z] [34mprisma:query[39m DEALLOCATE ALL
[LOG] [2026-06-17T11:09:45.477Z] [34mprisma:query[39m SELECT COUNT(*) FROM (SELECT "public"."findings"."id" FROM "public"."findings" WHERE "public"."findings"."reviewId" = $1 OFFSET $2) AS "sub"
[LOG] [2026-06-17T11:09:45.518Z] [34mprisma:query[39m COMMIT
[HTTP] [2026-06-17T11:09:45.519Z] [0mGET /api/reviews/cmqhyqpi80003mofobds2k9wn/progress [36m304[0m 406.451 ms - -[0m
[LOG] [2026-06-17T11:09:47.147Z] [34mprisma:query[39m BEGIN
[LOG] [2026-06-17T11:09:47.187Z] [34mprisma:query[39m DEALLOCATE ALL
[LOG] [2026-06-17T11:09:47.276Z] [34mprisma:query[39m SELECT "public"."reviews"."id", "public"."reviews"."status", "public"."reviews"."stage", "public"."reviews"."uxScore" FROM "public"."reviews" WHERE ("public"."reviews"."id" = $1 AND 1=1) LIMIT $2 OFFSET $3
[LOG] [2026-06-17T11:09:47.338Z] [34mprisma:query[39m COMMIT
[LOG] [2026-06-17T11:09:47.379Z] [34mprisma:query[39m BEGIN
[LOG] [2026-06-17T11:09:47.419Z] [34mprisma:query[39m DEALLOCATE ALL
[LOG] [2026-06-17T11:09:47.499Z] [34mprisma:query[39m SELECT COUNT(*) FROM (SELECT "public"."findings"."id" FROM "public"."findings" WHERE "public"."findings"."reviewId" = $1 OFFSET $2) AS "sub"
[LOG] [2026-06-17T11:09:47.540Z] [34mprisma:query[39m COMMIT
[HTTP] [2026-06-17T11:09:47.541Z] [0mGET /api/reviews/cmqhyqpi80003mofobds2k9wn/progress [36m304[0m 434.007 ms - -[0m
[LOG] [2026-06-17T11:09:49.159Z] [34mprisma:query[39m BEGIN
[LOG] [2026-06-17T11:09:49.199Z] [34mprisma:query[39m DEALLOCATE ALL
[LOG] [2026-06-17T11:09:49.393Z] [34mprisma:query[39m SELECT "public"."reviews"."id", "public"."reviews"."status", "public"."reviews"."stage", "public"."reviews"."uxScore" FROM "public"."reviews" WHERE ("public"."reviews"."id" = $1 AND 1=1) LIMIT $2 OFFSET $3
[LOG] [2026-06-17T11:09:49.433Z] [34mprisma:query[39m COMMIT
[LOG] [2026-06-17T11:09:49.585Z] [34mprisma:query[39m BEGIN
[LOG] [2026-06-17T11:09:49.631Z] [34mprisma:query[39m DEALLOCATE ALL
[LOG] [2026-06-17T11:09:49.817Z] [34mprisma:query[39m SELECT COUNT(*) FROM (SELECT "public"."findings"."id" FROM "public"."findings" WHERE "public"."findings"."reviewId" = $1 OFFSET $2) AS "sub"
[LOG] [2026-06-17T11:09:49.857Z] [34mprisma:query[39m COMMIT
[HTTP] [2026-06-17T11:09:49.857Z] [0mGET /api/reviews/cmqhyqpi80003mofobds2k9wn/progress [36m304[0m 747.059 ms - -[0m
[LOG] [2026-06-17T11:09:51.251Z] [34mprisma:query[39m SELECT 1
[LOG] [2026-06-17T11:09:51.292Z] [34mprisma:query[39m BEGIN
[LOG] [2026-06-17T11:09:51.443Z] [34mprisma:query[39m DEALLOCATE ALL
[LOG] [2026-06-17T11:09:51.528Z] [34mprisma:query[39m SELECT "public"."reviews"."id", "public"."reviews"."status", "public"."reviews"."stage", "public"."reviews"."uxScore" FROM "public"."reviews" WHERE ("public"."reviews"."id" = $1 AND 1=1) LIMIT $2 OFFSET $3
[LOG] [2026-06-17T11:09:51.673Z] [34mprisma:query[39m COMMIT
[LOG] [2026-06-17T11:09:51.714Z] [34mprisma:query[39m BEGIN
[LOG] [2026-06-17T11:09:51.755Z] [34mprisma:query[39m DEALLOCATE ALL
[LOG] [2026-06-17T11:09:51.943Z] [34mprisma:query[39m SELECT COUNT(*) FROM (SELECT "public"."findings"."id" FROM "public"."findings" WHERE "public"."findings"."reviewId" = $1 OFFSET $2) AS "sub"
[LOG] [2026-06-17T11:09:51.983Z] [34mprisma:query[39m COMMIT
[HTTP] [2026-06-17T11:09:51.984Z] [0mGET /api/reviews/cmqhyqpi80003mofobds2k9wn/progress [36m304[0m 869.303 ms - -[0m
[LOG] [2026-06-17T11:09:53.148Z] [34mprisma:query[39m BEGIN
[LOG] [2026-06-17T11:09:53.286Z] [34mprisma:query[39m DEALLOCATE ALL
[LOG] [2026-06-17T11:09:53.370Z] [34mprisma:query[39m SELECT "public"."reviews"."id", "public"."reviews"."status", "public"."reviews"."stage", "public"."reviews"."uxScore" FROM "public"."reviews" WHERE ("public"."reviews"."id" = $1 AND 1=1) LIMIT $2 OFFSET $3
[LOG] [2026-06-17T11:09:53.518Z] [34mprisma:query[39m COMMIT
[LOG] [2026-06-17T11:09:53.559Z] [34mprisma:query[39m BEGIN
[LOG] [2026-06-17T11:09:53.600Z] [34mprisma:query[39m DEALLOCATE ALL
[LOG] [2026-06-17T11:09:53.791Z] [34mprisma:query[39m SELECT COUNT(*) FROM (SELECT "public"."findings"."id" FROM "public"."findings" WHERE "public"."findings"."reviewId" = $1 OFFSET $2) AS "sub"
[LOG] [2026-06-17T11:09:53.831Z] [34mprisma:query[39m COMMIT
[HTTP] [2026-06-17T11:09:53.832Z] [0mGET /api/reviews/cmqhyqpi80003mofobds2k9wn/progress [36m304[0m 724.424 ms - -[0m
[LOG] [2026-06-17T11:09:55.179Z] [34mprisma:query[39m BEGIN
[LOG] [2026-06-17T11:09:55.219Z] [34mprisma:query[39m DEALLOCATE ALL
[LOG] [2026-06-17T11:09:55.412Z] [34mprisma:query[39m SELECT "public"."reviews"."id", "public"."reviews"."status", "public"."reviews"."stage", "public"."reviews"."uxScore" FROM "public"."reviews" WHERE ("public"."reviews"."id" = $1 AND 1=1) LIMIT $2 OFFSET $3
[LOG] [2026-06-17T11:09:55.452Z] [34mprisma:query[39m COMMIT
[LOG] [2026-06-17T11:09:55.604Z] [34mprisma:query[39m BEGIN
[LOG] [2026-06-17T11:09:55.645Z] [34mprisma:query[39m DEALLOCATE ALL
[LOG] [2026-06-17T11:09:55.836Z] [34mprisma:query[39m SELECT COUNT(*) FROM (SELECT "public"."findings"."id" FROM "public"."findings" WHERE "public"."findings"."reviewId" = $1 OFFSET $2) AS "sub"
[LOG] [2026-06-17T11:09:55.877Z] [34mprisma:query[39m COMMIT
[HTTP] [2026-06-17T11:09:55.878Z] [0mGET /api/reviews/cmqhyqpi80003mofobds2k9wn/progress [36m304[0m 771.732 ms - -[0m
[LOG] [2026-06-17T11:09:57.148Z] [34mprisma:query[39m BEGIN
[LOG] [2026-06-17T11:09:57.189Z] [34mprisma:query[39m DEALLOCATE ALL
[LOG] [2026-06-17T11:09:57.269Z] [34mprisma:query[39m SELECT "public"."reviews"."id", "public"."reviews"."status", "public"."reviews"."stage", "public"."reviews"."uxScore" FROM "public"."reviews" WHERE ("public"."reviews"."id" = $1 AND 1=1) LIMIT $2 OFFSET $3
[LOG] [2026-06-17T11:09:57.310Z] [34mprisma:query[39m COMMIT
[LOG] [2026-06-17T11:09:57.350Z] [34mprisma:query[39m BEGIN
[LOG] [2026-06-17T11:09:57.390Z] [34mprisma:query[39m DEALLOCATE ALL
[LOG] [2026-06-17T11:09:57.470Z] [34mprisma:query[39m SELECT COUNT(*) FROM (SELECT "public"."findings"."id" FROM "public"."findings" WHERE "public"."findings"."reviewId" = $1 OFFSET $2) AS "sub"
[LOG] [2026-06-17T11:09:57.510Z] [34mprisma:query[39m COMMIT
[HTTP] [2026-06-17T11:09:57.511Z] [0mGET /api/reviews/cmqhyqpi80003mofobds2k9wn/progress [36m304[0m 403.472 ms - -[0m
[LOG] [2026-06-17T11:09:59.144Z] [34mprisma:query[39m BEGIN
[LOG] [2026-06-17T11:09:59.184Z] [34mprisma:query[39m DEALLOCATE ALL
[LOG] [2026-06-17T11:09:59.266Z] [34mprisma:query[39m SELECT "public"."reviews"."id", "public"."reviews"."status", "public"."reviews"."stage", "public"."reviews"."uxScore" FROM "public"."reviews" WHERE ("public"."reviews"."id" = $1 AND 1=1) LIMIT $2 OFFSET $3
[LOG] [2026-06-17T11:09:59.306Z] [34mprisma:query[39m COMMIT
[LOG] [2026-06-17T11:09:59.347Z] [34mprisma:query[39m BEGIN
[LOG] [2026-06-17T11:09:59.387Z] [34mprisma:query[39m DEALLOCATE ALL
[LOG] [2026-06-17T11:09:59.467Z] [34mprisma:query[39m SELECT COUNT(*) FROM (SELECT "public"."findings"."id" FROM "public"."findings" WHERE "public"."findings"."reviewId" = $1 OFFSET $2) AS "sub"
[LOG] [2026-06-17T11:09:59.508Z] [34mprisma:query[39m COMMIT
[HTTP] [2026-06-17T11:09:59.508Z] [0mGET /api/reviews/cmqhyqpi80003mofobds2k9wn/progress [36m304[0m 404.335 ms - -[0m
[LOG] [2026-06-17T11:10:01.156Z] [34mprisma:query[39m BEGIN
[LOG] [2026-06-17T11:10:01.196Z] [34mprisma:query[39m DEALLOCATE ALL
[LOG] [2026-06-17T11:10:01.276Z] [34mprisma:query[39m SELECT "public"."reviews"."id", "public"."reviews"."status", "public"."reviews"."stage", "public"."reviews"."uxScore" FROM "public"."reviews" WHERE ("public"."reviews"."id" = $1 AND 1=1) LIMIT $2 OFFSET $3
[LOG] [2026-06-17T11:10:01.317Z] [34mprisma:query[39m COMMIT
[LOG] [2026-06-17T11:10:01.358Z] [34mprisma:query[39m BEGIN
[LOG] [2026-06-17T11:10:01.398Z] [34mprisma:query[39m DEALLOCATE ALL
[LOG] [2026-06-17T11:10:01.481Z] [34mprisma:query[39m SELECT COUNT(*) FROM (SELECT "public"."findings"."id" FROM "public"."findings" WHERE "public"."findings"."reviewId" = $1 OFFSET $2) AS "sub"
[LOG] [2026-06-17T11:10:01.521Z] [34mprisma:query[39m COMMIT
[HTTP] [2026-06-17T11:10:01.521Z] [0mGET /api/reviews/cmqhyqpi80003mofobds2k9wn/progress [36m304[0m 405.825 ms - -[0m
[LOG] [2026-06-17T11:10:03.215Z] [34mprisma:query[39m BEGIN
[LOG] [2026-06-17T11:10:03.255Z] [34mprisma:query[39m DEALLOCATE ALL
[LOG] [2026-06-17T11:10:03.449Z] [34mprisma:query[39m SELECT "public"."reviews"."id", "public"."reviews"."status", "public"."reviews"."stage", "public"."reviews"."uxScore" FROM "public"."reviews" WHERE ("public"."reviews"."id" = $1 AND 1=1) LIMIT $2 OFFSET $3
[LOG] [2026-06-17T11:10:03.489Z] [34mprisma:query[39m COMMIT
[LOG] [2026-06-17T11:10:03.641Z] [34mprisma:query[39m BEGIN
[LOG] [2026-06-17T11:10:03.681Z] [34mprisma:query[39m DEALLOCATE ALL
[LOG] [2026-06-17T11:10:03.873Z] [34mprisma:query[39m SELECT COUNT(*) FROM (SELECT "public"."findings"."id" FROM "public"."findings" WHERE "public"."findings"."reviewId" = $1 OFFSET $2) AS "sub"
[LOG] [2026-06-17T11:10:03.913Z] [34mprisma:query[39m COMMIT
[HTTP] [2026-06-17T11:10:03.914Z] [0mGET /api/reviews/cmqhyqpi80003mofobds2k9wn/progress [36m304[0m 801.089 ms - -[0m
[LOG] [2026-06-17T11:10:05.148Z] [34mprisma:query[39m BEGIN
[LOG] [2026-06-17T11:10:05.301Z] [34mprisma:query[39m DEALLOCATE ALL
[LOG] [2026-06-17T11:10:05.492Z] [34mprisma:query[39m SELECT "public"."reviews"."id", "public"."reviews"."status", "public"."reviews"."stage", "public"."reviews"."uxScore" FROM "public"."reviews" WHERE ("public"."reviews"."id" = $1 AND 1=1) LIMIT $2 OFFSET $3
[LOG] [2026-06-17T11:10:05.540Z] [34mprisma:query[39m COMMIT
[LOG] [2026-06-17T11:10:05.580Z] [34mprisma:query[39m BEGIN
[LOG] [2026-06-17T11:10:05.721Z] [34mprisma:query[39m DEALLOCATE ALL
[LOG] [2026-06-17T11:10:05.801Z] [34mprisma:query[39m SELECT COUNT(*) FROM (SELECT "public"."findings"."id" FROM "public"."findings" WHERE "public"."findings"."reviewId" = $1 OFFSET $2) AS "sub"
[LOG] [2026-06-17T11:10:05.952Z] [34mprisma:query[39m COMMIT
[HTTP] [2026-06-17T11:10:05.953Z] [0mGET /api/reviews/cmqhyqpi80003mofobds2k9wn/progress [36m304[0m 845.286 ms - -[0m
[LOG] [2026-06-17T11:10:06.917Z] [34mprisma:query[39m SELECT 1
[LOG] [2026-06-17T11:10:06.958Z] [34mprisma:query[39m BEGIN
[LOG] [2026-06-17T11:10:07.109Z] [34mprisma:query[39m DEALLOCATE ALL
[LOG] [2026-06-17T11:10:07.190Z] [34mprisma:query[39m SELECT "public"."reviews"."id", "public"."reviews"."status", "public"."reviews"."stage", "public"."reviews"."uxScore" FROM "public"."reviews" WHERE ("public"."reviews"."id" = $1 AND 1=1) LIMIT $2 OFFSET $3
[LOG] [2026-06-17T11:10:07.342Z] [34mprisma:query[39m COMMIT
[LOG] [2026-06-17T11:10:07.383Z] [34mprisma:query[39m BEGIN
[LOG] [2026-06-17T11:10:07.423Z] [34mprisma:query[39m DEALLOCATE ALL
[LOG] [2026-06-17T11:10:07.613Z] [34mprisma:query[39m SELECT COUNT(*) FROM (SELECT "public"."findings"."id" FROM "public"."findings" WHERE "public"."findings"."reviewId" = $1 OFFSET $2) AS "sub"
[LOG] [2026-06-17T11:10:07.657Z] [34mprisma:query[39m COMMIT
[HTTP] [2026-06-17T11:10:07.658Z] [0mGET /api/reviews/cmqhyqpi80003mofobds2k9wn/progress [36m304[0m 786.488 ms - -[0m
[LOG] [2026-06-17T11:10:09.002Z] [34mprisma:query[39m BEGIN
[LOG] [2026-06-17T11:10:09.043Z] [34mprisma:query[39m DEALLOCATE ALL
[LOG] [2026-06-17T11:10:09.234Z] [34mprisma:query[39m SELECT "public"."reviews"."id", "public"."reviews"."status", "public"."reviews"."stage", "public"."reviews"."uxScore" FROM "public"."reviews" WHERE ("public"."reviews"."id" = $1 AND 1=1) LIMIT $2 OFFSET $3
[LOG] [2026-06-17T11:10:09.275Z] [34mprisma:query[39m COMMIT
[LOG] [2026-06-17T11:10:09.426Z] [34mprisma:query[39m BEGIN
[LOG] [2026-06-17T11:10:09.468Z] [34mprisma:query[39m DEALLOCATE ALL
[LOG] [2026-06-17T11:10:09.659Z] [34mprisma:query[39m SELECT COUNT(*) FROM (SELECT "public"."findings"."id" FROM "public"."findings" WHERE "public"."findings"."reviewId" = $1 OFFSET $2) AS "sub"
[LOG] [2026-06-17T11:10:09.699Z] [34mprisma:query[39m COMMIT
[HTTP] [2026-06-17T11:10:09.700Z] [0mGET /api/reviews/cmqhyqpi80003mofobds2k9wn/progress [36m304[0m 829.971 ms - -[0m
[LOG] [2026-06-17T11:10:10.911Z] [34mprisma:query[39m BEGIN
[LOG] [2026-06-17T11:10:10.951Z] [34mprisma:query[39m DEALLOCATE ALL
[LOG] [2026-06-17T11:10:11.036Z] [34mprisma:query[39m SELECT "public"."reviews"."id", "public"."reviews"."status", "public"."reviews"."stage", "public"."reviews"."uxScore" FROM "public"."reviews" WHERE ("public"."reviews"."id" = $1 AND 1=1) LIMIT $2 OFFSET $3
[LOG] [2026-06-17T11:10:11.077Z] [34mprisma:query[39m COMMIT
[LOG] [2026-06-17T11:10:11.120Z] [34mprisma:query[39m BEGIN
[LOG] [2026-06-17T11:10:11.160Z] [34mprisma:query[39m DEALLOCATE ALL
[LOG] [2026-06-17T11:10:11.241Z] [34mprisma:query[39m SELECT COUNT(*) FROM (SELECT "public"."findings"."id" FROM "public"."findings" WHERE "public"."findings"."reviewId" = $1 OFFSET $2) AS "sub"
[LOG] [2026-06-17T11:10:11.282Z] [34mprisma:query[39m COMMIT
[HTTP] [2026-06-17T11:10:11.282Z] [0mGET /api/reviews/cmqhyqpi80003mofobds2k9wn/progress [36m304[0m 412.555 ms - -[0m
[LOG] [2026-06-17T11:10:12.911Z] [34mprisma:query[39m BEGIN
[LOG] [2026-06-17T11:10:12.953Z] [34mprisma:query[39m DEALLOCATE ALL
[LOG] [2026-06-17T11:10:13.033Z] [34mprisma:query[39m SELECT "public"."reviews"."id", "public"."reviews"."status", "public"."reviews"."stage", "public"."reviews"."uxScore" FROM "public"."reviews" WHERE ("public"."reviews"."id" = $1 AND 1=1) LIMIT $2 OFFSET $3
[LOG] [2026-06-17T11:10:13.074Z] [34mprisma:query[39m COMMIT
[LOG] [2026-06-17T11:10:13.118Z] [34mprisma:query[39m BEGIN
[LOG] [2026-06-17T11:10:13.158Z] [34mprisma:query[39m DEALLOCATE ALL
[LOG] [2026-06-17T11:10:13.238Z] [34mprisma:query[39m SELECT COUNT(*) FROM (SELECT "public"."findings"."id" FROM "public"."findings" WHERE "public"."findings"."reviewId" = $1 OFFSET $2) AS "sub"
[LOG] [2026-06-17T11:10:13.278Z] [34mprisma:query[39m COMMIT
[HTTP] [2026-06-17T11:10:13.279Z] [0mGET /api/reviews/cmqhyqpi80003mofobds2k9wn/progress [36m304[0m 408.171 ms - -[0m
[LOG] [2026-06-17T11:10:14.921Z] [34mprisma:query[39m BEGIN
[LOG] [2026-06-17T11:10:14.961Z] [34mprisma:query[39m DEALLOCATE ALL
[LOG] [2026-06-17T11:10:15.042Z] [34mprisma:query[39m SELECT "public"."reviews"."id", "public"."reviews"."status", "public"."reviews"."stage", "public"."reviews"."uxScore" FROM "public"."reviews" WHERE ("public"."reviews"."id" = $1 AND 1=1) LIMIT $2 OFFSET $3
[LOG] [2026-06-17T11:10:15.100Z] [34mprisma:query[39m COMMIT
[LOG] [2026-06-17T11:10:15.143Z] [34mprisma:query[39m BEGIN
[LOG] [2026-06-17T11:10:15.183Z] [34mprisma:query[39m DEALLOCATE ALL
[LOG] [2026-06-17T11:10:15.264Z] [34mprisma:query[39m SELECT COUNT(*) FROM (SELECT "public"."findings"."id" FROM "public"."findings" WHERE "public"."findings"."reviewId" = $1 OFFSET $2) AS "sub"
[LOG] [2026-06-17T11:10:15.304Z] [34mprisma:query[39m COMMIT
[HTTP] [2026-06-17T11:10:15.305Z] [0mGET /api/reviews/cmqhyqpi80003mofobds2k9wn/progress [36m304[0m 435.440 ms - -[0m
[LOG] [2026-06-17T11:10:16.910Z] [34mprisma:query[39m BEGIN
[LOG] [2026-06-17T11:10:16.950Z] [34mprisma:query[39m DEALLOCATE ALL
[LOG] [2026-06-17T11:10:17.124Z] [34mprisma:query[39m SELECT "public"."reviews"."id", "public"."reviews"."status", "public"."reviews"."stage", "public"."reviews"."uxScore" FROM "public"."reviews" WHERE ("public"."reviews"."id" = $1 AND 1=1) LIMIT $2 OFFSET $3
[LOG] [2026-06-17T11:10:17.164Z] [34mprisma:query[39m COMMIT
[LOG] [2026-06-17T11:10:17.316Z] [34mprisma:query[39m BEGIN
[LOG] [2026-06-17T11:10:17.356Z] [34mprisma:query[39m DEALLOCATE ALL
[LOG] [2026-06-17T11:10:17.549Z] [34mprisma:query[39m SELECT COUNT(*) FROM (SELECT "public"."findings"."id" FROM "public"."findings" WHERE "public"."findings"."reviewId" = $1 OFFSET $2) AS "sub"
[LOG] [2026-06-17T11:10:17.590Z] [34mprisma:query[39m COMMIT
[HTTP] [2026-06-17T11:10:17.591Z] [0mGET /api/reviews/cmqhyqpi80003mofobds2k9wn/progress [36m304[0m 721.103 ms - -[0m
[LOG] [2026-06-17T11:10:18.982Z] [34mprisma:query[39m BEGIN
[LOG] [2026-06-17T11:10:19.022Z] [34mprisma:query[39m DEALLOCATE ALL
[LOG] [2026-06-17T11:10:19.220Z] [34mprisma:query[39m SELECT "public"."reviews"."id", "public"."reviews"."status", "public"."reviews"."stage", "public"."reviews"."uxScore" FROM "public"."reviews" WHERE ("public"."reviews"."id" = $1 AND 1=1) LIMIT $2 OFFSET $3
[LOG] [2026-06-17T11:10:19.260Z] [34mprisma:query[39m COMMIT
[LOG] [2026-06-17T11:10:19.407Z] [34mprisma:query[39m BEGIN
[LOG] [2026-06-17T11:10:19.447Z] [34mprisma:query[39m DEALLOCATE ALL
[LOG] [2026-06-17T11:10:19.642Z] [34mprisma:query[39m SELECT COUNT(*) FROM (SELECT "public"."findings"."id" FROM "public"."findings" WHERE "public"."findings"."reviewId" = $1 OFFSET $2) AS "sub"
[LOG] [2026-06-17T11:10:19.682Z] [34mprisma:query[39m COMMIT
[HTTP] [2026-06-17T11:10:19.682Z] [0mGET /api/reviews/cmqhyqpi80003mofobds2k9wn/progress [36m304[0m 813.555 ms - -[0m
[LOG] [2026-06-17T11:10:21.020Z] [34mprisma:query[39m BEGIN
[LOG] [2026-06-17T11:10:21.061Z] [34mprisma:query[39m DEALLOCATE ALL
[LOG] [2026-06-17T11:10:21.251Z] [34mprisma:query[39m SELECT "public"."reviews"."id", "public"."reviews"."status", "public"."reviews"."stage", "public"."reviews"."uxScore" FROM "public"."reviews" WHERE ("public"."reviews"."id" = $1 AND 1=1) LIMIT $2 OFFSET $3
[LOG] [2026-06-17T11:10:21.291Z] [34mprisma:query[39m COMMIT
[LOG] [2026-06-17T11:10:21.333Z] [34mprisma:query[39m BEGIN
[LOG] [2026-06-17T11:10:21.483Z] [34mprisma:query[39m DEALLOCATE ALL
[LOG] [2026-06-17T11:10:21.564Z] [34mprisma:query[39m SELECT COUNT(*) FROM (SELECT "public"."findings"."id" FROM "public"."findings" WHERE "public"."findings"."reviewId" = $1 OFFSET $2) AS "sub"
[LOG] [2026-06-17T11:10:21.716Z] [34mprisma:query[39m COMMIT
[HTTP] [2026-06-17T11:10:21.717Z] [0mGET /api/reviews/cmqhyqpi80003mofobds2k9wn/progress [36m304[0m 847.746 ms - -[0m
[LOG] [2026-06-17T11:10:22.912Z] [34mprisma:query[39m SELECT 1
[LOG] [2026-06-17T11:10:22.952Z] [34mprisma:query[39m BEGIN
[LOG] [2026-06-17T11:10:23.107Z] [34mprisma:query[39m DEALLOCATE ALL
[LOG] [2026-06-17T11:10:23.189Z] [34mprisma:query[39m SELECT "public"."reviews"."id", "public"."reviews"."status", "public"."reviews"."stage", "public"."reviews"."uxScore" FROM "public"."reviews" WHERE ("public"."reviews"."id" = $1 AND 1=1) LIMIT $2 OFFSET $3
[LOG] [2026-06-17T11:10:23.336Z] [34mprisma:query[39m COMMIT
[LOG] [2026-06-17T11:10:23.377Z] [34mprisma:query[39m BEGIN
[LOG] [2026-06-17T11:10:23.417Z] [34mprisma:query[39m DEALLOCATE ALL
[LOG] [2026-06-17T11:10:23.609Z] [34mprisma:query[39m SELECT COUNT(*) FROM (SELECT "public"."findings"."id" FROM "public"."findings" WHERE "public"."findings"."reviewId" = $1 OFFSET $2) AS "sub"
[LOG] [2026-06-17T11:10:23.649Z] [34mprisma:query[39m COMMIT
[HTTP] [2026-06-17T11:10:23.649Z] [0mGET /api/reviews/cmqhyqpi80003mofobds2k9wn/progress [36m304[0m 779.977 ms - -[0m
[LOG] [2026-06-17T11:10:24.998Z] [34mprisma:query[39m BEGIN
[LOG] [2026-06-17T11:10:25.039Z] [34mprisma:query[39m DEALLOCATE ALL
[LOG] [2026-06-17T11:10:25.120Z] [34mprisma:query[39m SELECT "public"."reviews"."id", "public"."reviews"."status", "public"."reviews"."stage", "public"."reviews"."uxScore" FROM "public"."reviews" WHERE ("public"."reviews"."id" = $1 AND 1=1) LIMIT $2 OFFSET $3
[LOG] [2026-06-17T11:10:25.161Z] [34mprisma:query[39m COMMIT
[LOG] [2026-06-17T11:10:25.202Z] [34mprisma:query[39m BEGIN
[LOG] [2026-06-17T11:10:25.242Z] [34mprisma:query[39m DEALLOCATE ALL
[LOG] [2026-06-17T11:10:25.323Z] [34mprisma:query[39m SELECT COUNT(*) FROM (SELECT "public"."findings"."id" FROM "public"."findings" WHERE "public"."findings"."reviewId" = $1 OFFSET $2) AS "sub"
[LOG] [2026-06-17T11:10:25.363Z] [34mprisma:query[39m COMMIT
[HTTP] [2026-06-17T11:10:25.364Z] [0mGET /api/reviews/cmqhyqpi80003mofobds2k9wn/progress [36m304[0m 492.949 ms - -[0m
[LOG] [2026-06-17T11:10:26.911Z] [34mprisma:query[39m BEGIN
[LOG] [2026-06-17T11:10:26.951Z] [34mprisma:query[39m DEALLOCATE ALL
[LOG] [2026-06-17T11:10:27.031Z] [34mprisma:query[39m SELECT "public"."reviews"."id", "public"."reviews"."status", "public"."reviews"."stage", "public"."reviews"."uxScore" FROM "public"."reviews" WHERE ("public"."reviews"."id" = $1 AND 1=1) LIMIT $2 OFFSET $3
[LOG] [2026-06-17T11:10:27.072Z] [34mprisma:query[39m COMMIT
[LOG] [2026-06-17T11:10:27.113Z] [34mprisma:query[39m BEGIN
[LOG] [2026-06-17T11:10:27.154Z] [34mprisma:query[39m DEALLOCATE ALL
[LOG] [2026-06-17T11:10:27.237Z] [34mprisma:query[39m SELECT COUNT(*) FROM (SELECT "public"."findings"."id" FROM "public"."findings" WHERE "public"."findings"."reviewId" = $1 OFFSET $2) AS "sub"
[LOG] [2026-06-17T11:10:27.278Z] [34mprisma:query[39m COMMIT
[HTTP] [2026-06-17T11:10:27.279Z] [0mGET /api/reviews/cmqhyqpi80003mofobds2k9wn/progress [36m304[0m 409.421 ms - -[0m
[LOG] [2026-06-17T11:10:28.910Z] [34mprisma:query[39m BEGIN
[LOG] [2026-06-17T11:10:28.951Z] [34mprisma:query[39m DEALLOCATE ALL
[LOG] [2026-06-17T11:10:29.031Z] [34mprisma:query[39m SELECT "public"."reviews"."id", "public"."reviews"."status", "public"."reviews"."stage", "public"."reviews"."uxScore" FROM "public"."reviews" WHERE ("public"."reviews"."id" = $1 AND 1=1) LIMIT $2 OFFSET $3
[LOG] [2026-06-17T11:10:29.071Z] [34mprisma:query[39m COMMIT
[LOG] [2026-06-17T11:10:29.112Z] [34mprisma:query[39m BEGIN
[LOG] [2026-06-17T11:10:29.152Z] [34mprisma:query[39m DEALLOCATE ALL
[LOG] [2026-06-17T11:10:29.233Z] [34mprisma:query[39m SELECT COUNT(*) FROM (SELECT "public"."findings"."id" FROM "public"."findings" WHERE "public"."findings"."reviewId" = $1 OFFSET $2) AS "sub"
[LOG] [2026-06-17T11:10:29.273Z] [34mprisma:query[39m COMMIT
[HTTP] [2026-06-17T11:10:29.273Z] [0mGET /api/reviews/cmqhyqpi80003mofobds2k9wn/progress [36m304[0m 404.174 ms - -[0m
[LOG] [2026-06-17T11:10:30.911Z] [34mprisma:query[39m BEGIN
[LOG] [2026-06-17T11:10:31.035Z] [34mprisma:query[39m DEALLOCATE ALL
[LOG] [2026-06-17T11:10:31.116Z] [34mprisma:query[39m SELECT "public"."reviews"."id", "public"."reviews"."status", "public"."reviews"."stage", "public"."reviews"."uxScore" FROM "public"."reviews" WHERE ("public"."reviews"."id" = $1 AND 1=1) LIMIT $2 OFFSET $3
[LOG] [2026-06-17T11:10:31.267Z] [34mprisma:query[39m COMMIT
[LOG] [2026-06-17T11:10:31.308Z] [34mprisma:query[39m BEGIN
[LOG] [2026-06-17T11:10:31.348Z] [34mprisma:query[39m DEALLOCATE ALL
[LOG] [2026-06-17T11:10:31.541Z] [34mprisma:query[39m SELECT COUNT(*) FROM (SELECT "public"."findings"."id" FROM "public"."findings" WHERE "public"."findings"."reviewId" = $1 OFFSET $2) AS "sub"
[LOG] [2026-06-17T11:10:31.581Z] [34mprisma:query[39m COMMIT
[HTTP] [2026-06-17T11:10:31.582Z] [0mGET /api/reviews/cmqhyqpi80003mofobds2k9wn/progress [36m304[0m 710.933 ms - -[0m
[LOG] [2026-06-17T11:10:32.932Z] [34mprisma:query[39m BEGIN
[LOG] [2026-06-17T11:10:32.973Z] [34mprisma:query[39m DEALLOCATE ALL
[LOG] [2026-06-17T11:10:33.164Z] [34mprisma:query[39m SELECT "public"."reviews"."id", "public"."reviews"."status", "public"."reviews"."stage", "public"."reviews"."uxScore" FROM "public"."reviews" WHERE ("public"."reviews"."id" = $1 AND 1=1) LIMIT $2 OFFSET $3
[LOG] [2026-06-17T11:10:33.204Z] [34mprisma:query[39m COMMIT
[LOG] [2026-06-17T11:10:33.353Z] [34mprisma:query[39m BEGIN
[LOG] [2026-06-17T11:10:33.393Z] [34mprisma:query[39m DEALLOCATE ALL
[LOG] [2026-06-17T11:10:33.583Z] [34mprisma:query[39m SELECT COUNT(*) FROM (SELECT "public"."findings"."id" FROM "public"."findings" WHERE "public"."findings"."reviewId" = $1 OFFSET $2) AS "sub"
[LOG] [2026-06-17T11:10:33.623Z] [34mprisma:query[39m COMMIT
[HTTP] [2026-06-17T11:10:33.623Z] [0mGET /api/reviews/cmqhyqpi80003mofobds2k9wn/progress [36m304[0m 754.480 ms - -[0m
[LOG] [2026-06-17T11:10:35.008Z] [34mprisma:query[39m BEGIN
[LOG] [2026-06-17T11:10:35.048Z] [34mprisma:query[39m DEALLOCATE ALL
[LOG] [2026-06-17T11:10:35.240Z] [34mprisma:query[39m SELECT "public"."reviews"."id", "public"."reviews"."status", "public"."reviews"."stage", "public"."reviews"."uxScore" FROM "public"."reviews" WHERE ("public"."reviews"."id" = $1 AND 1=1) LIMIT $2 OFFSET $3
[LOG] [2026-06-17T11:10:35.280Z] [34mprisma:query[39m COMMIT
[LOG] [2026-06-17T11:10:35.431Z] [34mprisma:query[39m BEGIN
[LOG] [2026-06-17T11:10:35.471Z] [34mprisma:query[39m DEALLOCATE ALL
[LOG] [2026-06-17T11:10:35.663Z] [34mprisma:query[39m SELECT COUNT(*) FROM (SELECT "public"."findings"."id" FROM "public"."findings" WHERE "public"."findings"."reviewId" = $1 OFFSET $2) AS "sub"
[LOG] [2026-06-17T11:10:35.705Z] [34mprisma:query[39m COMMIT
[HTTP] [2026-06-17T11:10:35.706Z] [0mGET /api/reviews/cmqhyqpi80003mofobds2k9wn/progress [36m304[0m 835.732 ms - -[0m
[LOG] [2026-06-17T11:10:36.916Z] [34mprisma:query[39m BEGIN
[LOG] [2026-06-17T11:10:37.056Z] [34mprisma:query[39m DEALLOCATE ALL
[LOG] [2026-06-17T11:10:37.137Z] [34mprisma:query[39m SELECT "public"."reviews"."id", "public"."reviews"."status", "public"."reviews"."stage", "public"."reviews"."uxScore" FROM "public"."reviews" WHERE ("public"."reviews"."id" = $1 AND 1=1) LIMIT $2 OFFSET $3
[LOG] [2026-06-17T11:10:37.285Z] [34mprisma:query[39m COMMIT
[LOG] [2026-06-17T11:10:37.326Z] [34mprisma:query[39m BEGIN
[LOG] [2026-06-17T11:10:37.367Z] [34mprisma:query[39m DEALLOCATE ALL
[LOG] [2026-06-17T11:10:37.558Z] [34mprisma:query[39m SELECT COUNT(*) FROM (SELECT "public"."findings"."id" FROM "public"."findings" WHERE "public"."findings"."reviewId" = $1 OFFSET $2) AS "sub"
[LOG] [2026-06-17T11:10:37.598Z] [34mprisma:query[39m COMMIT
[HTTP] [2026-06-17T11:10:37.599Z] [0mGET /api/reviews/cmqhyqpi80003mofobds2k9wn/progress [36m304[0m 728.458 ms - -[0m
[LOG] [2026-06-17T11:10:38.911Z] [34mprisma:query[39m SELECT 1
[LOG] [2026-06-17T11:10:38.960Z] [34mprisma:query[39m BEGIN
[LOG] [2026-06-17T11:10:39.000Z] [34mprisma:query[39m DEALLOCATE ALL
[LOG] [2026-06-17T11:10:39.080Z] [34mprisma:query[39m SELECT "public"."reviews"."id", "public"."reviews"."status", "public"."reviews"."stage", "public"."reviews"."uxScore" FROM "public"."reviews" WHERE ("public"."reviews"."id" = $1 AND 1=1) LIMIT $2 OFFSET $3
[LOG] [2026-06-17T11:10:39.121Z] [34mprisma:query[39m COMMIT
[LOG] [2026-06-17T11:10:39.162Z] [34mprisma:query[39m BEGIN
[LOG] [2026-06-17T11:10:39.203Z] [34mprisma:query[39m DEALLOCATE ALL
[LOG] [2026-06-17T11:10:39.284Z] [34mprisma:query[39m SELECT COUNT(*) FROM (SELECT "public"."findings"."id" FROM "public"."findings" WHERE "public"."findings"."reviewId" = $1 OFFSET $2) AS "sub"
[LOG] [2026-06-17T11:10:39.324Z] [34mprisma:query[39m COMMIT
[HTTP] [2026-06-17T11:10:39.324Z] [0mGET /api/reviews/cmqhyqpi80003mofobds2k9wn/progress [36m304[0m 455.735 ms - -[0m
[LOG] [2026-06-17T11:10:40.907Z] [34mprisma:query[39m BEGIN
[LOG] [2026-06-17T11:10:40.947Z] [34mprisma:query[39m DEALLOCATE ALL
[LOG] [2026-06-17T11:10:41.028Z] [34mprisma:query[39m SELECT "public"."reviews"."id", "public"."reviews"."status", "public"."reviews"."stage", "public"."reviews"."uxScore" FROM "public"."reviews" WHERE ("public"."reviews"."id" = $1 AND 1=1) LIMIT $2 OFFSET $3
[LOG] [2026-06-17T11:10:41.072Z] [34mprisma:query[39m COMMIT
[LOG] [2026-06-17T11:10:41.113Z] [34mprisma:query[39m BEGIN
[LOG] [2026-06-17T11:10:41.153Z] [34mprisma:query[39m DEALLOCATE ALL
[LOG] [2026-06-17T11:10:41.234Z] [34mprisma:query[39m SELECT COUNT(*) FROM (SELECT "public"."findings"."id" FROM "public"."findings" WHERE "public"."findings"."reviewId" = $1 OFFSET $2) AS "sub"
[LOG] [2026-06-17T11:10:41.275Z] [34mprisma:query[39m COMMIT
[HTTP] [2026-06-17T11:10:41.276Z] [0mGET /api/reviews/cmqhyqpi80003mofobds2k9wn/progress [36m304[0m 409.159 ms - -[0m
[LOG] [2026-06-17T11:10:42.910Z] [34mprisma:query[39m BEGIN
[LOG] [2026-06-17T11:10:42.951Z] [34mprisma:query[39m DEALLOCATE ALL
[LOG] [2026-06-17T11:10:43.032Z] [34mprisma:query[39m SELECT "public"."reviews"."id", "public"."reviews"."status", "public"."reviews"."stage", "public"."reviews"."uxScore" FROM "public"."reviews" WHERE ("public"."reviews"."id" = $1 AND 1=1) LIMIT $2 OFFSET $3
[LOG] [2026-06-17T11:10:43.072Z] [34mprisma:query[39m COMMIT
[LOG] [2026-06-17T11:10:43.113Z] [34mprisma:query[39m BEGIN
[LOG] [2026-06-17T11:10:43.153Z] [34mprisma:query[39m DEALLOCATE ALL
[LOG] [2026-06-17T11:10:43.234Z] [34mprisma:query[39m SELECT COUNT(*) FROM (SELECT "public"."findings"."id" FROM "public"."findings" WHERE "public"."findings"."reviewId" = $1 OFFSET $2) AS "sub"
[LOG] [2026-06-17T11:10:43.274Z] [34mprisma:query[39m COMMIT
[HTTP] [2026-06-17T11:10:43.275Z] [0mGET /api/reviews/cmqhyqpi80003mofobds2k9wn/progress [36m304[0m 404.731 ms - -[0m
[LOG] [2026-06-17T11:10:45.021Z] [34mprisma:query[39m BEGIN
[LOG] [2026-06-17T11:10:45.061Z] [34mprisma:query[39m DEALLOCATE ALL
[LOG] [2026-06-17T11:10:45.256Z] [34mprisma:query[39m SELECT "public"."reviews"."id", "public"."reviews"."status", "public"."reviews"."stage", "public"."reviews"."uxScore" FROM "public"."reviews" WHERE ("public"."reviews"."id" = $1 AND 1=1) LIMIT $2 OFFSET $3
[LOG] [2026-06-17T11:10:45.296Z] [34mprisma:query[39m COMMIT
[LOG] [2026-06-17T11:10:45.447Z] [34mprisma:query[39m BEGIN
[LOG] [2026-06-17T11:10:45.487Z] [34mprisma:query[39m DEALLOCATE ALL
[LOG] [2026-06-17T11:10:45.680Z] [34mprisma:query[39m SELECT COUNT(*) FROM (SELECT "public"."findings"."id" FROM "public"."findings" WHERE "public"."findings"."reviewId" = $1 OFFSET $2) AS "sub"
[LOG] [2026-06-17T11:10:45.720Z] [34mprisma:query[39m COMMIT
[HTTP] [2026-06-17T11:10:45.721Z] [0mGET /api/reviews/cmqhyqpi80003mofobds2k9wn/progress [36m304[0m 852.159 ms - -[0m
[LOG] [2026-06-17T11:10:46.909Z] [34mprisma:query[39m BEGIN
[LOG] [2026-06-17T11:10:46.949Z] [34mprisma:query[39m DEALLOCATE ALL
[LOG] [2026-06-17T11:10:47.106Z] [34mprisma:query[39m SELECT "public"."reviews"."id", "public"."reviews"."status", "public"."reviews"."stage", "public"."reviews"."uxScore" FROM "public"."reviews" WHERE ("public"."reviews"."id" = $1 AND 1=1) LIMIT $2 OFFSET $3
[LOG] [2026-06-17T11:10:47.146Z] [34mprisma:query[39m COMMIT
[LOG] [2026-06-17T11:10:47.295Z] [34mprisma:query[39m BEGIN
[LOG] [2026-06-17T11:10:47.335Z] [34mprisma:query[39m DEALLOCATE ALL
[LOG] [2026-06-17T11:10:47.526Z] [34mprisma:query[39m SELECT COUNT(*) FROM (SELECT "public"."findings"."id" FROM "public"."findings" WHERE "public"."findings"."reviewId" = $1 OFFSET $2) AS "sub"
[LOG] [2026-06-17T11:10:47.566Z] [34mprisma:query[39m COMMIT
[HTTP] [2026-06-17T11:10:47.567Z] [0mGET /api/reviews/cmqhyqpi80003mofobds2k9wn/progress [36m304[0m 698.178 ms - -[0m
[LOG] [2026-06-17T11:10:48.953Z] [34mprisma:query[39m BEGIN
[LOG] [2026-06-17T11:10:48.995Z] [34mprisma:query[39m DEALLOCATE ALL
[LOG] [2026-06-17T11:10:49.186Z] [34mprisma:query[39m SELECT "public"."reviews"."id", "public"."reviews"."status", "public"."reviews"."stage", "public"."reviews"."uxScore" FROM "public"."reviews" WHERE ("public"."reviews"."id" = $1 AND 1=1) LIMIT $2 OFFSET $3
[LOG] [2026-06-17T11:10:49.226Z] [34mprisma:query[39m COMMIT
[LOG] [2026-06-17T11:10:49.377Z] [34mprisma:query[39m BEGIN
[LOG] [2026-06-17T11:10:49.417Z] [34mprisma:query[39m DEALLOCATE ALL
[LOG] [2026-06-17T11:10:49.609Z] [34mprisma:query[39m SELECT COUNT(*) FROM (SELECT "public"."findings"."id" FROM "public"."findings" WHERE "public"."findings"."reviewId" = $1 OFFSET $2) AS "sub"
[LOG] [2026-06-17T11:10:49.651Z] [34mprisma:query[39m COMMIT
[HTTP] [2026-06-17T11:10:49.651Z] [0mGET /api/reviews/cmqhyqpi80003mofobds2k9wn/progress [36m304[0m 781.025 ms - -[0m
[LOG] [2026-06-17T11:10:51.000Z] [34mprisma:query[39m BEGIN
[LOG] [2026-06-17T11:10:51.040Z] [34mprisma:query[39m DEALLOCATE ALL
[LOG] [2026-06-17T11:10:51.232Z] [34mprisma:query[39m SELECT "public"."reviews"."id", "public"."reviews"."status", "public"."reviews"."stage", "public"."reviews"."uxScore" FROM "public"."reviews" WHERE ("public"."reviews"."id" = $1 AND 1=1) LIMIT $2 OFFSET $3
[LOG] [2026-06-17T11:10:51.273Z] [34mprisma:query[39m COMMIT
[LOG] [2026-06-17T11:10:51.315Z] [34mprisma:query[39m BEGIN
[LOG] [2026-06-17T11:10:51.464Z] [34mprisma:query[39m DEALLOCATE ALL
[LOG] [2026-06-17T11:10:51.545Z] [34mprisma:query[39m SELECT COUNT(*) FROM (SELECT "public"."findings"."id" FROM "public"."findings" WHERE "public"."findings"."reviewId" = $1 OFFSET $2) AS "sub"
[LOG] [2026-06-17T11:10:51.697Z] [34mprisma:query[39m COMMIT
[HTTP] [2026-06-17T11:10:51.697Z] [0mGET /api/reviews/cmqhyqpi80003mofobds2k9wn/progress [36m304[0m 828.708 ms - -[0m
[LOG] [2026-06-17T11:10:52.910Z] [34mprisma:query[39m BEGIN
[LOG] [2026-06-17T11:10:52.951Z] [34mprisma:query[39m DEALLOCATE ALL
[LOG] [2026-06-17T11:10:53.031Z] [34mprisma:query[39m SELECT "public"."reviews"."id", "public"."reviews"."status", "public"."reviews"."stage", "public"."reviews"."uxScore" FROM "public"."reviews" WHERE ("public"."reviews"."id" = $1 AND 1=1) LIMIT $2 OFFSET $3
[LOG] [2026-06-17T11:10:53.071Z] [34mprisma:query[39m COMMIT
[LOG] [2026-06-17T11:10:53.112Z] [34mprisma:query[39m BEGIN
[LOG] [2026-06-17T11:10:53.153Z] [34mprisma:query[39m DEALLOCATE ALL
[LOG] [2026-06-17T11:10:53.241Z] [34mprisma:query[39m SELECT COUNT(*) FROM (SELECT "public"."findings"."id" FROM "public"."findings" WHERE "public"."findings"."reviewId" = $1 OFFSET $2) AS "sub"
[LOG] [2026-06-17T11:10:53.286Z] [34mprisma:query[39m COMMIT
[HTTP] [2026-06-17T11:10:53.287Z] [0mGET /api/reviews/cmqhyqpi80003mofobds2k9wn/progress [36m304[0m 416.859 ms - -[0m
[LOG] [2026-06-17T11:10:54.912Z] [34mprisma:query[39m SELECT 1
[LOG] [2026-06-17T11:10:54.952Z] [34mprisma:query[39m BEGIN
[LOG] [2026-06-17T11:10:54.992Z] [34mprisma:query[39m DEALLOCATE ALL
[LOG] [2026-06-17T11:10:55.073Z] [34mprisma:query[39m SELECT "public"."reviews"."id", "public"."reviews"."status", "public"."reviews"."stage", "public"."reviews"."uxScore" FROM "public"."reviews" WHERE ("public"."reviews"."id" = $1 AND 1=1) LIMIT $2 OFFSET $3
[LOG] [2026-06-17T11:10:55.113Z] [34mprisma:query[39m COMMIT
[LOG] [2026-06-17T11:10:55.155Z] [34mprisma:query[39m BEGIN
[LOG] [2026-06-17T11:10:55.194Z] [34mprisma:query[39m DEALLOCATE ALL
[LOG] [2026-06-17T11:10:55.277Z] [34mprisma:query[39m SELECT COUNT(*) FROM (SELECT "public"."findings"."id" FROM "public"."findings" WHERE "public"."findings"."reviewId" = $1 OFFSET $2) AS "sub"
[LOG] [2026-06-17T11:10:55.317Z] [34mprisma:query[39m COMMIT
[HTTP] [2026-06-17T11:10:55.318Z] [0mGET /api/reviews/cmqhyqpi80003mofobds2k9wn/progress [36m304[0m 447.482 ms - -[0m
[LOG] [2026-06-17T11:10:57.019Z] [34mprisma:query[39m BEGIN
[LOG] [2026-06-17T11:10:57.059Z] [34mprisma:query[39m DEALLOCATE ALL
[LOG] [2026-06-17T11:10:57.252Z] [34mprisma:query[39m SELECT "public"."reviews"."id", "public"."reviews"."status", "public"."reviews"."stage", "public"."reviews"."uxScore" FROM "public"."reviews" WHERE ("public"."reviews"."id" = $1 AND 1=1) LIMIT $2 OFFSET $3
[LOG] [2026-06-17T11:10:57.292Z] [34mprisma:query[39m COMMIT
[LOG] [2026-06-17T11:10:57.333Z] [34mprisma:query[39m BEGIN
[LOG] [2026-06-17T11:10:57.485Z] [34mprisma:query[39m DEALLOCATE ALL
[LOG] [2026-06-17T11:10:57.594Z] [34mprisma:query[39m SELECT COUNT(*) FROM (SELECT "public"."findings"."id" FROM "public"."findings" WHERE "public"."findings"."reviewId" = $1 OFFSET $2) AS "sub"
[LOG] [2026-06-17T11:10:57.716Z] [34mprisma:query[39m COMMIT
[HTTP] [2026-06-17T11:10:57.716Z] [0mGET /api/reviews/cmqhyqpi80003mofobds2k9wn/progress [36m304[0m 847.926 ms - -[0m
[LOG] [2026-06-17T11:10:58.916Z] [34mprisma:query[39m BEGIN
[LOG] [2026-06-17T11:10:58.956Z] [34mprisma:query[39m DEALLOCATE ALL
[LOG] [2026-06-17T11:10:59.150Z] [34mprisma:query[39m SELECT "public"."reviews"."id", "public"."reviews"."status", "public"."reviews"."stage", "public"."reviews"."uxScore" FROM "public"."reviews" WHERE ("public"."reviews"."id" = $1 AND 1=1) LIMIT $2 OFFSET $3
[LOG] [2026-06-17T11:10:59.191Z] [34mprisma:query[39m COMMIT
[LOG] [2026-06-17T11:10:59.342Z] [34mprisma:query[39m BEGIN
[LOG] [2026-06-17T11:10:59.385Z] [34mprisma:query[39m DEALLOCATE ALL
[LOG] [2026-06-17T11:10:59.575Z] [34mprisma:query[39m SELECT COUNT(*) FROM (SELECT "public"."findings"."id" FROM "public"."findings" WHERE "public"."findings"."reviewId" = $1 OFFSET $2) AS "sub"
[LOG] [2026-06-17T11:10:59.615Z] [34mprisma:query[39m COMMIT
[HTTP] [2026-06-17T11:10:59.615Z] [0mGET /api/reviews/cmqhyqpi80003mofobds2k9wn/progress [36m304[0m 746.740 ms - -[0m
[LOG] [2026-06-17T11:11:00.997Z] [34mprisma:query[39m BEGIN
[LOG] [2026-06-17T11:11:01.038Z] [34mprisma:query[39m DEALLOCATE ALL
[LOG] [2026-06-17T11:11:01.229Z] [34mprisma:query[39m SELECT "public"."reviews"."id", "public"."reviews"."status", "public"."reviews"."stage", "public"."reviews"."uxScore" FROM "public"."reviews" WHERE ("public"."reviews"."id" = $1 AND 1=1) LIMIT $2 OFFSET $3
[LOG] [2026-06-17T11:11:01.269Z] [34mprisma:query[39m COMMIT
[LOG] [2026-06-17T11:11:01.420Z] [34mprisma:query[39m BEGIN
[LOG] [2026-06-17T11:11:01.460Z] [34mprisma:query[39m DEALLOCATE ALL
[LOG] [2026-06-17T11:11:01.650Z] [34mprisma:query[39m SELECT COUNT(*) FROM (SELECT "public"."findings"."id" FROM "public"."findings" WHERE "public"."findings"."reviewId" = $1 OFFSET $2) AS "sub"
[LOG] [2026-06-17T11:11:01.690Z] [34mprisma:query[39m COMMIT
[HTTP] [2026-06-17T11:11:01.690Z] [0mGET /api/reviews/cmqhyqpi80003mofobds2k9wn/progress [36m304[0m 820.698 ms - -[0m
[LOG] [2026-06-17T11:11:02.909Z] [34mprisma:query[39m BEGIN
[LOG] [2026-06-17T11:11:03.040Z] [34mprisma:query[39m DEALLOCATE ALL
[LOG] [2026-06-17T11:11:03.121Z] [34mprisma:query[39m SELECT "public"."reviews"."id", "public"."reviews"."status", "public"."reviews"."stage", "public"."reviews"."uxScore" FROM "public"."reviews" WHERE ("public"."reviews"."id" = $1 AND 1=1) LIMIT $2 OFFSET $3
[LOG] [2026-06-17T11:11:03.271Z] [34mprisma:query[39m COMMIT
[LOG] [2026-06-17T11:11:03.311Z] [34mprisma:query[39m BEGIN
[LOG] [2026-06-17T11:11:03.352Z] [34mprisma:query[39m DEALLOCATE ALL
[LOG] [2026-06-17T11:11:03.545Z] [34mprisma:query[39m SELECT COUNT(*) FROM (SELECT "public"."findings"."id" FROM "public"."findings" WHERE "public"."findings"."reviewId" = $1 OFFSET $2) AS "sub"
[LOG] [2026-06-17T11:11:03.586Z] [34mprisma:query[39m COMMIT
[HTTP] [2026-06-17T11:11:03.586Z] [0mGET /api/reviews/cmqhyqpi80003mofobds2k9wn/progress [36m304[0m 717.725 ms - -[0m
[LOG] [2026-06-17T11:11:04.934Z] [34mprisma:query[39m BEGIN
[LOG] [2026-06-17T11:11:04.975Z] [34mprisma:query[39m DEALLOCATE ALL
[LOG] [2026-06-17T11:11:05.166Z] [34mprisma:query[39m SELECT "public"."reviews"."id", "public"."reviews"."status", "public"."reviews"."stage", "public"."reviews"."uxScore" FROM "public"."reviews" WHERE ("public"."reviews"."id" = $1 AND 1=1) LIMIT $2 OFFSET $3
[LOG] [2026-06-17T11:11:05.207Z] [34mprisma:query[39m COMMIT
[LOG] [2026-06-17T11:11:05.358Z] [34mprisma:query[39m BEGIN
[LOG] [2026-06-17T11:11:05.398Z] [34mprisma:query[39m DEALLOCATE ALL
[LOG] [2026-06-17T11:11:05.478Z] [34mprisma:query[39m SELECT COUNT(*) FROM (SELECT "public"."findings"."id" FROM "public"."findings" WHERE "public"."findings"."reviewId" = $1 OFFSET $2) AS "sub"
[LOG] [2026-06-17T11:11:05.518Z] [34mprisma:query[39m COMMIT
[HTTP] [2026-06-17T11:11:05.518Z] [0mGET /api/reviews/cmqhyqpi80003mofobds2k9wn/progress [36m304[0m 650.322 ms - -[0m
[LOG] [2026-06-17T11:11:06.910Z] [34mprisma:query[39m BEGIN
[LOG] [2026-06-17T11:11:06.951Z] [34mprisma:query[39m DEALLOCATE ALL
[LOG] [2026-06-17T11:11:07.031Z] [34mprisma:query[39m SELECT "public"."reviews"."id", "public"."reviews"."status", "public"."reviews"."stage", "public"."reviews"."uxScore" FROM "public"."reviews" WHERE ("public"."reviews"."id" = $1 AND 1=1) LIMIT $2 OFFSET $3
[LOG] [2026-06-17T11:11:07.073Z] [34mprisma:query[39m COMMIT
[LOG] [2026-06-17T11:11:07.114Z] [34mprisma:query[39m BEGIN
[LOG] [2026-06-17T11:11:07.154Z] [34mprisma:query[39m DEALLOCATE ALL
[LOG] [2026-06-17T11:11:07.234Z] [34mprisma:query[39m SELECT COUNT(*) FROM (SELECT "public"."findings"."id" FROM "public"."findings" WHERE "public"."findings"."reviewId" = $1 OFFSET $2) AS "sub"
[LOG] [2026-06-17T11:11:07.275Z] [34mprisma:query[39m COMMIT
[HTTP] [2026-06-17T11:11:07.276Z] [0mGET /api/reviews/cmqhyqpi80003mofobds2k9wn/progress [36m304[0m 405.814 ms - -[0m
[LOG] [2026-06-17T11:11:08.908Z] [34mprisma:query[39m BEGIN
[LOG] [2026-06-17T11:11:08.949Z] [34mprisma:query[39m DEALLOCATE ALL
[LOG] [2026-06-17T11:11:09.032Z] [34mprisma:query[39m SELECT "public"."reviews"."id", "public"."reviews"."status", "public"."reviews"."stage", "public"."reviews"."uxScore" FROM "public"."reviews" WHERE ("public"."reviews"."id" = $1 AND 1=1) LIMIT $2 OFFSET $3
[LOG] [2026-06-17T11:11:09.072Z] [34mprisma:query[39m COMMIT
[LOG] [2026-06-17T11:11:09.113Z] [34mprisma:query[39m BEGIN
[LOG] [2026-06-17T11:11:09.153Z] [34mprisma:query[39m DEALLOCATE ALL
[LOG] [2026-06-17T11:11:09.238Z] [34mprisma:query[39m SELECT COUNT(*) FROM (SELECT "public"."findings"."id" FROM "public"."findings" WHERE "public"."findings"."reviewId" = $1 OFFSET $2) AS "sub"
[LOG] [2026-06-17T11:11:09.278Z] [34mprisma:query[39m COMMIT
[HTTP] [2026-06-17T11:11:09.279Z] [0mGET /api/reviews/cmqhyqpi80003mofobds2k9wn/progress [36m304[0m 410.903 ms - -[0m
[LOG] [2026-06-17T11:11:10.916Z] [34mprisma:query[39m SELECT 1
[LOG] [2026-06-17T11:11:10.957Z] [34mprisma:query[39m BEGIN
[LOG] [2026-06-17T11:11:11.107Z] [34mprisma:query[39m DEALLOCATE ALL
[LOG] [2026-06-17T11:11:11.189Z] [34mprisma:query[39m SELECT "public"."reviews"."id", "public"."reviews"."status", "public"."reviews"."stage", "public"."reviews"."uxScore" FROM "public"."reviews" WHERE ("public"."reviews"."id" = $1 AND 1=1) LIMIT $2 OFFSET $3
[LOG] [2026-06-17T11:11:11.344Z] [34mprisma:query[39m COMMIT
[LOG] [2026-06-17T11:11:11.385Z] [34mprisma:query[39m BEGIN
[LOG] [2026-06-17T11:11:11.426Z] [34mprisma:query[39m DEALLOCATE ALL
[LOG] [2026-06-17T11:11:11.613Z] [34mprisma:query[39m SELECT COUNT(*) FROM (SELECT "public"."findings"."id" FROM "public"."findings" WHERE "public"."findings"."reviewId" = $1 OFFSET $2) AS "sub"
[LOG] [2026-06-17T11:11:11.654Z] [34mprisma:query[39m COMMIT
[HTTP] [2026-06-17T11:11:11.655Z] [0mGET /api/reviews/cmqhyqpi80003mofobds2k9wn/progress [36m304[0m 786.653 ms - -[0m
[LOG] [2026-06-17T11:11:13.006Z] [34mprisma:query[39m BEGIN
[LOG] [2026-06-17T11:11:13.048Z] [34mprisma:query[39m DEALLOCATE ALL
[LOG] [2026-06-17T11:11:13.240Z] [34mprisma:query[39m SELECT "public"."reviews"."id", "public"."reviews"."status", "public"."reviews"."stage", "public"."reviews"."uxScore" FROM "public"."reviews" WHERE ("public"."reviews"."id" = $1 AND 1=1) LIMIT $2 OFFSET $3
[LOG] [2026-06-17T11:11:13.280Z] [34mprisma:query[39m COMMIT
[LOG] [2026-06-17T11:11:13.430Z] [34mprisma:query[39m BEGIN
[LOG] [2026-06-17T11:11:13.473Z] [34mprisma:query[39m DEALLOCATE ALL
[LOG] [2026-06-17T11:11:13.660Z] [34mprisma:query[39m SELECT COUNT(*) FROM (SELECT "public"."findings"."id" FROM "public"."findings" WHERE "public"."findings"."reviewId" = $1 OFFSET $2) AS "sub"
[LOG] [2026-06-17T11:11:13.702Z] [34mprisma:query[39m COMMIT
[HTTP] [2026-06-17T11:11:13.703Z] [0mGET /api/reviews/cmqhyqpi80003mofobds2k9wn/progress [36m304[0m 833.601 ms - -[0m
[LOG] [2026-06-17T11:11:14.909Z] [34mprisma:query[39m BEGIN
[LOG] [2026-06-17T11:11:15.043Z] [34mprisma:query[39m DEALLOCATE ALL
[LOG] [2026-06-17T11:11:15.124Z] [34mprisma:query[39m SELECT "public"."reviews"."id", "public"."reviews"."status", "public"."reviews"."stage", "public"."reviews"."uxScore" FROM "public"."reviews" WHERE ("public"."reviews"."id" = $1 AND 1=1) LIMIT $2 OFFSET $3
[LOG] [2026-06-17T11:11:15.274Z] [34mprisma:query[39m COMMIT
[LOG] [2026-06-17T11:11:15.316Z] [34mprisma:query[39m BEGIN
[LOG] [2026-06-17T11:11:15.356Z] [34mprisma:query[39m DEALLOCATE ALL
[LOG] [2026-06-17T11:11:15.546Z] [34mprisma:query[39m SELECT COUNT(*) FROM (SELECT "public"."findings"."id" FROM "public"."findings" WHERE "public"."findings"."reviewId" = $1 OFFSET $2) AS "sub"
[LOG] [2026-06-17T11:11:15.586Z] [34mprisma:query[39m COMMIT
[HTTP] [2026-06-17T11:11:15.587Z] [0mGET /api/reviews/cmqhyqpi80003mofobds2k9wn/progress [36m304[0m 719.051 ms - -[0m
[LOG] [2026-06-17T11:11:16.935Z] [34mprisma:query[39m BEGIN
[LOG] [2026-06-17T11:11:16.975Z] [34mprisma:query[39m DEALLOCATE ALL
[LOG] [2026-06-17T11:11:17.174Z] [34mprisma:query[39m SELECT "public"."reviews"."id", "public"."reviews"."status", "public"."reviews"."stage", "public"."reviews"."uxScore" FROM "public"."reviews" WHERE ("public"."reviews"."id" = $1 AND 1=1) LIMIT $2 OFFSET $3
[LOG] [2026-06-17T11:11:17.214Z] [34mprisma:query[39m COMMIT
[LOG] [2026-06-17T11:11:17.359Z] [34mprisma:query[39m BEGIN
[LOG] [2026-06-17T11:11:17.399Z] [34mprisma:query[39m DEALLOCATE ALL
[LOG] [2026-06-17T11:11:17.590Z] [34mprisma:query[39m SELECT COUNT(*) FROM (SELECT "public"."findings"."id" FROM "public"."findings" WHERE "public"."findings"."reviewId" = $1 OFFSET $2) AS "sub"
[LOG] [2026-06-17T11:11:17.630Z] [34mprisma:query[39m COMMIT
[HTTP] [2026-06-17T11:11:17.631Z] [0mGET /api/reviews/cmqhyqpi80003mofobds2k9wn/progress [36m304[0m 763.788 ms - -[0m
[LOG] [2026-06-17T11:11:18.911Z] [34mprisma:query[39m BEGIN
[LOG] [2026-06-17T11:11:18.951Z] [34mprisma:query[39m DEALLOCATE ALL
[LOG] [2026-06-17T11:11:19.031Z] [34mprisma:query[39m SELECT "public"."reviews"."id", "public"."reviews"."status", "public"."reviews"."stage", "public"."reviews"."uxScore" FROM "public"."reviews" WHERE ("public"."reviews"."id" = $1 AND 1=1) LIMIT $2 OFFSET $3
[LOG] [2026-06-17T11:11:19.071Z] [34mprisma:query[39m COMMIT
[LOG] [2026-06-17T11:11:19.112Z] [34mprisma:query[39m BEGIN
[LOG] [2026-06-17T11:11:19.152Z] [34mprisma:query[39m DEALLOCATE ALL
[LOG] [2026-06-17T11:11:19.233Z] [34mprisma:query[39m SELECT COUNT(*) FROM (SELECT "public"."findings"."id" FROM "public"."findings" WHERE "public"."findings"."reviewId" = $1 OFFSET $2) AS "sub"
[LOG] [2026-06-17T11:11:19.273Z] [34mprisma:query[39m COMMIT
[HTTP] [2026-06-17T11:11:19.273Z] [0mGET /api/reviews/cmqhyqpi80003mofobds2k9wn/progress [36m304[0m 403.972 ms - -[0m
[LOG] [2026-06-17T11:11:20.908Z] [34mprisma:query[39m BEGIN
[LOG] [2026-06-17T11:11:20.949Z] [34mprisma:query[39m DEALLOCATE ALL
[LOG] [2026-06-17T11:11:21.029Z] [34mprisma:query[39m SELECT "public"."reviews"."id", "public"."reviews"."status", "public"."reviews"."stage", "public"."reviews"."uxScore" FROM "public"."reviews" WHERE ("public"."reviews"."id" = $1 AND 1=1) LIMIT $2 OFFSET $3
[LOG] [2026-06-17T11:11:21.069Z] [34mprisma:query[39m COMMIT
[LOG] [2026-06-17T11:11:21.110Z] [34mprisma:query[39m BEGIN
[LOG] [2026-06-17T11:11:21.150Z] [34mprisma:query[39m DEALLOCATE ALL
[LOG] [2026-06-17T11:11:21.231Z] [34mprisma:query[39m SELECT COUNT(*) FROM (SELECT "public"."findings"."id" FROM "public"."findings" WHERE "public"."findings"."reviewId" = $1 OFFSET $2) AS "sub"
[LOG] [2026-06-17T11:11:21.271Z] [34mprisma:query[39m COMMIT
[HTTP] [2026-06-17T11:11:21.272Z] [0mGET /api/reviews/cmqhyqpi80003mofobds2k9wn/progress [36m304[0m 404.181 ms - -[0m
[LOG] [2026-06-17T11:11:22.909Z] [34mprisma:query[39m BEGIN
[LOG] [2026-06-17T11:11:22.950Z] [34mprisma:query[39m DEALLOCATE ALL
[LOG] [2026-06-17T11:11:23.033Z] [34mprisma:query[39m SELECT "public"."reviews"."id", "public"."reviews"."status", "public"."reviews"."stage", "public"."reviews"."uxScore" FROM "public"."reviews" WHERE ("public"."reviews"."id" = $1 AND 1=1) LIMIT $2 OFFSET $3
[LOG] [2026-06-17T11:11:23.075Z] [34mprisma:query[39m COMMIT
[LOG] [2026-06-17T11:11:23.449Z] [34mprisma:query[39m BEGIN
[LOG] [2026-06-17T11:11:23.489Z] [34mprisma:query[39m DEALLOCATE ALL
[LOG] [2026-06-17T11:11:23.569Z] [34mprisma:query[39m SELECT COUNT(*) FROM (SELECT "public"."findings"."id" FROM "public"."findings" WHERE "public"."findings"."reviewId" = $1 OFFSET $2) AS "sub"
[LOG] [2026-06-17T11:11:23.609Z] [34mprisma:query[39m COMMIT
[HTTP] [2026-06-17T11:11:23.610Z] [0mGET /api/reviews/cmqhyqpi80003mofobds2k9wn/progress [36m304[0m 741.970 ms - -[0m
[LOG] [2026-06-17T11:11:24.987Z] [34mprisma:query[39m BEGIN
[LOG] [2026-06-17T11:11:25.027Z] [34mprisma:query[39m DEALLOCATE ALL
[LOG] [2026-06-17T11:11:25.219Z] [34mprisma:query[39m SELECT "public"."reviews"."id", "public"."reviews"."status", "public"."reviews"."stage", "public"."reviews"."uxScore" FROM "public"."reviews" WHERE ("public"."reviews"."id" = $1 AND 1=1) LIMIT $2 OFFSET $3
[LOG] [2026-06-17T11:11:25.260Z] [34mprisma:query[39m COMMIT
[LOG] [2026-06-17T11:11:25.300Z] [34mprisma:query[39m BEGIN
[LOG] [2026-06-17T11:11:25.452Z] [34mprisma:query[39m DEALLOCATE ALL
[LOG] [2026-06-17T11:11:25.533Z] [34mprisma:query[39m SELECT COUNT(*) FROM (SELECT "public"."findings"."id" FROM "public"."findings" WHERE "public"."findings"."reviewId" = $1 OFFSET $2) AS "sub"
[LOG] [2026-06-17T11:11:25.684Z] [34mprisma:query[39m COMMIT
[HTTP] [2026-06-17T11:11:25.685Z] [0mGET /api/reviews/cmqhyqpi80003mofobds2k9wn/progress [36m304[0m 816.073 ms - -[0m
[LOG] [2026-06-17T11:11:26.908Z] [34mprisma:query[39m BEGIN
[LOG] [2026-06-17T11:11:26.948Z] [34mprisma:query[39m DEALLOCATE ALL
[LOG] [2026-06-17T11:11:27.113Z] [34mprisma:query[39m SELECT "public"."reviews"."id", "public"."reviews"."status", "public"."reviews"."stage", "public"."reviews"."uxScore" FROM "public"."reviews" WHERE ("public"."reviews"."id" = $1 AND 1=1) LIMIT $2 OFFSET $3
[LOG] [2026-06-17T11:11:27.153Z] [34mprisma:query[39m COMMIT
[LOG] [2026-06-17T11:11:27.303Z] [34mprisma:query[39m BEGIN
[LOG] [2026-06-17T11:11:27.342Z] [34mprisma:query[39m DEALLOCATE ALL
[LOG] [2026-06-17T11:11:27.532Z] [34mprisma:query[39m SELECT COUNT(*) FROM (SELECT "public"."findings"."id" FROM "public"."findings" WHERE "public"."findings"."reviewId" = $1 OFFSET $2) AS "sub"
[LOG] [2026-06-17T11:11:27.572Z] [34mprisma:query[39m COMMIT
[HTTP] [2026-06-17T11:11:27.572Z] [0mGET /api/reviews/cmqhyqpi80003mofobds2k9wn/progress [36m304[0m 704.451 ms - -[0m
[LOG] [2026-06-17T11:11:28.966Z] [34mprisma:query[39m BEGIN
[LOG] [2026-06-17T11:11:29.016Z] [34mprisma:query[39m DEALLOCATE ALL
[LOG] [2026-06-17T11:11:29.192Z] [34mprisma:query[39m SELECT "public"."reviews"."id", "public"."reviews"."status", "public"."reviews"."stage", "public"."reviews"."uxScore" FROM "public"."reviews" WHERE ("public"."reviews"."id" = $1 AND 1=1) LIMIT $2 OFFSET $3
[LOG] [2026-06-17T11:11:29.232Z] [34mprisma:query[39m COMMIT
[LOG] [2026-06-17T11:11:29.383Z] [34mprisma:query[39m BEGIN
[LOG] [2026-06-17T11:11:29.423Z] [34mprisma:query[39m DEALLOCATE ALL
[LOG] [2026-06-17T11:11:29.615Z] [34mprisma:query[39m SELECT COUNT(*) FROM (SELECT "public"."findings"."id" FROM "public"."findings" WHERE "public"."findings"."reviewId" = $1 OFFSET $2) AS "sub"
[LOG] [2026-06-17T11:11:29.656Z] [34mprisma:query[39m COMMIT
[HTTP] [2026-06-17T11:11:29.657Z] [0mGET /api/reviews/cmqhyqpi80003mofobds2k9wn/progress [36m304[0m 789.523 ms - -[0m
[LOG] [2026-06-17T11:11:31.005Z] [34mprisma:query[39m BEGIN
[LOG] [2026-06-17T11:11:31.045Z] [34mprisma:query[39m DEALLOCATE ALL
[LOG] [2026-06-17T11:11:31.237Z] [34mprisma:query[39m SELECT "public"."reviews"."id", "public"."reviews"."status", "public"."reviews"."stage", "public"."reviews"."uxScore" FROM "public"."reviews" WHERE ("public"."reviews"."id" = $1 AND 1=1) LIMIT $2 OFFSET $3
[LOG] [2026-06-17T11:11:31.277Z] [34mprisma:query[39m COMMIT
[LOG] [2026-06-17T11:11:31.318Z] [34mprisma:query[39m BEGIN
[LOG] [2026-06-17T11:11:31.469Z] [34mprisma:query[39m DEALLOCATE ALL
[LOG] [2026-06-17T11:11:31.549Z] [34mprisma:query[39m SELECT COUNT(*) FROM (SELECT "public"."findings"."id" FROM "public"."findings" WHERE "public"."findings"."reviewId" = $1 OFFSET $2) AS "sub"
[LOG] [2026-06-17T11:11:31.700Z] [34mprisma:query[39m COMMIT
[HTTP] [2026-06-17T11:11:31.701Z] [0mGET /api/reviews/cmqhyqpi80003mofobds2k9wn/progress [36m304[0m 831.772 ms - -[0m
[LOG] [2026-06-17T11:11:32.908Z] [34mprisma:query[39m BEGIN
[LOG] [2026-06-17T11:11:32.948Z] [34mprisma:query[39m DEALLOCATE ALL
[LOG] [2026-06-17T11:11:33.028Z] [34mprisma:query[39m SELECT "public"."reviews"."id", "public"."reviews"."status", "public"."reviews"."stage", "public"."reviews"."uxScore" FROM "public"."reviews" WHERE ("public"."reviews"."id" = $1 AND 1=1) LIMIT $2 OFFSET $3
[LOG] [2026-06-17T11:11:33.069Z] [34mprisma:query[39m COMMIT
[LOG] [2026-06-17T11:11:33.109Z] [34mprisma:query[39m BEGIN
[LOG] [2026-06-17T11:11:33.149Z] [34mprisma:query[39m DEALLOCATE ALL
[LOG] [2026-06-17T11:11:33.230Z] [34mprisma:query[39m SELECT COUNT(*) FROM (SELECT "public"."findings"."id" FROM "public"."findings" WHERE "public"."findings"."reviewId" = $1 OFFSET $2) AS "sub"
[LOG] [2026-06-17T11:11:33.270Z] [34mprisma:query[39m COMMIT
[HTTP] [2026-06-17T11:11:33.271Z] [0mGET /api/reviews/cmqhyqpi80003mofobds2k9wn/progress [36m304[0m 402.945 ms - -[0m
[LOG] [2026-06-17T11:11:34.909Z] [34mprisma:query[39m BEGIN
[LOG] [2026-06-17T11:11:34.949Z] [34mprisma:query[39m DEALLOCATE ALL
[LOG] [2026-06-17T11:11:35.030Z] [34mprisma:query[39m SELECT "public"."reviews"."id", "public"."reviews"."status", "public"."reviews"."stage", "public"."reviews"."uxScore" FROM "public"."reviews" WHERE ("public"."reviews"."id" = $1 AND 1=1) LIMIT $2 OFFSET $3
[LOG] [2026-06-17T11:11:35.069Z] [34mprisma:query[39m COMMIT
[LOG] [2026-06-17T11:11:35.110Z] [34mprisma:query[39m BEGIN
[LOG] [2026-06-17T11:11:35.150Z] [34mprisma:query[39m DEALLOCATE ALL
[LOG] [2026-06-17T11:11:35.230Z] [34mprisma:query[39m SELECT COUNT(*) FROM (SELECT "public"."findings"."id" FROM "public"."findings" WHERE "public"."findings"."reviewId" = $1 OFFSET $2) AS "sub"
[LOG] [2026-06-17T11:11:35.270Z] [34mprisma:query[39m COMMIT
[HTTP] [2026-06-17T11:11:35.270Z] [0mGET /api/reviews/cmqhyqpi80003mofobds2k9wn/progress [36m304[0m 402.841 ms - -[0m
[LOG] [2026-06-17T11:11:36.909Z] [34mprisma:query[39m BEGIN
[LOG] [2026-06-17T11:11:36.949Z] [34mprisma:query[39m DEALLOCATE ALL
[LOG] [2026-06-17T11:11:37.029Z] [34mprisma:query[39m SELECT "public"."reviews"."id", "public"."reviews"."status", "public"."reviews"."stage", "public"."reviews"."uxScore" FROM "public"."reviews" WHERE ("public"."reviews"."id" = $1 AND 1=1) LIMIT $2 OFFSET $3
[LOG] [2026-06-17T11:11:37.069Z] [34mprisma:query[39m COMMIT
[LOG] [2026-06-17T11:11:37.109Z] [34mprisma:query[39m BEGIN
[LOG] [2026-06-17T11:11:37.154Z] [34mprisma:query[39m DEALLOCATE ALL
[LOG] [2026-06-17T11:11:37.327Z] [34mprisma:query[39m SELECT COUNT(*) FROM (SELECT "public"."findings"."id" FROM "public"."findings" WHERE "public"."findings"."reviewId" = $1 OFFSET $2) AS "sub"
[LOG] [2026-06-17T11:11:37.374Z] [34mprisma:query[39m COMMIT
[HTTP] [2026-06-17T11:11:37.375Z] [0mGET /api/reviews/cmqhyqpi80003mofobds2k9wn/progress [36m304[0m 506.265 ms - -[0m
[LOG] [2026-06-17T11:11:38.951Z] [34mprisma:query[39m SELECT 1
[LOG] [2026-06-17T11:11:38.993Z] [34mprisma:query[39m BEGIN
[LOG] [2026-06-17T11:11:39.144Z] [34mprisma:query[39m DEALLOCATE ALL
[LOG] [2026-06-17T11:11:39.224Z] [34mprisma:query[39m SELECT "public"."reviews"."id", "public"."reviews"."status", "public"."reviews"."stage", "public"."reviews"."uxScore" FROM "public"."reviews" WHERE ("public"."reviews"."id" = $1 AND 1=1) LIMIT $2 OFFSET $3
[LOG] [2026-06-17T11:11:39.377Z] [34mprisma:query[39m COMMIT
[LOG] [2026-06-17T11:11:39.418Z] [34mprisma:query[39m BEGIN
[LOG] [2026-06-17T11:11:39.458Z] [34mprisma:query[39m DEALLOCATE ALL
[LOG] [2026-06-17T11:11:39.650Z] [34mprisma:query[39m SELECT COUNT(*) FROM (SELECT "public"."findings"."id" FROM "public"."findings" WHERE "public"."findings"."reviewId" = $1 OFFSET $2) AS "sub"
[LOG] [2026-06-17T11:11:39.690Z] [34mprisma:query[39m COMMIT
[HTTP] [2026-06-17T11:11:39.691Z] [0mGET /api/reviews/cmqhyqpi80003mofobds2k9wn/progress [36m304[0m 823.593 ms - -[0m
[LOG] [2026-06-17T11:11:40.992Z] [34mprisma:query[39m BEGIN
[LOG] [2026-06-17T11:11:41.032Z] [34mprisma:query[39m DEALLOCATE ALL
[LOG] [2026-06-17T11:11:41.223Z] [34mprisma:query[39m SELECT "public"."reviews"."id", "public"."reviews"."status", "public"."reviews"."stage", "public"."reviews"."uxScore" FROM "public"."reviews" WHERE ("public"."reviews"."id" = $1 AND 1=1) LIMIT $2 OFFSET $3
[LOG] [2026-06-17T11:11:41.263Z] [34mprisma:query[39m COMMIT
[LOG] [2026-06-17T11:11:41.303Z] [34mprisma:query[39m BEGIN
[LOG] [2026-06-17T11:11:41.454Z] [34mprisma:query[39m DEALLOCATE ALL
[LOG] [2026-06-17T11:11:41.536Z] [34mprisma:query[39m SELECT COUNT(*) FROM (SELECT "public"."findings"."id" FROM "public"."findings" WHERE "public"."findings"."reviewId" = $1 OFFSET $2) AS "sub"
[LOG] [2026-06-17T11:11:41.686Z] [34mprisma:query[39m COMMIT
[HTTP] [2026-06-17T11:11:41.686Z] [0mGET /api/reviews/cmqhyqpi80003mofobds2k9wn/progress [36m304[0m 818.996 ms - -[0m
[LOG] [2026-06-17T11:11:42.909Z] [34mprisma:query[39m BEGIN
[LOG] [2026-06-17T11:11:42.949Z] [34mprisma:query[39m DEALLOCATE ALL
[LOG] [2026-06-17T11:11:43.114Z] [34mprisma:query[39m SELECT "public"."reviews"."id", "public"."reviews"."status", "public"."reviews"."stage", "public"."reviews"."uxScore" FROM "public"."reviews" WHERE ("public"."reviews"."id" = $1 AND 1=1) LIMIT $2 OFFSET $3
[LOG] [2026-06-17T11:11:43.154Z] [34mprisma:query[39m COMMIT
[LOG] [2026-06-17T11:11:43.306Z] [34mprisma:query[39m BEGIN
[LOG] [2026-06-17T11:11:43.346Z] [34mprisma:query[39m DEALLOCATE ALL
[LOG] [2026-06-17T11:11:43.538Z] [34mprisma:query[39m SELECT COUNT(*) FROM (SELECT "public"."findings"."id" FROM "public"."findings" WHERE "public"."findings"."reviewId" = $1 OFFSET $2) AS "sub"
[LOG] [2026-06-17T11:11:43.577Z] [34mprisma:query[39m COMMIT
[HTTP] [2026-06-17T11:11:43.578Z] [0mGET /api/reviews/cmqhyqpi80003mofobds2k9wn/progress [36m304[0m 709.412 ms - -[0m
[LOG] [2026-06-17T11:11:44.967Z] [34mprisma:query[39m BEGIN
[LOG] [2026-06-17T11:11:45.009Z] [34mprisma:query[39m DEALLOCATE ALL
[LOG] [2026-06-17T11:11:45.202Z] [34mprisma:query[39m SELECT "public"."reviews"."id", "public"."reviews"."status", "public"."reviews"."stage", "public"."reviews"."uxScore" FROM "public"."reviews" WHERE ("public"."reviews"."id" = $1 AND 1=1) LIMIT $2 OFFSET $3
[LOG] [2026-06-17T11:11:45.242Z] [34mprisma:query[39m COMMIT
[LOG] [2026-06-17T11:11:45.393Z] [34mprisma:query[39m BEGIN
[LOG] [2026-06-17T11:11:45.433Z] [34mprisma:query[39m DEALLOCATE ALL
[LOG] [2026-06-17T11:11:45.625Z] [34mprisma:query[39m SELECT COUNT(*) FROM (SELECT "public"."findings"."id" FROM "public"."findings" WHERE "public"."findings"."reviewId" = $1 OFFSET $2) AS "sub"
[LOG] [2026-06-17T11:11:45.664Z] [34mprisma:query[39m COMMIT
[HTTP] [2026-06-17T11:11:45.665Z] [0mGET /api/reviews/cmqhyqpi80003mofobds2k9wn/progress [36m304[0m 798.050 ms - -[0m
[LOG] [2026-06-17T11:11:47.144Z] [34mprisma:query[39m BEGIN
[LOG] [2026-06-17T11:11:47.184Z] [34mprisma:query[39m DEALLOCATE ALL
[LOG] [2026-06-17T11:11:47.265Z] [34mprisma:query[39m SELECT "public"."reviews"."id", "public"."reviews"."status", "public"."reviews"."stage", "public"."reviews"."uxScore" FROM "public"."reviews" WHERE ("public"."reviews"."id" = $1 AND 1=1) LIMIT $2 OFFSET $3
[LOG] [2026-06-17T11:11:47.306Z] [34mprisma:query[39m COMMIT
[LOG] [2026-06-17T11:11:47.347Z] [34mprisma:query[39m BEGIN
[LOG] [2026-06-17T11:11:47.387Z] [34mprisma:query[39m DEALLOCATE ALL
[LOG] [2026-06-17T11:11:47.468Z] [34mprisma:query[39m SELECT COUNT(*) FROM (SELECT "public"."findings"."id" FROM "public"."findings" WHERE "public"."findings"."reviewId" = $1 OFFSET $2) AS "sub"
[LOG] [2026-06-17T11:11:47.510Z] [34mprisma:query[39m COMMIT
[HTTP] [2026-06-17T11:11:47.510Z] [0mGET /api/reviews/cmqhyqpi80003mofobds2k9wn/progress [36m304[0m 407.770 ms - -[0m
[LOG] [2026-06-17T11:11:49.144Z] [34mprisma:query[39m BEGIN
[LOG] [2026-06-17T11:11:49.184Z] [34mprisma:query[39m DEALLOCATE ALL
[LOG] [2026-06-17T11:11:49.264Z] [34mprisma:query[39m SELECT "public"."reviews"."id", "public"."reviews"."status", "public"."reviews"."stage", "public"."reviews"."uxScore" FROM "public"."reviews" WHERE ("public"."reviews"."id" = $1 AND 1=1) LIMIT $2 OFFSET $3
[LOG] [2026-06-17T11:11:49.304Z] [34mprisma:query[39m COMMIT
[LOG] [2026-06-17T11:11:49.345Z] [34mprisma:query[39m BEGIN
[LOG] [2026-06-17T11:11:49.386Z] [34mprisma:query[39m DEALLOCATE ALL
[LOG] [2026-06-17T11:11:49.469Z] [34mprisma:query[39m SELECT COUNT(*) FROM (SELECT "public"."findings"."id" FROM "public"."findings" WHERE "public"."findings"."reviewId" = $1 OFFSET $2) AS "sub"
[LOG] [2026-06-17T11:11:49.509Z] [34mprisma:query[39m COMMIT
[HTTP] [2026-06-17T11:11:49.509Z] [0mGET /api/reviews/cmqhyqpi80003mofobds2k9wn/progress [36m304[0m 405.316 ms - -[0m
[LOG] [2026-06-17T11:11:51.172Z] [34mprisma:query[39m BEGIN
[LOG] [2026-06-17T11:11:51.212Z] [34mprisma:query[39m DEALLOCATE ALL
[LOG] [2026-06-17T11:11:51.405Z] [34mprisma:query[39m SELECT "public"."reviews"."id", "public"."reviews"."status", "public"."reviews"."stage", "public"."reviews"."uxScore" FROM "public"."reviews" WHERE ("public"."reviews"."id" = $1 AND 1=1) LIMIT $2 OFFSET $3
[LOG] [2026-06-17T11:11:51.445Z] [34mprisma:query[39m COMMIT
[LOG] [2026-06-17T11:11:51.598Z] [34mprisma:query[39m BEGIN
[LOG] [2026-06-17T11:11:51.637Z] [34mprisma:query[39m DEALLOCATE ALL
[LOG] [2026-06-17T11:11:51.830Z] [34mprisma:query[39m SELECT COUNT(*) FROM (SELECT "public"."findings"."id" FROM "public"."findings" WHERE "public"."findings"."reviewId" = $1 OFFSET $2) AS "sub"
[LOG] [2026-06-17T11:11:51.870Z] [34mprisma:query[39m COMMIT
[HTTP] [2026-06-17T11:11:51.871Z] [0mGET /api/reviews/cmqhyqpi80003mofobds2k9wn/progress [36m304[0m 765.766 ms - -[0m
[LOG] [2026-06-17T11:11:53.225Z] [34mprisma:query[39m BEGIN
[LOG] [2026-06-17T11:11:53.266Z] [34mprisma:query[39m DEALLOCATE ALL
[LOG] [2026-06-17T11:11:53.457Z] [34mprisma:query[39m SELECT "public"."reviews"."id", "public"."reviews"."status", "public"."reviews"."stage", "public"."reviews"."uxScore" FROM "public"."reviews" WHERE ("public"."reviews"."id" = $1 AND 1=1) LIMIT $2 OFFSET $3
[LOG] [2026-06-17T11:11:53.497Z] [34mprisma:query[39m COMMIT
[LOG] [2026-06-17T11:11:53.538Z] [34mprisma:query[39m BEGIN
[LOG] [2026-06-17T11:11:53.686Z] [34mprisma:query[39m DEALLOCATE ALL
[LOG] [2026-06-17T11:11:53.767Z] [34mprisma:query[39m SELECT COUNT(*) FROM (SELECT "public"."findings"."id" FROM "public"."findings" WHERE "public"."findings"."reviewId" = $1 OFFSET $2) AS "sub"
[LOG] [2026-06-17T11:11:53.916Z] [34mprisma:query[39m COMMIT
[HTTP] [2026-06-17T11:11:53.917Z] [0mGET /api/reviews/cmqhyqpi80003mofobds2k9wn/progress [36m304[0m 811.891 ms - -[0m
[LOG] [2026-06-17T11:11:55.156Z] [34mprisma:query[39m SELECT 1
[LOG] [2026-06-17T11:11:55.300Z] [34mprisma:query[39m BEGIN
[LOG] [2026-06-17T11:11:55.340Z] [34mprisma:query[39m DEALLOCATE ALL
[LOG] [2026-06-17T11:11:55.531Z] [34mprisma:query[39m SELECT "public"."reviews"."id", "public"."reviews"."status", "public"."reviews"."stage", "public"."reviews"."uxScore" FROM "public"."reviews" WHERE ("public"."reviews"."id" = $1 AND 1=1) LIMIT $2 OFFSET $3
[LOG] [2026-06-17T11:11:55.571Z] [34mprisma:query[39m COMMIT
[LOG] [2026-06-17T11:11:55.612Z] [34mprisma:query[39m BEGIN
[LOG] [2026-06-17T11:11:55.769Z] [34mprisma:query[39m DEALLOCATE ALL
[LOG] [2026-06-17T11:11:55.853Z] [34mprisma:query[39m SELECT COUNT(*) FROM (SELECT "public"."findings"."id" FROM "public"."findings" WHERE "public"."findings"."reviewId" = $1 OFFSET $2) AS "sub"
[LOG] [2026-06-17T11:11:55.995Z] [34mprisma:query[39m COMMIT
[HTTP] [2026-06-17T11:11:55.996Z] [0mGET /api/reviews/cmqhyqpi80003mofobds2k9wn/progress [36m304[0m 879.854 ms - -[0m
[LOG] [2026-06-17T11:11:57.191Z] [34mprisma:query[39m BEGIN
[LOG] [2026-06-17T11:11:57.231Z] [34mprisma:query[39m DEALLOCATE ALL
[LOG] [2026-06-17T11:11:57.424Z] [34mprisma:query[39m SELECT "public"."reviews"."id", "public"."reviews"."status", "public"."reviews"."stage", "public"."reviews"."uxScore" FROM "public"."reviews" WHERE ("public"."reviews"."id" = $1 AND 1=1) LIMIT $2 OFFSET $3
[LOG] [2026-06-17T11:11:57.465Z] [34mprisma:query[39m COMMIT
[LOG] [2026-06-17T11:11:57.617Z] [34mprisma:query[39m BEGIN
[LOG] [2026-06-17T11:11:57.656Z] [34mprisma:query[39m DEALLOCATE ALL
[LOG] [2026-06-17T11:11:57.849Z] [34mprisma:query[39m SELECT COUNT(*) FROM (SELECT "public"."findings"."id" FROM "public"."findings" WHERE "public"."findings"."reviewId" = $1 OFFSET $2) AS "sub"
[LOG] [2026-06-17T11:11:57.891Z] [34mprisma:query[39m COMMIT
[HTTP] [2026-06-17T11:11:57.892Z] [0mGET /api/reviews/cmqhyqpi80003mofobds2k9wn/progress [36m304[0m 783.733 ms - -[0m
[LOG] [2026-06-17T11:11:59.152Z] [34mprisma:query[39m BEGIN
[LOG] [2026-06-17T11:11:59.192Z] [34mprisma:query[39m DEALLOCATE ALL
[LOG] [2026-06-17T11:11:59.274Z] [34mprisma:query[39m SELECT "public"."reviews"."id", "public"."reviews"."status", "public"."reviews"."stage", "public"."reviews"."uxScore" FROM "public"."reviews" WHERE ("public"."reviews"."id" = $1 AND 1=1) LIMIT $2 OFFSET $3
[LOG] [2026-06-17T11:11:59.314Z] [34mprisma:query[39m COMMIT
[LOG] [2026-06-17T11:11:59.355Z] [34mprisma:query[39m BEGIN
[LOG] [2026-06-17T11:11:59.394Z] [34mprisma:query[39m DEALLOCATE ALL
[LOG] [2026-06-17T11:11:59.477Z] [34mprisma:query[39m SELECT COUNT(*) FROM (SELECT "public"."findings"."id" FROM "public"."findings" WHERE "public"."findings"."reviewId" = $1 OFFSET $2) AS "sub"
[LOG] [2026-06-17T11:11:59.518Z] [34mprisma:query[39m COMMIT
[HTTP] [2026-06-17T11:11:59.519Z] [0mGET /api/reviews/cmqhyqpi80003mofobds2k9wn/progress [36m304[0m 406.677 ms - -[0m
[LOG] [2026-06-17T11:12:01.152Z] [34mprisma:query[39m BEGIN
[LOG] [2026-06-17T11:12:01.194Z] [34mprisma:query[39m DEALLOCATE ALL
[LOG] [2026-06-17T11:12:01.274Z] [34mprisma:query[39m SELECT "public"."reviews"."id", "public"."reviews"."status", "public"."reviews"."stage", "public"."reviews"."uxScore" FROM "public"."reviews" WHERE ("public"."reviews"."id" = $1 AND 1=1) LIMIT $2 OFFSET $3
[LOG] [2026-06-17T11:12:01.314Z] [34mprisma:query[39m COMMIT
[LOG] [2026-06-17T11:12:01.355Z] [34mprisma:query[39m BEGIN
[LOG] [2026-06-17T11:12:01.395Z] [34mprisma:query[39m DEALLOCATE ALL
[LOG] [2026-06-17T11:12:01.475Z] [34mprisma:query[39m SELECT COUNT(*) FROM (SELECT "public"."findings"."id" FROM "public"."findings" WHERE "public"."findings"."reviewId" = $1 OFFSET $2) AS "sub"
[LOG] [2026-06-17T11:12:01.515Z] [34mprisma:query[39m COMMIT
[HTTP] [2026-06-17T11:12:01.516Z] [0mGET /api/reviews/cmqhyqpi80003mofobds2k9wn/progress [36m304[0m 405.142 ms - -[0m
[LOG] [2026-06-17T11:12:03.106Z] [34mprisma:query[39m BEGIN
[LOG] [2026-06-17T11:12:03.146Z] [34mprisma:query[39m DEALLOCATE ALL
[LOG] [2026-06-17T11:12:03.226Z] [34mprisma:query[39m SELECT "public"."reviews"."id", "public"."reviews"."status", "public"."reviews"."stage", "public"."reviews"."uxScore" FROM "public"."reviews" WHERE ("public"."reviews"."id" = $1 AND 1=1) LIMIT $2 OFFSET $3
[LOG] [2026-06-17T11:12:03.278Z] [34mprisma:query[39m COMMIT
[LOG] [2026-06-17T11:12:03.319Z] [34mprisma:query[39m BEGIN
[LOG] [2026-06-17T11:12:03.359Z] [34mprisma:query[39m DEALLOCATE ALL
[LOG] [2026-06-17T11:12:03.439Z] [34mprisma:query[39m SELECT COUNT(*) FROM (SELECT "public"."findings"."id" FROM "public"."findings" WHERE "public"."findings"."reviewId" = $1 OFFSET $2) AS "sub"
[LOG] [2026-06-17T11:12:03.479Z] [34mprisma:query[39m COMMIT
[HTTP] [2026-06-17T11:12:03.480Z] [0mGET /api/reviews/cmqhyqpi80003mofobds2k9wn/progress [36m304[0m 414.808 ms - -[0m
[LOG] [2026-06-17T11:12:04.965Z] [34mprisma:query[39m BEGIN
[LOG] [2026-06-17T11:12:05.006Z] [34mprisma:query[39m DEALLOCATE ALL
[LOG] [2026-06-17T11:12:05.198Z] [34mprisma:query[39m SELECT "public"."reviews"."id", "public"."reviews"."status", "public"."reviews"."stage", "public"."reviews"."uxScore" FROM "public"."reviews" WHERE ("public"."reviews"."id" = $1 AND 1=1) LIMIT $2 OFFSET $3
[LOG] [2026-06-17T11:12:05.241Z] [34mprisma:query[39m COMMIT
[LOG] [2026-06-17T11:12:05.390Z] [34mprisma:query[39m BEGIN
[LOG] [2026-06-17T11:12:05.430Z] [34mprisma:query[39m DEALLOCATE ALL
[LOG] [2026-06-17T11:12:05.623Z] [34mprisma:query[39m SELECT COUNT(*) FROM (SELECT "public"."findings"."id" FROM "public"."findings" WHERE "public"."findings"."reviewId" = $1 OFFSET $2) AS "sub"
[LOG] [2026-06-17T11:12:05.663Z] [34mprisma:query[39m COMMIT
[HTTP] [2026-06-17T11:12:05.663Z] [0mGET /api/reviews/cmqhyqpi80003mofobds2k9wn/progress [36m304[0m 796.971 ms - -[0m
[LOG] [2026-06-17T11:12:07.015Z] [34mprisma:query[39m BEGIN
[LOG] [2026-06-17T11:12:07.055Z] [34mprisma:query[39m DEALLOCATE ALL
[LOG] [2026-06-17T11:12:07.244Z] [34mprisma:query[39m SELECT "public"."reviews"."id", "public"."reviews"."status", "public"."reviews"."stage", "public"."reviews"."uxScore" FROM "public"."reviews" WHERE ("public"."reviews"."id" = $1 AND 1=1) LIMIT $2 OFFSET $3
[LOG] [2026-06-17T11:12:07.284Z] [34mprisma:query[39m COMMIT
[LOG] [2026-06-17T11:12:07.325Z] [34mprisma:query[39m BEGIN
[LOG] [2026-06-17T11:12:07.474Z] [34mprisma:query[39m DEALLOCATE ALL
[LOG] [2026-06-17T11:12:07.554Z] [34mprisma:query[39m SELECT COUNT(*) FROM (SELECT "public"."findings"."id" FROM "public"."findings" WHERE "public"."findings"."reviewId" = $1 OFFSET $2) AS "sub"
[LOG] [2026-06-17T11:12:07.705Z] [34mprisma:query[39m COMMIT
[HTTP] [2026-06-17T11:12:07.705Z] [0mGET /api/reviews/cmqhyqpi80003mofobds2k9wn/progress [36m304[0m 837.197 ms - -[0m
[LOG] [2026-06-17T11:12:08.908Z] [34mprisma:query[39m BEGIN
[LOG] [2026-06-17T11:12:08.948Z] [34mprisma:query[39m DEALLOCATE ALL
[LOG] [2026-06-17T11:12:09.132Z] [34mprisma:query[39m SELECT "public"."reviews"."id", "public"."reviews"."status", "public"."reviews"."stage", "public"."reviews"."uxScore" FROM "public"."reviews" WHERE ("public"."reviews"."id" = $1 AND 1=1) LIMIT $2 OFFSET $3
[LOG] [2026-06-17T11:12:09.172Z] [34mprisma:query[39m COMMIT
[LOG] [2026-06-17T11:12:09.323Z] [34mprisma:query[39m BEGIN
[LOG] [2026-06-17T11:12:09.363Z] [34mprisma:query[39m DEALLOCATE ALL
[LOG] [2026-06-17T11:12:09.554Z] [34mprisma:query[39m SELECT COUNT(*) FROM (SELECT "public"."findings"."id" FROM "public"."findings" WHERE "public"."findings"."reviewId" = $1 OFFSET $2) AS "sub"
[LOG] [2026-06-17T11:12:09.594Z] [34mprisma:query[39m COMMIT
[HTTP] [2026-06-17T11:12:09.595Z] [0mGET /api/reviews/cmqhyqpi80003mofobds2k9wn/progress [36m304[0m 728.035 ms - -[0m
[LOG] [2026-06-17T11:12:10.984Z] [34mprisma:query[39m SELECT 1
[LOG] [2026-06-17T11:12:11.024Z] [34mprisma:query[39m BEGIN
[LOG] [2026-06-17T11:12:11.180Z] [34mprisma:query[39m DEALLOCATE ALL
[LOG] [2026-06-17T11:12:11.262Z] [34mprisma:query[39m SELECT "public"."reviews"."id", "public"."reviews"."status", "public"."reviews"."stage", "public"."reviews"."uxScore" FROM "public"."reviews" WHERE ("public"."reviews"."id" = $1 AND 1=1) LIMIT $2 OFFSET $3
[LOG] [2026-06-17T11:12:11.421Z] [34mprisma:query[39m COMMIT
[LOG] [2026-06-17T11:12:11.470Z] [34mprisma:query[39m BEGIN
[LOG] [2026-06-17T11:12:11.510Z] [34mprisma:query[39m DEALLOCATE ALL
[LOG] [2026-06-17T11:12:11.682Z] [34mprisma:query[39m SELECT COUNT(*) FROM (SELECT "public"."findings"."id" FROM "public"."findings" WHERE "public"."findings"."reviewId" = $1 OFFSET $2) AS "sub"
[LOG] [2026-06-17T11:12:11.722Z] [34mprisma:query[39m COMMIT
[HTTP] [2026-06-17T11:12:11.723Z] [0mGET /api/reviews/cmqhyqpi80003mofobds2k9wn/progress [36m304[0m 856.044 ms - -[0m
[LOG] [2026-06-17T11:12:12.909Z] [34mprisma:query[39m BEGIN
[LOG] [2026-06-17T11:12:12.949Z] [34mprisma:query[39m DEALLOCATE ALL
[LOG] [2026-06-17T11:12:13.030Z] [34mprisma:query[39m SELECT "public"."reviews"."id", "public"."reviews"."status", "public"."reviews"."stage", "public"."reviews"."uxScore" FROM "public"."reviews" WHERE ("public"."reviews"."id" = $1 AND 1=1) LIMIT $2 OFFSET $3
[LOG] [2026-06-17T11:12:13.070Z] [34mprisma:query[39m COMMIT
[LOG] [2026-06-17T11:12:13.111Z] [34mprisma:query[39m BEGIN
[LOG] [2026-06-17T11:12:13.151Z] [34mprisma:query[39m DEALLOCATE ALL
[LOG] [2026-06-17T11:12:13.233Z] [34mprisma:query[39m SELECT COUNT(*) FROM (SELECT "public"."findings"."id" FROM "public"."findings" WHERE "public"."findings"."reviewId" = $1 OFFSET $2) AS "sub"
[LOG] [2026-06-17T11:12:13.273Z] [34mprisma:query[39m COMMIT
[HTTP] [2026-06-17T11:12:13.274Z] [0mGET /api/reviews/cmqhyqpi80003mofobds2k9wn/progress [36m304[0m 405.233 ms - -[0m
[LOG] [2026-06-17T11:12:14.907Z] [34mprisma:query[39m BEGIN
[LOG] [2026-06-17T11:12:14.947Z] [34mprisma:query[39m DEALLOCATE ALL
[LOG] [2026-06-17T11:12:15.027Z] [34mprisma:query[39m SELECT "public"."reviews"."id", "public"."reviews"."status", "public"."reviews"."stage", "public"."reviews"."uxScore" FROM "public"."reviews" WHERE ("public"."reviews"."id" = $1 AND 1=1) LIMIT $2 OFFSET $3
[LOG] [2026-06-17T11:12:15.068Z] [34mprisma:query[39m COMMIT
[LOG] [2026-06-17T11:12:15.109Z] [34mprisma:query[39m BEGIN
[LOG] [2026-06-17T11:12:15.149Z] [34mprisma:query[39m DEALLOCATE ALL
[LOG] [2026-06-17T11:12:15.233Z] [34mprisma:query[39m SELECT COUNT(*) FROM (SELECT "public"."findings"."id" FROM "public"."findings" WHERE "public"."findings"."reviewId" = $1 OFFSET $2) AS "sub"
[LOG] [2026-06-17T11:12:15.274Z] [34mprisma:query[39m COMMIT
[HTTP] [2026-06-17T11:12:15.274Z] [0mGET /api/reviews/cmqhyqpi80003mofobds2k9wn/progress [36m304[0m 408.060 ms - -[0m
[LOG] [2026-06-17T11:12:16.917Z] [34mprisma:query[39m BEGIN
[LOG] [2026-06-17T11:12:16.956Z] [34mprisma:query[39m DEALLOCATE ALL
[LOG] [2026-06-17T11:12:17.044Z] [34mprisma:query[39m SELECT "public"."reviews"."id", "public"."reviews"."status", "public"."reviews"."stage", "public"."reviews"."uxScore" FROM "public"."reviews" WHERE ("public"."reviews"."id" = $1 AND 1=1) LIMIT $2 OFFSET $3
[LOG] [2026-06-17T11:12:17.085Z] [34mprisma:query[39m COMMIT
[LOG] [2026-06-17T11:12:17.126Z] [34mprisma:query[39m BEGIN
[LOG] [2026-06-17T11:12:17.166Z] [34mprisma:query[39m DEALLOCATE ALL
[LOG] [2026-06-17T11:12:17.246Z] [34mprisma:query[39m SELECT COUNT(*) FROM (SELECT "public"."findings"."id" FROM "public"."findings" WHERE "public"."findings"."reviewId" = $1 OFFSET $2) AS "sub"
[LOG] [2026-06-17T11:12:17.286Z] [34mprisma:query[39m COMMIT
[HTTP] [2026-06-17T11:12:17.286Z] [0mGET /api/reviews/cmqhyqpi80003mofobds2k9wn/progress [36m304[0m 419.440 ms - -[0m
[LOG] [2026-06-17T11:12:18.908Z] [34mprisma:query[39m BEGIN
[LOG] [2026-06-17T11:12:18.949Z] [34mprisma:query[39m DEALLOCATE ALL
[LOG] [2026-06-17T11:12:19.119Z] [34mprisma:query[39m SELECT "public"."reviews"."id", "public"."reviews"."status", "public"."reviews"."stage", "public"."reviews"."uxScore" FROM "public"."reviews" WHERE ("public"."reviews"."id" = $1 AND 1=1) LIMIT $2 OFFSET $3
[LOG] [2026-06-17T11:12:19.159Z] [34mprisma:query[39m COMMIT
[LOG] [2026-06-17T11:12:19.310Z] [34mprisma:query[39m BEGIN
[LOG] [2026-06-17T11:12:19.350Z] [34mprisma:query[39m DEALLOCATE ALL
[LOG] [2026-06-17T11:12:19.544Z] [34mprisma:query[39m SELECT COUNT(*) FROM (SELECT "public"."findings"."id" FROM "public"."findings" WHERE "public"."findings"."reviewId" = $1 OFFSET $2) AS "sub"
[LOG] [2026-06-17T11:12:19.584Z] [34mprisma:query[39m COMMIT
[HTTP] [2026-06-17T11:12:19.585Z] [0mGET /api/reviews/cmqhyqpi80003mofobds2k9wn/progress [36m304[0m 717.639 ms - -[0m
[LOG] [2026-06-17T11:12:20.969Z] [34mprisma:query[39m BEGIN
[LOG] [2026-06-17T11:12:21.010Z] [34mprisma:query[39m DEALLOCATE ALL
[LOG] [2026-06-17T11:12:21.199Z] [34mprisma:query[39m SELECT "public"."reviews"."id", "public"."reviews"."status", "public"."reviews"."stage", "public"."reviews"."uxScore" FROM "public"."reviews" WHERE ("public"."reviews"."id" = $1 AND 1=1) LIMIT $2 OFFSET $3
[LOG] [2026-06-17T11:12:21.239Z] [34mprisma:query[39m COMMIT
[LOG] [2026-06-17T11:12:21.390Z] [34mprisma:query[39m BEGIN
[LOG] [2026-06-17T11:12:21.429Z] [34mprisma:query[39m DEALLOCATE ALL
[LOG] [2026-06-17T11:12:21.620Z] [34mprisma:query[39m SELECT COUNT(*) FROM (SELECT "public"."findings"."id" FROM "public"."findings" WHERE "public"."findings"."reviewId" = $1 OFFSET $2) AS "sub"
[LOG] [2026-06-17T11:12:21.661Z] [34mprisma:query[39m COMMIT
[HTTP] [2026-06-17T11:12:21.662Z] [0mGET /api/reviews/cmqhyqpi80003mofobds2k9wn/progress [36m304[0m 795.054 ms - -[0m
[LOG] [2026-06-17T11:12:23.009Z] [34mprisma:query[39m BEGIN
[LOG] [2026-06-17T11:12:23.049Z] [34mprisma:query[39m DEALLOCATE ALL
[LOG] [2026-06-17T11:12:23.241Z] [34mprisma:query[39m SELECT "public"."reviews"."id", "public"."reviews"."status", "public"."reviews"."stage", "public"."reviews"."uxScore" FROM "public"."reviews" WHERE ("public"."reviews"."id" = $1 AND 1=1) LIMIT $2 OFFSET $3
[LOG] [2026-06-17T11:12:23.281Z] [34mprisma:query[39m COMMIT
[LOG] [2026-06-17T11:12:23.322Z] [34mprisma:query[39m BEGIN
[LOG] [2026-06-17T11:12:23.476Z] [34mprisma:query[39m DEALLOCATE ALL
[LOG] [2026-06-17T11:12:23.557Z] [34mprisma:query[39m SELECT COUNT(*) FROM (SELECT "public"."findings"."id" FROM "public"."findings" WHERE "public"."findings"."reviewId" = $1 OFFSET $2) AS "sub"
[LOG] [2026-06-17T11:12:23.705Z] [34mprisma:query[39m COMMIT
[HTTP] [2026-06-17T11:12:23.706Z] [0mGET /api/reviews/cmqhyqpi80003mofobds2k9wn/progress [36m304[0m 839.070 ms - -[0m
[LOG] [2026-06-17T11:12:24.908Z] [34mprisma:query[39m BEGIN
[LOG] [2026-06-17T11:12:24.948Z] [34mprisma:query[39m DEALLOCATE ALL
[LOG] [2026-06-17T11:12:25.136Z] [34mprisma:query[39m SELECT "public"."reviews"."id", "public"."reviews"."status", "public"."reviews"."stage", "public"."reviews"."uxScore" FROM "public"."reviews" WHERE ("public"."reviews"."id" = $1 AND 1=1) LIMIT $2 OFFSET $3
[LOG] [2026-06-17T11:12:25.176Z] [34mprisma:query[39m COMMIT
[LOG] [2026-06-17T11:12:25.328Z] [34mprisma:query[39m BEGIN
[LOG] [2026-06-17T11:12:25.367Z] [34mprisma:query[39m DEALLOCATE ALL
[LOG] [2026-06-17T11:12:25.566Z] [34mprisma:query[39m SELECT COUNT(*) FROM (SELECT "public"."findings"."id" FROM "public"."findings" WHERE "public"."findings"."reviewId" = $1 OFFSET $2) AS "sub"
[LOG] [2026-06-17T11:12:25.606Z] [34mprisma:query[39m COMMIT
[HTTP] [2026-06-17T11:12:25.606Z] [0mGET /api/reviews/cmqhyqpi80003mofobds2k9wn/progress [36m304[0m 738.873 ms - -[0m
[LOG] [2026-06-17T11:12:26.906Z] [34mprisma:query[39m SELECT 1
[LOG] [2026-06-17T11:12:26.947Z] [34mprisma:query[39m BEGIN
[LOG] [2026-06-17T11:12:26.987Z] [34mprisma:query[39m DEALLOCATE ALL
[LOG] [2026-06-17T11:12:27.067Z] [34mprisma:query[39m SELECT "public"."reviews"."id", "public"."reviews"."status", "public"."reviews"."stage", "public"."reviews"."uxScore" FROM "public"."reviews" WHERE ("public"."reviews"."id" = $1 AND 1=1) LIMIT $2 OFFSET $3
[LOG] [2026-06-17T11:12:27.108Z] [34mprisma:query[39m COMMIT
[LOG] [2026-06-17T11:12:27.148Z] [34mprisma:query[39m BEGIN
[LOG] [2026-06-17T11:12:27.188Z] [34mprisma:query[39m DEALLOCATE ALL
[LOG] [2026-06-17T11:12:27.269Z] [34mprisma:query[39m SELECT COUNT(*) FROM (SELECT "public"."findings"."id" FROM "public"."findings" WHERE "public"."findings"."reviewId" = $1 OFFSET $2) AS "sub"
[LOG] [2026-06-17T11:12:27.309Z] [34mprisma:query[39m COMMIT
[HTTP] [2026-06-17T11:12:27.310Z] [0mGET /api/reviews/cmqhyqpi80003mofobds2k9wn/progress [36m304[0m 443.643 ms - -[0m
[LOG] [2026-06-17T11:12:28.907Z] [34mprisma:query[39m BEGIN
[LOG] [2026-06-17T11:12:28.947Z] [34mprisma:query[39m DEALLOCATE ALL
[LOG] [2026-06-17T11:12:29.027Z] [34mprisma:query[39m SELECT "public"."reviews"."id", "public"."reviews"."status", "public"."reviews"."stage", "public"."reviews"."uxScore" FROM "public"."reviews" WHERE ("public"."reviews"."id" = $1 AND 1=1) LIMIT $2 OFFSET $3
[LOG] [2026-06-17T11:12:29.067Z] [34mprisma:query[39m COMMIT
[LOG] [2026-06-17T11:12:29.108Z] [34mprisma:query[39m BEGIN
[LOG] [2026-06-17T11:12:29.148Z] [34mprisma:query[39m DEALLOCATE ALL
[LOG] [2026-06-17T11:12:29.228Z] [34mprisma:query[39m SELECT COUNT(*) FROM (SELECT "public"."findings"."id" FROM "public"."findings" WHERE "public"."findings"."reviewId" = $1 OFFSET $2) AS "sub"
[LOG] [2026-06-17T11:12:29.268Z] [34mprisma:query[39m COMMIT
[HTTP] [2026-06-17T11:12:29.268Z] [0mGET /api/reviews/cmqhyqpi80003mofobds2k9wn/progress [36m304[0m 402.353 ms - -[0m
[LOG] [2026-06-17T11:12:30.907Z] [34mprisma:query[39m BEGIN
[LOG] [2026-06-17T11:12:30.948Z] [34mprisma:query[39m DEALLOCATE ALL
[LOG] [2026-06-17T11:12:31.159Z] [34mprisma:query[39m SELECT "public"."reviews"."id", "public"."reviews"."status", "public"."reviews"."stage", "public"."reviews"."uxScore" FROM "public"."reviews" WHERE ("public"."reviews"."id" = $1 AND 1=1) LIMIT $2 OFFSET $3
[LOG] [2026-06-17T11:12:31.203Z] [34mprisma:query[39m COMMIT
[LOG] [2026-06-17T11:12:31.328Z] [34mprisma:query[39m BEGIN
[LOG] [2026-06-17T11:12:31.368Z] [34mprisma:query[39m DEALLOCATE ALL
[LOG] [2026-06-17T11:12:31.560Z] [34mprisma:query[39m SELECT COUNT(*) FROM (SELECT "public"."findings"."id" FROM "public"."findings" WHERE "public"."findings"."reviewId" = $1 OFFSET $2) AS "sub"
[LOG] [2026-06-17T11:12:31.605Z] [34mprisma:query[39m COMMIT
[HTTP] [2026-06-17T11:12:31.606Z] [0mGET /api/reviews/cmqhyqpi80003mofobds2k9wn/progress [36m304[0m 738.720 ms - -[0m
[LOG] [2026-06-17T11:12:32.998Z] [34mprisma:query[39m BEGIN
[LOG] [2026-06-17T11:12:33.038Z] [34mprisma:query[39m DEALLOCATE ALL
[LOG] [2026-06-17T11:12:33.227Z] [34mprisma:query[39m SELECT "public"."reviews"."id", "public"."reviews"."status", "public"."reviews"."stage", "public"."reviews"."uxScore" FROM "public"."reviews" WHERE ("public"."reviews"."id" = $1 AND 1=1) LIMIT $2 OFFSET $3
[LOG] [2026-06-17T11:12:33.268Z] [34mprisma:query[39m COMMIT
[LOG] [2026-06-17T11:12:33.419Z] [34mprisma:query[39m BEGIN
[LOG] [2026-06-17T11:12:33.459Z] [34mprisma:query[39m DEALLOCATE ALL
[LOG] [2026-06-17T11:12:33.652Z] [34mprisma:query[39m SELECT COUNT(*) FROM (SELECT "public"."findings"."id" FROM "public"."findings" WHERE "public"."findings"."reviewId" = $1 OFFSET $2) AS "sub"
[LOG] [2026-06-17T11:12:33.692Z] [34mprisma:query[39m COMMIT
[HTTP] [2026-06-17T11:12:33.692Z] [0mGET /api/reviews/cmqhyqpi80003mofobds2k9wn/progress [36m304[0m 825.813 ms - -[0m
[LOG] [2026-06-17T11:12:34.907Z] [34mprisma:query[39m BEGIN
[LOG] [2026-06-17T11:12:35.033Z] [34mprisma:query[39m DEALLOCATE ALL
[LOG] [2026-06-17T11:12:35.113Z] [34mprisma:query[39m SELECT "public"."reviews"."id", "public"."reviews"."status", "public"."reviews"."stage", "public"."reviews"."uxScore" FROM "public"."reviews" WHERE ("public"."reviews"."id" = $1 AND 1=1) LIMIT $2 OFFSET $3
[LOG] [2026-06-17T11:12:35.264Z] [34mprisma:query[39m COMMIT
[LOG] [2026-06-17T11:12:35.305Z] [34mprisma:query[39m BEGIN
[LOG] [2026-06-17T11:12:35.345Z] [34mprisma:query[39m DEALLOCATE ALL
[LOG] [2026-06-17T11:12:35.535Z] [34mprisma:query[39m SELECT COUNT(*) FROM (SELECT "public"."findings"."id" FROM "public"."findings" WHERE "public"."findings"."reviewId" = $1 OFFSET $2) AS "sub"
[LOG] [2026-06-17T11:12:35.577Z] [34mprisma:query[39m COMMIT
[HTTP] [2026-06-17T11:12:35.578Z] [0mGET /api/reviews/cmqhyqpi80003mofobds2k9wn/progress [36m304[0m 712.102 ms - -[0m
[LOG] [2026-06-17T11:12:36.924Z] [34mprisma:query[39m BEGIN
[LOG] [2026-06-17T11:12:36.966Z] [34mprisma:query[39m DEALLOCATE ALL
[LOG] [2026-06-17T11:12:37.158Z] [34mprisma:query[39m SELECT "public"."reviews"."id", "public"."reviews"."status", "public"."reviews"."stage", "public"."reviews"."uxScore" FROM "public"."reviews" WHERE ("public"."reviews"."id" = $1 AND 1=1) LIMIT $2 OFFSET $3
[LOG] [2026-06-17T11:12:37.198Z] [34mprisma:query[39m COMMIT
[LOG] [2026-06-17T11:12:37.348Z] [34mprisma:query[39m BEGIN
[LOG] [2026-06-17T11:12:37.388Z] [34mprisma:query[39m DEALLOCATE ALL
[LOG] [2026-06-17T11:12:37.581Z] [34mprisma:query[39m SELECT COUNT(*) FROM (SELECT "public"."findings"."id" FROM "public"."findings" WHERE "public"."findings"."reviewId" = $1 OFFSET $2) AS "sub"
[LOG] [2026-06-17T11:12:37.621Z] [34mprisma:query[39m COMMIT
[HTTP] [2026-06-17T11:12:37.621Z] [0mGET /api/reviews/cmqhyqpi80003mofobds2k9wn/progress [36m304[0m 754.277 ms - -[0m
[LOG] [2026-06-17T11:12:39.011Z] [34mprisma:query[39m BEGIN
[LOG] [2026-06-17T11:12:39.051Z] [34mprisma:query[39m DEALLOCATE ALL
[LOG] [2026-06-17T11:12:39.245Z] [34mprisma:query[39m SELECT "public"."reviews"."id", "public"."reviews"."status", "public"."reviews"."stage", "public"."reviews"."uxScore" FROM "public"."reviews" WHERE ("public"."reviews"."id" = $1 AND 1=1) LIMIT $2 OFFSET $3
[LOG] [2026-06-17T11:12:39.285Z] [34mprisma:query[39m COMMIT
[LOG] [2026-06-17T11:12:39.326Z] [34mprisma:query[39m BEGIN
[LOG] [2026-06-17T11:12:39.366Z] [34mprisma:query[39m DEALLOCATE ALL
[LOG] [2026-06-17T11:12:39.445Z] [34mprisma:query[39m SELECT COUNT(*) FROM (SELECT "public"."findings"."id" FROM "public"."findings" WHERE "public"."findings"."reviewId" = $1 OFFSET $2) AS "sub"
[LOG] [2026-06-17T11:12:39.487Z] [34mprisma:query[39m COMMIT
[HTTP] [2026-06-17T11:12:39.488Z] [0mGET /api/reviews/cmqhyqpi80003mofobds2k9wn/progress [36m304[0m 622.309 ms - -[0m
[LOG] [2026-06-17T11:12:40.906Z] [34mprisma:query[39m BEGIN
[LOG] [2026-06-17T11:12:40.947Z] [34mprisma:query[39m DEALLOCATE ALL
[LOG] [2026-06-17T11:12:41.033Z] [34mprisma:query[39m SELECT "public"."reviews"."id", "public"."reviews"."status", "public"."reviews"."stage", "public"."reviews"."uxScore" FROM "public"."reviews" WHERE ("public"."reviews"."id" = $1 AND 1=1) LIMIT $2 OFFSET $3
[LOG] [2026-06-17T11:12:41.084Z] [34mprisma:query[39m COMMIT
[LOG] [2026-06-17T11:12:41.137Z] [34mprisma:query[39m BEGIN
[LOG] [2026-06-17T11:12:41.177Z] [34mprisma:query[39m DEALLOCATE ALL
[LOG] [2026-06-17T11:12:41.267Z] [34mprisma:query[39m SELECT COUNT(*) FROM (SELECT "public"."findings"."id" FROM "public"."findings" WHERE "public"."findings"."reviewId" = $1 OFFSET $2) AS "sub"
[LOG] [2026-06-17T11:12:41.307Z] [34mprisma:query[39m COMMIT
[HTTP] [2026-06-17T11:12:41.308Z] [0mGET /api/reviews/cmqhyqpi80003mofobds2k9wn/progress [36m304[0m 441.807 ms - -[0m
[LOG] [2026-06-17T11:12:42.920Z] [34mprisma:query[39m SELECT 1
[LOG] [2026-06-17T11:12:42.969Z] [34mprisma:query[39m BEGIN
[LOG] [2026-06-17T11:12:43.014Z] [34mprisma:query[39m DEALLOCATE ALL
[LOG] [2026-06-17T11:12:43.107Z] [34mprisma:query[39m SELECT "public"."reviews"."id", "public"."reviews"."status", "public"."reviews"."stage", "public"."reviews"."uxScore" FROM "public"."reviews" WHERE ("public"."reviews"."id" = $1 AND 1=1) LIMIT $2 OFFSET $3
[LOG] [2026-06-17T11:12:43.157Z] [34mprisma:query[39m COMMIT
[LOG] [2026-06-17T11:12:43.214Z] [34mprisma:query[39m BEGIN
[LOG] [2026-06-17T11:12:43.261Z] [34mprisma:query[39m DEALLOCATE ALL
[LOG] [2026-06-17T11:12:43.392Z] [34mprisma:query[39m SELECT COUNT(*) FROM (SELECT "public"."findings"."id" FROM "public"."findings" WHERE "public"."findings"."reviewId" = $1 OFFSET $2) AS "sub"
[LOG] [2026-06-17T11:12:43.442Z] [34mprisma:query[39m COMMIT
[HTTP] [2026-06-17T11:12:43.442Z] [0mGET /api/reviews/cmqhyqpi80003mofobds2k9wn/progress [36m304[0m 574.719 ms - -[0m
[LOG] [2026-06-17T11:12:44.980Z] [34mprisma:query[39m BEGIN
[LOG] [2026-06-17T11:12:45.163Z] [34mprisma:query[39m DEALLOCATE ALL
[LOG] [2026-06-17T11:12:45.379Z] [34mprisma:query[39m SELECT "public"."reviews"."id", "public"."reviews"."status", "public"."reviews"."stage", "public"."reviews"."uxScore" FROM "public"."reviews" WHERE ("public"."reviews"."id" = $1 AND 1=1) LIMIT $2 OFFSET $3
[LOG] [2026-06-17T11:12:45.425Z] [34mprisma:query[39m COMMIT
[LOG] [2026-06-17T11:12:45.466Z] [34mprisma:query[39m BEGIN
[LOG] [2026-06-17T11:12:45.636Z] [34mprisma:query[39m DEALLOCATE ALL
[LOG] [2026-06-17T11:12:45.720Z] [34mprisma:query[39m SELECT COUNT(*) FROM (SELECT "public"."findings"."id" FROM "public"."findings" WHERE "public"."findings"."reviewId" = $1 OFFSET $2) AS "sub"
[LOG] [2026-06-17T11:12:45.844Z] [34mprisma:query[39m COMMIT
[HTTP] [2026-06-17T11:12:45.845Z] [0mGET /api/reviews/cmqhyqpi80003mofobds2k9wn/progress [36m304[0m 979.179 ms - -[0m
[LOG] [2026-06-17T11:12:47.002Z] [34mprisma:query[39m BEGIN
[LOG] [2026-06-17T11:12:47.041Z] [34mprisma:query[39m DEALLOCATE ALL
[LOG] [2026-06-17T11:12:47.232Z] [34mprisma:query[39m SELECT "public"."reviews"."id", "public"."reviews"."status", "public"."reviews"."stage", "public"."reviews"."uxScore" FROM "public"."reviews" WHERE ("public"."reviews"."id" = $1 AND 1=1) LIMIT $2 OFFSET $3
[LOG] [2026-06-17T11:12:47.274Z] [34mprisma:query[39m COMMIT
[LOG] [2026-06-17T11:12:47.315Z] [34mprisma:query[39m BEGIN
[LOG] [2026-06-17T11:12:47.461Z] [34mprisma:query[39m DEALLOCATE ALL
[LOG] [2026-06-17T11:12:47.543Z] [34mprisma:query[39m SELECT COUNT(*) FROM (SELECT "public"."findings"."id" FROM "public"."findings" WHERE "public"."findings"."reviewId" = $1 OFFSET $2) AS "sub"
[LOG] [2026-06-17T11:12:47.694Z] [34mprisma:query[39m COMMIT
[HTTP] [2026-06-17T11:12:47.694Z] [0mGET /api/reviews/cmqhyqpi80003mofobds2k9wn/progress [36m304[0m 828.545 ms - -[0m
[LOG] [2026-06-17T11:12:48.909Z] [34mprisma:query[39m BEGIN
[LOG] [2026-06-17T11:12:48.949Z] [34mprisma:query[39m DEALLOCATE ALL
[LOG] [2026-06-17T11:12:49.117Z] [34mprisma:query[39m SELECT "public"."reviews"."id", "public"."reviews"."status", "public"."reviews"."stage", "public"."reviews"."uxScore" FROM "public"."reviews" WHERE ("public"."reviews"."id" = $1 AND 1=1) LIMIT $2 OFFSET $3
[LOG] [2026-06-17T11:12:49.157Z] [34mprisma:query[39m COMMIT
[LOG] [2026-06-17T11:12:49.308Z] [34mprisma:query[39m BEGIN
[LOG] [2026-06-17T11:12:49.348Z] [34mprisma:query[39m DEALLOCATE ALL
[LOG] [2026-06-17T11:12:49.541Z] [34mprisma:query[39m SELECT COUNT(*) FROM (SELECT "public"."findings"."id" FROM "public"."findings" WHERE "public"."findings"."reviewId" = $1 OFFSET $2) AS "sub"
[LOG] [2026-06-17T11:12:49.582Z] [34mprisma:query[39m COMMIT
[HTTP] [2026-06-17T11:12:49.583Z] [0mGET /api/reviews/cmqhyqpi80003mofobds2k9wn/progress [36m304[0m 715.961 ms - -[0m
[LOG] [2026-06-17T11:12:50.969Z] [34mprisma:query[39m BEGIN
[LOG] [2026-06-17T11:12:51.009Z] [34mprisma:query[39m DEALLOCATE ALL
[LOG] [2026-06-17T11:12:51.201Z] [34mprisma:query[39m SELECT "public"."reviews"."id", "public"."reviews"."status", "public"."reviews"."stage", "public"."reviews"."uxScore" FROM "public"."reviews" WHERE ("public"."reviews"."id" = $1 AND 1=1) LIMIT $2 OFFSET $3
[LOG] [2026-06-17T11:12:51.241Z] [34mprisma:query[39m COMMIT
[LOG] [2026-06-17T11:12:51.393Z] [34mprisma:query[39m BEGIN
[LOG] [2026-06-17T11:12:51.433Z] [34mprisma:query[39m DEALLOCATE ALL
[LOG] [2026-06-17T11:12:51.625Z] [34mprisma:query[39m SELECT COUNT(*) FROM (SELECT "public"."findings"."id" FROM "public"."findings" WHERE "public"."findings"."reviewId" = $1 OFFSET $2) AS "sub"
[LOG] [2026-06-17T11:12:51.665Z] [34mprisma:query[39m COMMIT
[HTTP] [2026-06-17T11:12:51.666Z] [0mGET /api/reviews/cmqhyqpi80003mofobds2k9wn/progress [36m304[0m 800.733 ms - -[0m
[LOG] [2026-06-17T11:12:52.906Z] [34mprisma:query[39m BEGIN
[LOG] [2026-06-17T11:12:52.946Z] [34mprisma:query[39m DEALLOCATE ALL
[LOG] [2026-06-17T11:12:53.025Z] [34mprisma:query[39m SELECT "public"."reviews"."id", "public"."reviews"."status", "public"."reviews"."stage", "public"."reviews"."uxScore" FROM "public"."reviews" WHERE ("public"."reviews"."id" = $1 AND 1=1) LIMIT $2 OFFSET $3
[LOG] [2026-06-17T11:12:53.066Z] [34mprisma:query[39m COMMIT
[LOG] [2026-06-17T11:12:53.107Z] [34mprisma:query[39m BEGIN
[LOG] [2026-06-17T11:12:53.148Z] [34mprisma:query[39m DEALLOCATE ALL
[LOG] [2026-06-17T11:12:53.227Z] [34mprisma:query[39m SELECT COUNT(*) FROM (SELECT "public"."findings"."id" FROM "public"."findings" WHERE "public"."findings"."reviewId" = $1 OFFSET $2) AS "sub"
[LOG] [2026-06-17T11:12:53.268Z] [34mprisma:query[39m COMMIT
[HTTP] [2026-06-17T11:12:53.268Z] [0mGET /api/reviews/cmqhyqpi80003mofobds2k9wn/progress [36m304[0m 402.496 ms - -[0m
[LOG] [2026-06-17T11:12:54.908Z] [34mprisma:query[39m BEGIN
[LOG] [2026-06-17T11:12:54.948Z] [34mprisma:query[39m DEALLOCATE ALL
[LOG] [2026-06-17T11:12:55.028Z] [34mprisma:query[39m SELECT "public"."reviews"."id", "public"."reviews"."status", "public"."reviews"."stage", "public"."reviews"."uxScore" FROM "public"."reviews" WHERE ("public"."reviews"."id" = $1 AND 1=1) LIMIT $2 OFFSET $3
[LOG] [2026-06-17T11:12:55.068Z] [34mprisma:query[39m COMMIT
[LOG] [2026-06-17T11:12:55.110Z] [34mprisma:query[39m BEGIN
[LOG] [2026-06-17T11:12:55.150Z] [34mprisma:query[39m DEALLOCATE ALL
[LOG] [2026-06-17T11:12:55.230Z] [34mprisma:query[39m SELECT COUNT(*) FROM (SELECT "public"."findings"."id" FROM "public"."findings" WHERE "public"."findings"."reviewId" = $1 OFFSET $2) AS "sub"
[LOG] [2026-06-17T11:12:55.273Z] [34mprisma:query[39m COMMIT
[HTTP] [2026-06-17T11:12:55.274Z] [0mGET /api/reviews/cmqhyqpi80003mofobds2k9wn/progress [36m304[0m 406.694 ms - -[0m
[LOG] [2026-06-17T11:12:56.906Z] [34mprisma:query[39m BEGIN
[LOG] [2026-06-17T11:12:56.947Z] [34mprisma:query[39m DEALLOCATE ALL
[LOG] [2026-06-17T11:12:57.029Z] [34mprisma:query[39m SELECT "public"."reviews"."id", "public"."reviews"."status", "public"."reviews"."stage", "public"."reviews"."uxScore" FROM "public"."reviews" WHERE ("public"."reviews"."id" = $1 AND 1=1) LIMIT $2 OFFSET $3
[LOG] [2026-06-17T11:12:57.069Z] [34mprisma:query[39m COMMIT
[LOG] [2026-06-17T11:12:57.111Z] [34mprisma:query[39m BEGIN
[LOG] [2026-06-17T11:12:57.151Z] [34mprisma:query[39m DEALLOCATE ALL
[LOG] [2026-06-17T11:12:57.233Z] [34mprisma:query[39m SELECT COUNT(*) FROM (SELECT "public"."findings"."id" FROM "public"."findings" WHERE "public"."findings"."reviewId" = $1 OFFSET $2) AS "sub"
[LOG] [2026-06-17T11:12:57.273Z] [34mprisma:query[39m COMMIT
[HTTP] [2026-06-17T11:12:57.274Z] [0mGET /api/reviews/cmqhyqpi80003mofobds2k9wn/progress [36m304[0m 408.484 ms - -[0m
[LOG] [2026-06-17T11:12:58.991Z] [34mprisma:query[39m SELECT 1
[LOG] [2026-06-17T11:12:59.031Z] [34mprisma:query[39m BEGIN
[LOG] [2026-06-17T11:12:59.071Z] [34mprisma:query[39m DEALLOCATE ALL
[LOG] [2026-06-17T11:12:59.261Z] [34mprisma:query[39m SELECT "public"."reviews"."id", "public"."reviews"."status", "public"."reviews"."stage", "public"."reviews"."uxScore" FROM "public"."reviews" WHERE ("public"."reviews"."id" = $1 AND 1=1) LIMIT $2 OFFSET $3
[LOG] [2026-06-17T11:12:59.301Z] [34mprisma:query[39m COMMIT
[LOG] [2026-06-17T11:12:59.455Z] [34mprisma:query[39m BEGIN
[LOG] [2026-06-17T11:12:59.495Z] [34mprisma:query[39m DEALLOCATE ALL
[LOG] [2026-06-17T11:12:59.686Z] [34mprisma:query[39m SELECT COUNT(*) FROM (SELECT "public"."findings"."id" FROM "public"."findings" WHERE "public"."findings"."reviewId" = $1 OFFSET $2) AS "sub"
[LOG] [2026-06-17T11:12:59.728Z] [34mprisma:query[39m COMMIT
[HTTP] [2026-06-17T11:12:59.728Z] [0mGET /api/reviews/cmqhyqpi80003mofobds2k9wn/progress [36m304[0m 861.514 ms - -[0m
[LOG] [2026-06-17T11:13:00.913Z] [34mprisma:query[39m BEGIN
[LOG] [2026-06-17T11:13:00.953Z] [34mprisma:query[39m DEALLOCATE ALL
[LOG] [2026-06-17T11:13:01.116Z] [34mprisma:query[39m SELECT "public"."reviews"."id", "public"."reviews"."status", "public"."reviews"."stage", "public"."reviews"."uxScore" FROM "public"."reviews" WHERE ("public"."reviews"."id" = $1 AND 1=1) LIMIT $2 OFFSET $3
[LOG] [2026-06-17T11:13:01.161Z] [34mprisma:query[39m COMMIT
[LOG] [2026-06-17T11:13:01.308Z] [34mprisma:query[39m BEGIN
[LOG] [2026-06-17T11:13:01.369Z] [34mprisma:query[39m DEALLOCATE ALL
[LOG] [2026-06-17T11:13:01.773Z] [34mprisma:query[39m SELECT COUNT(*) FROM (SELECT "public"."findings"."id" FROM "public"."findings" WHERE "public"."findings"."reviewId" = $1 OFFSET $2) AS "sub"
[LOG] [2026-06-17T11:13:01.832Z] [34mprisma:query[39m COMMIT
[HTTP] [2026-06-17T11:13:01.832Z] [0mGET /api/reviews/cmqhyqpi80003mofobds2k9wn/progress [36m304[0m 960.401 ms - -[0m
[LOG] [2026-06-17T11:13:02.969Z] [34mprisma:query[39m BEGIN
[LOG] [2026-06-17T11:13:03.010Z] [34mprisma:query[39m DEALLOCATE ALL
[LOG] [2026-06-17T11:13:03.204Z] [34mprisma:query[39m SELECT "public"."reviews"."id", "public"."reviews"."status", "public"."reviews"."stage", "public"."reviews"."uxScore" FROM "public"."reviews" WHERE ("public"."reviews"."id" = $1 AND 1=1) LIMIT $2 OFFSET $3
[LOG] [2026-06-17T11:13:03.253Z] [34mprisma:query[39m COMMIT
[LOG] [2026-06-17T11:13:03.390Z] [34mprisma:query[39m BEGIN
[LOG] [2026-06-17T11:13:03.454Z] [34mprisma:query[39m DEALLOCATE ALL
[LOG] [2026-06-17T11:13:03.919Z] [34mprisma:query[39m SELECT COUNT(*) FROM (SELECT "public"."findings"."id" FROM "public"."findings" WHERE "public"."findings"."reviewId" = $1 OFFSET $2) AS "sub"
[LOG] [2026-06-17T11:13:03.959Z] [34mprisma:query[39m COMMIT
[HTTP] [2026-06-17T11:13:03.959Z] [0mGET /api/reviews/cmqhyqpi80003mofobds2k9wn/progress [36m304[0m 1089.511 ms - -[0m
[LOG] [2026-06-17T11:13:05.007Z] [34mprisma:query[39m BEGIN
[LOG] [2026-06-17T11:13:05.048Z] [34mprisma:query[39m DEALLOCATE ALL
[LOG] [2026-06-17T11:13:05.239Z] [34mprisma:query[39m SELECT "public"."reviews"."id", "public"."reviews"."status", "public"."reviews"."stage", "public"."reviews"."uxScore" FROM "public"."reviews" WHERE ("public"."reviews"."id" = $1 AND 1=1) LIMIT $2 OFFSET $3
[LOG] [2026-06-17T11:13:05.279Z] [34mprisma:query[39m COMMIT
[LOG] [2026-06-17T11:13:05.322Z] [34mprisma:query[39m BEGIN
[LOG] [2026-06-17T11:13:05.471Z] [34mprisma:query[39m DEALLOCATE ALL
[LOG] [2026-06-17T11:13:05.557Z] [34mprisma:query[39m SELECT COUNT(*) FROM (SELECT "public"."findings"."id" FROM "public"."findings" WHERE "public"."findings"."reviewId" = $1 OFFSET $2) AS "sub"
[LOG] [2026-06-17T11:13:05.703Z] [34mprisma:query[39m COMMIT
[HTTP] [2026-06-17T11:13:05.703Z] [0mGET /api/reviews/cmqhyqpi80003mofobds2k9wn/progress [36m304[0m 838.091 ms - -[0m
[LOG] [2026-06-17T11:13:06.914Z] [34mprisma:query[39m BEGIN
[LOG] [2026-06-17T11:13:06.954Z] [34mprisma:query[39m DEALLOCATE ALL
[LOG] [2026-06-17T11:13:07.036Z] [34mprisma:query[39m SELECT "public"."reviews"."id", "public"."reviews"."status", "public"."reviews"."stage", "public"."reviews"."uxScore" FROM "public"."reviews" WHERE ("public"."reviews"."id" = $1 AND 1=1) LIMIT $2 OFFSET $3
[LOG] [2026-06-17T11:13:07.076Z] [34mprisma:query[39m COMMIT
[LOG] [2026-06-17T11:13:07.116Z] [34mprisma:query[39m BEGIN
[LOG] [2026-06-17T11:13:07.156Z] [34mprisma:query[39m DEALLOCATE ALL
[LOG] [2026-06-17T11:13:07.236Z] [34mprisma:query[39m SELECT COUNT(*) FROM (SELECT "public"."findings"."id" FROM "public"."findings" WHERE "public"."findings"."reviewId" = $1 OFFSET $2) AS "sub"
[LOG] [2026-06-17T11:13:07.276Z] [34mprisma:query[39m COMMIT
[HTTP] [2026-06-17T11:13:07.277Z] [0mGET /api/reviews/cmqhyqpi80003mofobds2k9wn/progress [36m304[0m 403.532 ms - -[0m
[LOG] [2026-06-17T11:13:08.912Z] [34mprisma:query[39m BEGIN
[LOG] [2026-06-17T11:13:08.952Z] [34mprisma:query[39m DEALLOCATE ALL
[LOG] [2026-06-17T11:13:09.031Z] [34mprisma:query[39m SELECT "public"."reviews"."id", "public"."reviews"."status", "public"."reviews"."stage", "public"."reviews"."uxScore" FROM "public"."reviews" WHERE ("public"."reviews"."id" = $1 AND 1=1) LIMIT $2 OFFSET $3
[LOG] [2026-06-17T11:13:09.071Z] [34mprisma:query[39m COMMIT
[LOG] [2026-06-17T11:13:09.112Z] [34mprisma:query[39m BEGIN
[LOG] [2026-06-17T11:13:09.152Z] [34mprisma:query[39m DEALLOCATE ALL
[LOG] [2026-06-17T11:13:09.232Z] [34mprisma:query[39m SELECT COUNT(*) FROM (SELECT "public"."findings"."id" FROM "public"."findings" WHERE "public"."findings"."reviewId" = $1 OFFSET $2) AS "sub"
[LOG] [2026-06-17T11:13:09.273Z] [34mprisma:query[39m COMMIT
[HTTP] [2026-06-17T11:13:09.274Z] [0mGET /api/reviews/cmqhyqpi80003mofobds2k9wn/progress [36m304[0m 402.015 ms - -[0m
[LOG] [2026-06-17T11:13:10.975Z] [34mprisma:query[39m BEGIN
[LOG] [2026-06-17T11:13:11.016Z] [34mprisma:query[39m DEALLOCATE ALL
[LOG] [2026-06-17T11:13:11.207Z] [34mprisma:query[39m SELECT "public"."reviews"."id", "public"."reviews"."status", "public"."reviews"."stage", "public"."reviews"."uxScore" FROM "public"."reviews" WHERE ("public"."reviews"."id" = $1 AND 1=1) LIMIT $2 OFFSET $3
[LOG] [2026-06-17T11:13:11.247Z] [34mprisma:query[39m COMMIT
[LOG] [2026-06-17T11:13:11.399Z] [34mprisma:query[39m BEGIN
[LOG] [2026-06-17T11:13:11.440Z] [34mprisma:query[39m DEALLOCATE ALL
[LOG] [2026-06-17T11:13:11.638Z] [34mprisma:query[39m SELECT COUNT(*) FROM (SELECT "public"."findings"."id" FROM "public"."findings" WHERE "public"."findings"."reviewId" = $1 OFFSET $2) AS "sub"
[LOG] [2026-06-17T11:13:11.678Z] [34mprisma:query[39m COMMIT
[HTTP] [2026-06-17T11:13:11.678Z] [0mGET /api/reviews/cmqhyqpi80003mofobds2k9wn/progress [36m304[0m 809.246 ms - -[0m
[LOG] [2026-06-17T11:13:13.026Z] [34mprisma:query[39m BEGIN
[LOG] [2026-06-17T11:13:13.066Z] [34mprisma:query[39m DEALLOCATE ALL
[LOG] [2026-06-17T11:13:13.258Z] [34mprisma:query[39m SELECT "public"."reviews"."id", "public"."reviews"."status", "public"."reviews"."stage", "public"."reviews"."uxScore" FROM "public"."reviews" WHERE ("public"."reviews"."id" = $1 AND 1=1) LIMIT $2 OFFSET $3
[LOG] [2026-06-17T11:13:13.298Z] [34mprisma:query[39m COMMIT
[LOG] [2026-06-17T11:13:13.338Z] [34mprisma:query[39m BEGIN
[LOG] [2026-06-17T11:13:13.492Z] [34mprisma:query[39m DEALLOCATE ALL
[LOG] [2026-06-17T11:13:13.579Z] [34mprisma:query[39m SELECT COUNT(*) FROM (SELECT "public"."findings"."id" FROM "public"."findings" WHERE "public"."findings"."reviewId" = $1 OFFSET $2) AS "sub"
[LOG] [2026-06-17T11:13:13.723Z] [34mprisma:query[39m COMMIT
[HTTP] [2026-06-17T11:13:13.723Z] [0mGET /api/reviews/cmqhyqpi80003mofobds2k9wn/progress [36m304[0m 852.227 ms - -[0m
[LOG] [2026-06-17T11:13:14.912Z] [34mprisma:query[39m SELECT 1
[LOG] [2026-06-17T11:13:14.952Z] [34mprisma:query[39m BEGIN
[LOG] [2026-06-17T11:13:15.104Z] [34mprisma:query[39m DEALLOCATE ALL
[LOG] [2026-06-17T11:13:15.184Z] [34mprisma:query[39m SELECT "public"."reviews"."id", "public"."reviews"."status", "public"."reviews"."stage", "public"."reviews"."uxScore" FROM "public"."reviews" WHERE ("public"."reviews"."id" = $1 AND 1=1) LIMIT $2 OFFSET $3
[LOG] [2026-06-17T11:13:15.335Z] [34mprisma:query[39m COMMIT
[LOG] [2026-06-17T11:13:15.376Z] [34mprisma:query[39m BEGIN
[LOG] [2026-06-17T11:13:15.416Z] [34mprisma:query[39m DEALLOCATE ALL
[LOG] [2026-06-17T11:13:15.606Z] [34mprisma:query[39m SELECT COUNT(*) FROM (SELECT "public"."findings"."id" FROM "public"."findings" WHERE "public"."findings"."reviewId" = $1 OFFSET $2) AS "sub"
[LOG] [2026-06-17T11:13:15.646Z] [34mprisma:query[39m COMMIT
[HTTP] [2026-06-17T11:13:15.646Z] [0mGET /api/reviews/cmqhyqpi80003mofobds2k9wn/progress [36m304[0m 776.606 ms - -[0m
[LOG] [2026-06-17T11:13:16.995Z] [34mprisma:query[39m BEGIN
[LOG] [2026-06-17T11:13:17.035Z] [34mprisma:query[39m DEALLOCATE ALL
[LOG] [2026-06-17T11:13:17.230Z] [34mprisma:query[39m SELECT "public"."reviews"."id", "public"."reviews"."status", "public"."reviews"."stage", "public"."reviews"."uxScore" FROM "public"."reviews" WHERE ("public"."reviews"."id" = $1 AND 1=1) LIMIT $2 OFFSET $3
[LOG] [2026-06-17T11:13:17.270Z] [34mprisma:query[39m COMMIT
[LOG] [2026-06-17T11:13:17.420Z] [34mprisma:query[39m BEGIN
[LOG] [2026-06-17T11:13:17.460Z] [34mprisma:query[39m DEALLOCATE ALL
[LOG] [2026-06-17T11:13:17.651Z] [34mprisma:query[39m SELECT COUNT(*) FROM (SELECT "public"."findings"."id" FROM "public"."findings" WHERE "public"."findings"."reviewId" = $1 OFFSET $2) AS "sub"
[LOG] [2026-06-17T11:13:17.691Z] [34mprisma:query[39m COMMIT
[HTTP] [2026-06-17T11:13:17.692Z] [0mGET /api/reviews/cmqhyqpi80003mofobds2k9wn/progress [36m304[0m 820.168 ms - -[0m
[LOG] [2026-06-17T11:13:18.914Z] [34mprisma:query[39m BEGIN
[LOG] [2026-06-17T11:13:19.043Z] [34mprisma:query[39m DEALLOCATE ALL
[LOG] [2026-06-17T11:13:19.129Z] [34mprisma:query[39m SELECT "public"."reviews"."id", "public"."reviews"."status", "public"."reviews"."stage", "public"."reviews"."uxScore" FROM "public"."reviews" WHERE ("public"."reviews"."id" = $1 AND 1=1) LIMIT $2 OFFSET $3
[LOG] [2026-06-17T11:13:19.279Z] [34mprisma:query[39m COMMIT
[LOG] [2026-06-17T11:13:19.334Z] [34mprisma:query[39m BEGIN
[LOG] [2026-06-17T11:13:19.379Z] [34mprisma:query[39m DEALLOCATE ALL
[LOG] [2026-06-17T11:13:19.460Z] [34mprisma:query[39m SELECT COUNT(*) FROM (SELECT "public"."findings"."id" FROM "public"."findings" WHERE "public"."findings"."reviewId" = $1 OFFSET $2) AS "sub"
[LOG] [2026-06-17T11:13:19.501Z] [34mprisma:query[39m COMMIT
[HTTP] [2026-06-17T11:13:19.501Z] [0mGET /api/reviews/cmqhyqpi80003mofobds2k9wn/progress [36m304[0m 627.640 ms - -[0m
[LOG] [2026-06-17T11:13:20.913Z] [34mprisma:query[39m BEGIN
[LOG] [2026-06-17T11:13:20.952Z] [34mprisma:query[39m DEALLOCATE ALL
[LOG] [2026-06-17T11:13:21.033Z] [34mprisma:query[39m SELECT "public"."reviews"."id", "public"."reviews"."status", "public"."reviews"."stage", "public"."reviews"."uxScore" FROM "public"."reviews" WHERE ("public"."reviews"."id" = $1 AND 1=1) LIMIT $2 OFFSET $3
[LOG] [2026-06-17T11:13:21.072Z] [34mprisma:query[39m COMMIT
[LOG] [2026-06-17T11:13:21.113Z] [34mprisma:query[39m BEGIN
[LOG] [2026-06-17T11:13:21.152Z] [34mprisma:query[39m DEALLOCATE ALL
[LOG] [2026-06-17T11:13:21.234Z] [34mprisma:query[39m SELECT COUNT(*) FROM (SELECT "public"."findings"."id" FROM "public"."findings" WHERE "public"."findings"."reviewId" = $1 OFFSET $2) AS "sub"
[LOG] [2026-06-17T11:13:21.274Z] [34mprisma:query[39m COMMIT
[HTTP] [2026-06-17T11:13:21.275Z] [0mGET /api/reviews/cmqhyqpi80003mofobds2k9wn/progress [36m304[0m 402.513 ms - -[0m
[LOG] [2026-06-17T11:13:22.910Z] [34mprisma:query[39m BEGIN
[LOG] [2026-06-17T11:13:22.951Z] [34mprisma:query[39m DEALLOCATE ALL
[LOG] [2026-06-17T11:13:23.033Z] [34mprisma:query[39m SELECT "public"."reviews"."id", "public"."reviews"."status", "public"."reviews"."stage", "public"."reviews"."uxScore" FROM "public"."reviews" WHERE ("public"."reviews"."id" = $1 AND 1=1) LIMIT $2 OFFSET $3
[LOG] [2026-06-17T11:13:23.073Z] [34mprisma:query[39m COMMIT
[LOG] [2026-06-17T11:13:23.114Z] [34mprisma:query[39m BEGIN
[LOG] [2026-06-17T11:13:23.154Z] [34mprisma:query[39m DEALLOCATE ALL
[LOG] [2026-06-17T11:13:23.243Z] [34mprisma:query[39m SELECT COUNT(*) FROM (SELECT "public"."findings"."id" FROM "public"."findings" WHERE "public"."findings"."reviewId" = $1 OFFSET $2) AS "sub"
[LOG] [2026-06-17T11:13:23.289Z] [34mprisma:query[39m COMMIT
[HTTP] [2026-06-17T11:13:23.290Z] [0mGET /api/reviews/cmqhyqpi80003mofobds2k9wn/progress [36m304[0m 419.672 ms - -[0m
[LOG] [2026-06-17T11:13:25.003Z] [34mprisma:query[39m BEGIN
[LOG] [2026-06-17T11:13:25.043Z] [34mprisma:query[39m DEALLOCATE ALL
[LOG] [2026-06-17T11:13:25.236Z] [34mprisma:query[39m SELECT "public"."reviews"."id", "public"."reviews"."status", "public"."reviews"."stage", "public"."reviews"."uxScore" FROM "public"."reviews" WHERE ("public"."reviews"."id" = $1 AND 1=1) LIMIT $2 OFFSET $3
[LOG] [2026-06-17T11:13:25.276Z] [34mprisma:query[39m COMMIT
[LOG] [2026-06-17T11:13:25.429Z] [34mprisma:query[39m BEGIN
[LOG] [2026-06-17T11:13:25.469Z] [34mprisma:query[39m DEALLOCATE ALL
[LOG] [2026-06-17T11:13:25.662Z] [34mprisma:query[39m SELECT COUNT(*) FROM (SELECT "public"."findings"."id" FROM "public"."findings" WHERE "public"."findings"."reviewId" = $1 OFFSET $2) AS "sub"
[LOG] [2026-06-17T11:13:25.702Z] [34mprisma:query[39m COMMIT
[HTTP] [2026-06-17T11:13:25.703Z] [0mGET /api/reviews/cmqhyqpi80003mofobds2k9wn/progress [36m304[0m 829.692 ms - -[0m
[LOG] [2026-06-17T11:13:26.912Z] [34mprisma:query[39m BEGIN
[LOG] [2026-06-17T11:13:27.055Z] [34mprisma:query[39m DEALLOCATE ALL
[LOG] [2026-06-17T11:13:27.135Z] [34mprisma:query[39m SELECT "public"."reviews"."id", "public"."reviews"."status", "public"."reviews"."stage", "public"."reviews"."uxScore" FROM "public"."reviews" WHERE ("public"."reviews"."id" = $1 AND 1=1) LIMIT $2 OFFSET $3
[LOG] [2026-06-17T11:13:27.285Z] [34mprisma:query[39m COMMIT
[LOG] [2026-06-17T11:13:27.325Z] [34mprisma:query[39m BEGIN
[LOG] [2026-06-17T11:13:27.365Z] [34mprisma:query[39m DEALLOCATE ALL
[LOG] [2026-06-17T11:13:27.554Z] [34mprisma:query[39m SELECT COUNT(*) FROM (SELECT "public"."findings"."id" FROM "public"."findings" WHERE "public"."findings"."reviewId" = $1 OFFSET $2) AS "sub"
[LOG] [2026-06-17T11:13:27.594Z] [34mprisma:query[39m COMMIT
[HTTP] [2026-06-17T11:13:27.594Z] [0mGET /api/reviews/cmqhyqpi80003mofobds2k9wn/progress [36m304[0m 722.374 ms - -[0m
[LOG] [2026-06-17T11:13:28.937Z] [34mprisma:query[39m BEGIN
[LOG] [2026-06-17T11:13:28.977Z] [34mprisma:query[39m DEALLOCATE ALL
[LOG] [2026-06-17T11:13:29.170Z] [34mprisma:query[39m SELECT "public"."reviews"."id", "public"."reviews"."status", "public"."reviews"."stage", "public"."reviews"."uxScore" FROM "public"."reviews" WHERE ("public"."reviews"."id" = $1 AND 1=1) LIMIT $2 OFFSET $3
[LOG] [2026-06-17T11:13:29.210Z] [34mprisma:query[39m COMMIT
[LOG] [2026-06-17T11:13:29.361Z] [34mprisma:query[39m BEGIN
[LOG] [2026-06-17T11:13:29.401Z] [34mprisma:query[39m DEALLOCATE ALL
[LOG] [2026-06-17T11:13:29.593Z] [34mprisma:query[39m SELECT COUNT(*) FROM (SELECT "public"."findings"."id" FROM "public"."findings" WHERE "public"."findings"."reviewId" = $1 OFFSET $2) AS "sub"
[LOG] [2026-06-17T11:13:29.633Z] [34mprisma:query[39m COMMIT
[HTTP] [2026-06-17T11:13:29.633Z] [0mGET /api/reviews/cmqhyqpi80003mofobds2k9wn/progress [36m304[0m 761.301 ms - -[0m
[LOG] [2026-06-17T11:13:31.022Z] [34mprisma:query[39m SELECT 1
[LOG] [2026-06-17T11:13:31.062Z] [34mprisma:query[39m BEGIN
[LOG] [2026-06-17T11:13:31.215Z] [34mprisma:query[39m DEALLOCATE ALL
[LOG] [2026-06-17T11:13:31.295Z] [34mprisma:query[39m SELECT "public"."reviews"."id", "public"."reviews"."status", "public"."reviews"."stage", "public"."reviews"."uxScore" FROM "public"."reviews" WHERE ("public"."reviews"."id" = $1 AND 1=1) LIMIT $2 OFFSET $3
[LOG] [2026-06-17T11:13:31.447Z] [34mprisma:query[39m COMMIT
[LOG] [2026-06-17T11:13:31.488Z] [34mprisma:query[39m BEGIN
[LOG] [2026-06-17T11:13:31.528Z] [34mprisma:query[39m DEALLOCATE ALL
[LOG] [2026-06-17T11:13:31.720Z] [34mprisma:query[39m SELECT COUNT(*) FROM (SELECT "public"."findings"."id" FROM "public"."findings" WHERE "public"."findings"."reviewId" = $1 OFFSET $2) AS "sub"
[LOG] [2026-06-17T11:13:31.760Z] [34mprisma:query[39m COMMIT
[HTTP] [2026-06-17T11:13:31.760Z] [0mGET /api/reviews/cmqhyqpi80003mofobds2k9wn/progress [36m304[0m 891.596 ms - -[0m
[LOG] [2026-06-17T11:13:32.913Z] [34mprisma:query[39m BEGIN
[LOG] [2026-06-17T11:13:32.953Z] [34mprisma:query[39m DEALLOCATE ALL
[LOG] [2026-06-17T11:13:33.035Z] [34mprisma:query[39m SELECT "public"."reviews"."id", "public"."reviews"."status", "public"."reviews"."stage", "public"."reviews"."uxScore" FROM "public"."reviews" WHERE ("public"."reviews"."id" = $1 AND 1=1) LIMIT $2 OFFSET $3
[LOG] [2026-06-17T11:13:33.075Z] [34mprisma:query[39m COMMIT
[LOG] [2026-06-17T11:13:33.116Z] [34mprisma:query[39m BEGIN
[LOG] [2026-06-17T11:13:33.156Z] [34mprisma:query[39m DEALLOCATE ALL
[LOG] [2026-06-17T11:13:33.236Z] [34mprisma:query[39m SELECT COUNT(*) FROM (SELECT "public"."findings"."id" FROM "public"."findings" WHERE "public"."findings"."reviewId" = $1 OFFSET $2) AS "sub"
[LOG] [2026-06-17T11:13:33.276Z] [34mprisma:query[39m COMMIT
[HTTP] [2026-06-17T11:13:33.276Z] [0mGET /api/reviews/cmqhyqpi80003mofobds2k9wn/progress [36m304[0m 404.574 ms - -[0m
[LOG] [2026-06-17T11:13:34.908Z] [34mprisma:query[39m BEGIN
[LOG] [2026-06-17T11:13:34.948Z] [34mprisma:query[39m DEALLOCATE ALL
[LOG] [2026-06-17T11:13:35.032Z] [34mprisma:query[39m SELECT "public"."reviews"."id", "public"."reviews"."status", "public"."reviews"."stage", "public"."reviews"."uxScore" FROM "public"."reviews" WHERE ("public"."reviews"."id" = $1 AND 1=1) LIMIT $2 OFFSET $3
[LOG] [2026-06-17T11:13:35.072Z] [34mprisma:query[39m COMMIT
[LOG] [2026-06-17T11:13:35.112Z] [34mprisma:query[39m BEGIN
[LOG] [2026-06-17T11:13:35.152Z] [34mprisma:query[39m DEALLOCATE ALL
[LOG] [2026-06-17T11:13:35.233Z] [34mprisma:query[39m SELECT COUNT(*) FROM (SELECT "public"."findings"."id" FROM "public"."findings" WHERE "public"."findings"."reviewId" = $1 OFFSET $2) AS "sub"
[LOG] [2026-06-17T11:13:35.273Z] [34mprisma:query[39m COMMIT
[HTTP] [2026-06-17T11:13:35.274Z] [0mGET /api/reviews/cmqhyqpi80003mofobds2k9wn/progress [36m304[0m 406.377 ms - -[0m
[LOG] [2026-06-17T11:13:36.909Z] [34mprisma:query[39m BEGIN
[LOG] [2026-06-17T11:13:36.949Z] [34mprisma:query[39m DEALLOCATE ALL
[LOG] [2026-06-17T11:13:37.028Z] [34mprisma:query[39m SELECT "public"."reviews"."id", "public"."reviews"."status", "public"."reviews"."stage", "public"."reviews"."uxScore" FROM "public"."reviews" WHERE ("public"."reviews"."id" = $1 AND 1=1) LIMIT $2 OFFSET $3
[LOG] [2026-06-17T11:13:37.068Z] [34mprisma:query[39m COMMIT
[LOG] [2026-06-17T11:13:37.109Z] [34mprisma:query[39m BEGIN
[LOG] [2026-06-17T11:13:37.149Z] [34mprisma:query[39m DEALLOCATE ALL
[LOG] [2026-06-17T11:13:37.229Z] [34mprisma:query[39m SELECT COUNT(*) FROM (SELECT "public"."findings"."id" FROM "public"."findings" WHERE "public"."findings"."reviewId" = $1 OFFSET $2) AS "sub"
[LOG] [2026-06-17T11:13:37.269Z] [34mprisma:query[39m COMMIT
[HTTP] [2026-06-17T11:13:37.269Z] [0mGET /api/reviews/cmqhyqpi80003mofobds2k9wn/progress [36m304[0m 400.315 ms - -[0m
[LOG] [2026-06-17T11:13:39.001Z] [34mprisma:query[39m BEGIN
[LOG] [2026-06-17T11:13:39.040Z] [34mprisma:query[39m DEALLOCATE ALL
[LOG] [2026-06-17T11:13:39.234Z] [34mprisma:query[39m SELECT "public"."reviews"."id", "public"."reviews"."status", "public"."reviews"."stage", "public"."reviews"."uxScore" FROM "public"."reviews" WHERE ("public"."reviews"."id" = $1 AND 1=1) LIMIT $2 OFFSET $3
[LOG] [2026-06-17T11:13:39.274Z] [34mprisma:query[39m COMMIT
[LOG] [2026-06-17T11:13:39.426Z] [34mprisma:query[39m BEGIN
[LOG] [2026-06-17T11:13:39.466Z] [34mprisma:query[39m DEALLOCATE ALL
[LOG] [2026-06-17T11:13:39.659Z] [34mprisma:query[39m SELECT COUNT(*) FROM (SELECT "public"."findings"."id" FROM "public"."findings" WHERE "public"."findings"."reviewId" = $1 OFFSET $2) AS "sub"
[LOG] [2026-06-17T11:13:39.700Z] [34mprisma:query[39m COMMIT
[HTTP] [2026-06-17T11:13:39.701Z] [0mGET /api/reviews/cmqhyqpi80003mofobds2k9wn/progress [36m304[0m 829.060 ms - -[0m
[LOG] [2026-06-17T11:13:40.912Z] [34mprisma:query[39m BEGIN
[LOG] [2026-06-17T11:13:41.046Z] [34mprisma:query[39m DEALLOCATE ALL
[LOG] [2026-06-17T11:13:41.127Z] [34mprisma:query[39m SELECT "public"."reviews"."id", "public"."reviews"."status", "public"."reviews"."stage", "public"."reviews"."uxScore" FROM "public"."reviews" WHERE ("public"."reviews"."id" = $1 AND 1=1) LIMIT $2 OFFSET $3
[LOG] [2026-06-17T11:13:41.275Z] [34mprisma:query[39m COMMIT
[LOG] [2026-06-17T11:13:41.316Z] [34mprisma:query[39m BEGIN
[LOG] [2026-06-17T11:13:41.357Z] [34mprisma:query[39m DEALLOCATE ALL
[LOG] [2026-06-17T11:13:41.547Z] [34mprisma:query[39m SELECT COUNT(*) FROM (SELECT "public"."findings"."id" FROM "public"."findings" WHERE "public"."findings"."reviewId" = $1 OFFSET $2) AS "sub"
[LOG] [2026-06-17T11:13:41.588Z] [34mprisma:query[39m COMMIT
[HTTP] [2026-06-17T11:13:41.588Z] [0mGET /api/reviews/cmqhyqpi80003mofobds2k9wn/progress [36m304[0m 716.497 ms - -[0m
[LOG] [2026-06-17T11:13:42.933Z] [34mprisma:query[39m BEGIN
[LOG] [2026-06-17T11:13:42.972Z] [34mprisma:query[39m DEALLOCATE ALL
[LOG] [2026-06-17T11:13:43.169Z] [34mprisma:query[39m SELECT "public"."reviews"."id", "public"."reviews"."status", "public"."reviews"."stage", "public"."reviews"."uxScore" FROM "public"."reviews" WHERE ("public"."reviews"."id" = $1 AND 1=1) LIMIT $2 OFFSET $3
[LOG] [2026-06-17T11:13:43.218Z] [34mprisma:query[39m COMMIT
[LOG] [2026-06-17T11:13:43.357Z] [34mprisma:query[39m BEGIN
[LOG] [2026-06-17T11:13:43.397Z] [34mprisma:query[39m DEALLOCATE ALL
[LOG] [2026-06-17T11:13:43.589Z] [34mprisma:query[39m SELECT COUNT(*) FROM (SELECT "public"."findings"."id" FROM "public"."findings" WHERE "public"."findings"."reviewId" = $1 OFFSET $2) AS "sub"
[LOG] [2026-06-17T11:13:43.629Z] [34mprisma:query[39m COMMIT
[HTTP] [2026-06-17T11:13:43.629Z] [0mGET /api/reviews/cmqhyqpi80003mofobds2k9wn/progress [36m304[0m 757.228 ms - -[0m
[LOG] [2026-06-17T11:13:45.018Z] [34mprisma:query[39m BEGIN
[LOG] [2026-06-17T11:13:45.058Z] [34mprisma:query[39m DEALLOCATE ALL
[LOG] [2026-06-17T11:13:45.252Z] [34mprisma:query[39m SELECT "public"."reviews"."id", "public"."reviews"."status", "public"."reviews"."stage", "public"."reviews"."uxScore" FROM "public"."reviews" WHERE ("public"."reviews"."id" = $1 AND 1=1) LIMIT $2 OFFSET $3
[LOG] [2026-06-17T11:13:45.293Z] [34mprisma:query[39m COMMIT
[LOG] [2026-06-17T11:13:45.444Z] [34mprisma:query[39m BEGIN
[LOG] [2026-06-17T11:13:45.484Z] [34mprisma:query[39m DEALLOCATE ALL
[LOG] [2026-06-17T11:13:45.675Z] [34mprisma:query[39m SELECT COUNT(*) FROM (SELECT "public"."findings"."id" FROM "public"."findings" WHERE "public"."findings"."reviewId" = $1 OFFSET $2) AS "sub"
[LOG] [2026-06-17T11:13:45.715Z] [34mprisma:query[39m COMMIT
[HTTP] [2026-06-17T11:13:45.716Z] [0mGET /api/reviews/cmqhyqpi80003mofobds2k9wn/progress [36m304[0m 843.579 ms - -[0m
[LOG] [2026-06-17T11:13:46.913Z] [34mprisma:query[39m SELECT 1
[LOG] [2026-06-17T11:13:46.953Z] [34mprisma:query[39m BEGIN
[LOG] [2026-06-17T11:13:46.994Z] [34mprisma:query[39m DEALLOCATE ALL
[LOG] [2026-06-17T11:13:47.077Z] [34mprisma:query[39m SELECT "public"."reviews"."id", "public"."reviews"."status", "public"."reviews"."stage", "public"."reviews"."uxScore" FROM "public"."reviews" WHERE ("public"."reviews"."id" = $1 AND 1=1) LIMIT $2 OFFSET $3
[LOG] [2026-06-17T11:13:47.117Z] [34mprisma:query[39m COMMIT
[LOG] [2026-06-17T11:13:47.157Z] [34mprisma:query[39m BEGIN
[LOG] [2026-06-17T11:13:47.197Z] [34mprisma:query[39m DEALLOCATE ALL
[LOG] [2026-06-17T11:13:47.280Z] [34mprisma:query[39m SELECT COUNT(*) FROM (SELECT "public"."findings"."id" FROM "public"."findings" WHERE "public"."findings"."reviewId" = $1 OFFSET $2) AS "sub"
[LOG] [2026-06-17T11:13:47.321Z] [34mprisma:query[39m COMMIT
[HTTP] [2026-06-17T11:13:47.321Z] [0mGET /api/reviews/cmqhyqpi80003mofobds2k9wn/progress [36m304[0m 449.391 ms - -[0m
[LOG] [2026-06-17T11:13:48.912Z] [34mprisma:query[39m BEGIN
[LOG] [2026-06-17T11:13:48.953Z] [34mprisma:query[39m DEALLOCATE ALL
[LOG] [2026-06-17T11:13:49.032Z] [34mprisma:query[39m SELECT "public"."reviews"."id", "public"."reviews"."status", "public"."reviews"."stage", "public"."reviews"."uxScore" FROM "public"."reviews" WHERE ("public"."reviews"."id" = $1 AND 1=1) LIMIT $2 OFFSET $3
[LOG] [2026-06-17T11:13:49.072Z] [34mprisma:query[39m COMMIT
[LOG] [2026-06-17T11:13:49.113Z] [34mprisma:query[39m BEGIN
[LOG] [2026-06-17T11:13:49.153Z] [34mprisma:query[39m DEALLOCATE ALL
[LOG] [2026-06-17T11:13:49.233Z] [34mprisma:query[39m SELECT COUNT(*) FROM (SELECT "public"."findings"."id" FROM "public"."findings" WHERE "public"."findings"."reviewId" = $1 OFFSET $2) AS "sub"
[LOG] [2026-06-17T11:13:49.273Z] [34mprisma:query[39m COMMIT
[HTTP] [2026-06-17T11:13:49.274Z] [0mGET /api/reviews/cmqhyqpi80003mofobds2k9wn/progress [36m304[0m 402.187 ms - -[0m
[LOG] [2026-06-17T11:13:50.974Z] [34mprisma:query[39m BEGIN
[LOG] [2026-06-17T11:13:51.013Z] [34mprisma:query[39m DEALLOCATE ALL
[LOG] [2026-06-17T11:13:51.207Z] [34mprisma:query[39m SELECT "public"."reviews"."id", "public"."reviews"."status", "public"."reviews"."stage", "public"."reviews"."uxScore" FROM "public"."reviews" WHERE ("public"."reviews"."id" = $1 AND 1=1) LIMIT $2 OFFSET $3
[LOG] [2026-06-17T11:13:51.248Z] [34mprisma:query[39m COMMIT
[LOG] [2026-06-17T11:13:51.400Z] [34mprisma:query[39m BEGIN
[LOG] [2026-06-17T11:13:51.440Z] [34mprisma:query[39m DEALLOCATE ALL
[LOG] [2026-06-17T11:13:51.632Z] [34mprisma:query[39m SELECT COUNT(*) FROM (SELECT "public"."findings"."id" FROM "public"."findings" WHERE "public"."findings"."reviewId" = $1 OFFSET $2) AS "sub"
[LOG] [2026-06-17T11:13:51.672Z] [34mprisma:query[39m COMMIT
[HTTP] [2026-06-17T11:13:51.672Z] [0mGET /api/reviews/cmqhyqpi80003mofobds2k9wn/progress [36m304[0m 800.325 ms - -[0m
[LOG] [2026-06-17T11:13:53.027Z] [34mprisma:query[39m BEGIN
[LOG] [2026-06-17T11:13:53.068Z] [34mprisma:query[39m DEALLOCATE ALL
[LOG] [2026-06-17T11:13:53.260Z] [34mprisma:query[39m SELECT "public"."reviews"."id", "public"."reviews"."status", "public"."reviews"."stage", "public"."reviews"."uxScore" FROM "public"."reviews" WHERE ("public"."reviews"."id" = $1 AND 1=1) LIMIT $2 OFFSET $3
[LOG] [2026-06-17T11:13:53.300Z] [34mprisma:query[39m COMMIT
[LOG] [2026-06-17T11:13:53.341Z] [34mprisma:query[39m BEGIN
[LOG] [2026-06-17T11:13:53.492Z] [34mprisma:query[39m DEALLOCATE ALL
[LOG] [2026-06-17T11:13:53.574Z] [34mprisma:query[39m SELECT COUNT(*) FROM (SELECT "public"."findings"."id" FROM "public"."findings" WHERE "public"."findings"."reviewId" = $1 OFFSET $2) AS "sub"
[LOG] [2026-06-17T11:13:53.728Z] [34mprisma:query[39m COMMIT
[HTTP] [2026-06-17T11:13:53.728Z] [0mGET /api/reviews/cmqhyqpi80003mofobds2k9wn/progress [36m304[0m 855.979 ms - -[0m
[LOG] [2026-06-17T11:13:54.914Z] [34mprisma:query[39m BEGIN
[LOG] [2026-06-17T11:13:54.954Z] [34mprisma:query[39m DEALLOCATE ALL
[LOG] [2026-06-17T11:13:55.146Z] [34mprisma:query[39m SELECT "public"."reviews"."id", "public"."reviews"."status", "public"."reviews"."stage", "public"."reviews"."uxScore" FROM "public"."reviews" WHERE ("public"."reviews"."id" = $1 AND 1=1) LIMIT $2 OFFSET $3
[LOG] [2026-06-17T11:13:55.186Z] [34mprisma:query[39m COMMIT
[LOG] [2026-06-17T11:13:55.337Z] [34mprisma:query[39m BEGIN
[LOG] [2026-06-17T11:13:55.376Z] [34mprisma:query[39m DEALLOCATE ALL
[LOG] [2026-06-17T11:13:55.567Z] [34mprisma:query[39m SELECT COUNT(*) FROM (SELECT "public"."findings"."id" FROM "public"."findings" WHERE "public"."findings"."reviewId" = $1 OFFSET $2) AS "sub"
[LOG] [2026-06-17T11:13:55.607Z] [34mprisma:query[39m COMMIT
[HTTP] [2026-06-17T11:13:55.608Z] [0mGET /api/reviews/cmqhyqpi80003mofobds2k9wn/progress [36m304[0m 739.706 ms - -[0m
[LOG] [2026-06-17T11:13:56.995Z] [34mprisma:query[39m BEGIN
[LOG] [2026-06-17T11:13:57.036Z] [34mprisma:query[39m DEALLOCATE ALL
[LOG] [2026-06-17T11:13:57.228Z] [34mprisma:query[39m SELECT "public"."reviews"."id", "public"."reviews"."status", "public"."reviews"."stage", "public"."reviews"."uxScore" FROM "public"."reviews" WHERE ("public"."reviews"."id" = $1 AND 1=1) LIMIT $2 OFFSET $3
[LOG] [2026-06-17T11:13:57.268Z] [34mprisma:query[39m COMMIT
[LOG] [2026-06-17T11:13:57.420Z] [34mprisma:query[39m BEGIN
[LOG] [2026-06-17T11:13:57.460Z] [34mprisma:query[39m DEALLOCATE ALL
[LOG] [2026-06-17T11:13:57.653Z] [34mprisma:query[39m SELECT COUNT(*) FROM (SELECT "public"."findings"."id" FROM "public"."findings" WHERE "public"."findings"."reviewId" = $1 OFFSET $2) AS "sub"
[LOG] [2026-06-17T11:13:57.693Z] [34mprisma:query[39m COMMIT
[HTTP] [2026-06-17T11:13:57.693Z] [0mGET /api/reviews/cmqhyqpi80003mofobds2k9wn/progress [36m304[0m 821.987 ms - -[0m
[LOG] [2026-06-17T11:13:58.912Z] [34mprisma:query[39m BEGIN
[LOG] [2026-06-17T11:13:59.043Z] [34mprisma:query[39m DEALLOCATE ALL
[LOG] [2026-06-17T11:13:59.128Z] [34mprisma:query[39m SELECT "public"."reviews"."id", "public"."reviews"."status", "public"."reviews"."stage", "public"."reviews"."uxScore" FROM "public"."reviews" WHERE ("public"."reviews"."id" = $1 AND 1=1) LIMIT $2 OFFSET $3
[LOG] [2026-06-17T11:13:59.275Z] [34mprisma:query[39m COMMIT
[LOG] [2026-06-17T11:13:59.316Z] [34mprisma:query[39m BEGIN
[LOG] [2026-06-17T11:13:59.363Z] [34mprisma:query[39m DEALLOCATE ALL
[LOG] [2026-06-17T11:13:59.467Z] [34mprisma:query[39m SELECT COUNT(*) FROM (SELECT "public"."findings"."id" FROM "public"."findings" WHERE "public"."findings"."reviewId" = $1 OFFSET $2) AS "sub"
[LOG] [2026-06-17T11:13:59.507Z] [34mprisma:query[39m COMMIT
[HTTP] [2026-06-17T11:13:59.508Z] [0mGET /api/reviews/cmqhyqpi80003mofobds2k9wn/progress [36m304[0m 636.484 ms - -[0m
[LOG] [2026-06-17T11:14:00.913Z] [34mprisma:query[39m BEGIN
[LOG] [2026-06-17T11:14:00.955Z] [34mprisma:query[39m DEALLOCATE ALL
[LOG] [2026-06-17T11:14:01.036Z] [34mprisma:query[39m SELECT "public"."reviews"."id", "public"."reviews"."status", "public"."reviews"."stage", "public"."reviews"."uxScore" FROM "public"."reviews" WHERE ("public"."reviews"."id" = $1 AND 1=1) LIMIT $2 OFFSET $3
[LOG] [2026-06-17T11:14:01.077Z] [34mprisma:query[39m COMMIT
[LOG] [2026-06-17T11:14:01.117Z] [34mprisma:query[39m BEGIN
[LOG] [2026-06-17T11:14:01.157Z] [34mprisma:query[39m DEALLOCATE ALL
[LOG] [2026-06-17T11:14:01.238Z] [34mprisma:query[39m SELECT COUNT(*) FROM (SELECT "public"."findings"."id" FROM "public"."findings" WHERE "public"."findings"."reviewId" = $1 OFFSET $2) AS "sub"
[LOG] [2026-06-17T11:14:01.278Z] [34mprisma:query[39m COMMIT
[HTTP] [2026-06-17T11:14:01.278Z] [0mGET /api/reviews/cmqhyqpi80003mofobds2k9wn/progress [36m304[0m 405.498 ms - -[0m
[LOG] [2026-06-17T11:14:02.907Z] [34mprisma:query[39m SELECT 1
[LOG] [2026-06-17T11:14:02.949Z] [34mprisma:query[39m BEGIN
[LOG] [2026-06-17T11:14:02.990Z] [34mprisma:query[39m DEALLOCATE ALL
[LOG] [2026-06-17T11:14:03.071Z] [34mprisma:query[39m SELECT "public"."reviews"."id", "public"."reviews"."status", "public"."reviews"."stage", "public"."reviews"."uxScore" FROM "public"."reviews" WHERE ("public"."reviews"."id" = $1 AND 1=1) LIMIT $2 OFFSET $3
[LOG] [2026-06-17T11:14:03.114Z] [34mprisma:query[39m COMMIT
[LOG] [2026-06-17T11:14:03.156Z] [34mprisma:query[39m BEGIN
[LOG] [2026-06-17T11:14:03.198Z] [34mprisma:query[39m DEALLOCATE ALL
[LOG] [2026-06-17T11:14:03.279Z] [34mprisma:query[39m SELECT COUNT(*) FROM (SELECT "public"."findings"."id" FROM "public"."findings" WHERE "public"."findings"."reviewId" = $1 OFFSET $2) AS "sub"
[LOG] [2026-06-17T11:14:03.320Z] [34mprisma:query[39m COMMIT
[HTTP] [2026-06-17T11:14:03.321Z] [0mGET /api/reviews/cmqhyqpi80003mofobds2k9wn/progress [36m304[0m 454.418 ms - -[0m
[LOG] [2026-06-17T11:14:05.027Z] [34mprisma:query[39m BEGIN
[LOG] [2026-06-17T11:14:05.073Z] [34mprisma:query[39m DEALLOCATE ALL
[LOG] [2026-06-17T11:14:05.268Z] [34mprisma:query[39m SELECT "public"."reviews"."id", "public"."reviews"."status", "public"."reviews"."stage", "public"."reviews"."uxScore" FROM "public"."reviews" WHERE ("public"."reviews"."id" = $1 AND 1=1) LIMIT $2 OFFSET $3
[LOG] [2026-06-17T11:14:05.317Z] [34mprisma:query[39m COMMIT
[LOG] [2026-06-17T11:14:05.359Z] [34mprisma:query[39m BEGIN
[LOG] [2026-06-17T11:14:05.491Z] [34mprisma:query[39m DEALLOCATE ALL
[LOG] [2026-06-17T11:14:05.573Z] [34mprisma:query[39m SELECT COUNT(*) FROM (SELECT "public"."findings"."id" FROM "public"."findings" WHERE "public"."findings"."reviewId" = $1 OFFSET $2) AS "sub"
[LOG] [2026-06-17T11:14:05.724Z] [34mprisma:query[39m COMMIT
[HTTP] [2026-06-17T11:14:05.725Z] [0mGET /api/reviews/cmqhyqpi80003mofobds2k9wn/progress [36m304[0m 853.628 ms - -[0m
[LOG] [2026-06-17T11:14:06.925Z] [34mprisma:query[39m BEGIN
[LOG] [2026-06-17T11:14:06.964Z] [34mprisma:query[39m DEALLOCATE ALL
[LOG] [2026-06-17T11:14:07.157Z] [34mprisma:query[39m SELECT "public"."reviews"."id", "public"."reviews"."status", "public"."reviews"."stage", "public"."reviews"."uxScore" FROM "public"."reviews" WHERE ("public"."reviews"."id" = $1 AND 1=1) LIMIT $2 OFFSET $3
[LOG] [2026-06-17T11:14:07.204Z] [34mprisma:query[39m COMMIT
[LOG] [2026-06-17T11:14:07.348Z] [34mprisma:query[39m BEGIN
[LOG] [2026-06-17T11:14:07.388Z] [34mprisma:query[39m DEALLOCATE ALL
[LOG] [2026-06-17T11:14:07.577Z] [34mprisma:query[39m SELECT COUNT(*) FROM (SELECT "public"."findings"."id" FROM "public"."findings" WHERE "public"."findings"."reviewId" = $1 OFFSET $2) AS "sub"
[LOG] [2026-06-17T11:14:07.618Z] [34mprisma:query[39m COMMIT
[HTTP] [2026-06-17T11:14:07.618Z] [0mGET /api/reviews/cmqhyqpi80003mofobds2k9wn/progress [36m304[0m 747.979 ms - -[0m
[LOG] [2026-06-17T11:14:09.001Z] [34mprisma:query[39m BEGIN
[LOG] [2026-06-17T11:14:09.041Z] [34mprisma:query[39m DEALLOCATE ALL
[LOG] [2026-06-17T11:14:09.262Z] [34mprisma:query[39m SELECT "public"."reviews"."id", "public"."reviews"."status", "public"."reviews"."stage", "public"."reviews"."uxScore" FROM "public"."reviews" WHERE ("public"."reviews"."id" = $1 AND 1=1) LIMIT $2 OFFSET $3
[LOG] [2026-06-17T11:14:09.431Z] [34mprisma:query[39m COMMIT
[LOG] [2026-06-17T11:14:09.474Z] [34mprisma:query[39m BEGIN
[LOG] [2026-06-17T11:14:09.539Z] [34mprisma:query[39m DEALLOCATE ALL
[LOG] [2026-06-17T11:14:09.715Z] [34mprisma:query[39m SELECT COUNT(*) FROM (SELECT "public"."findings"."id" FROM "public"."findings" WHERE "public"."findings"."reviewId" = $1 OFFSET $2) AS "sub"
[LOG] [2026-06-17T11:14:09.993Z] [34mprisma:query[39m COMMIT
[HTTP] [2026-06-17T11:14:09.994Z] [0mGET /api/reviews/cmqhyqpi80003mofobds2k9wn/progress [36m304[0m 1122.993 ms - -[0m
[LOG] [2026-06-17T11:14:10.912Z] [34mprisma:query[39m BEGIN
[LOG] [2026-06-17T11:14:11.046Z] [34mprisma:query[39m DEALLOCATE ALL
[LOG] [2026-06-17T11:14:11.126Z] [34mprisma:query[39m SELECT "public"."reviews"."id", "public"."reviews"."status", "public"."reviews"."stage", "public"."reviews"."uxScore" FROM "public"."reviews" WHERE ("public"."reviews"."id" = $1 AND 1=1) LIMIT $2 OFFSET $3
[LOG] [2026-06-17T11:14:11.279Z] [34mprisma:query[39m COMMIT
[LOG] [2026-06-17T11:14:11.320Z] [34mprisma:query[39m BEGIN
[LOG] [2026-06-17T11:14:11.360Z] [34mprisma:query[39m DEALLOCATE ALL
[LOG] [2026-06-17T11:14:11.554Z] [34mprisma:query[39m SELECT COUNT(*) FROM (SELECT "public"."findings"."id" FROM "public"."findings" WHERE "public"."findings"."reviewId" = $1 OFFSET $2) AS "sub"
[LOG] [2026-06-17T11:14:11.593Z] [34mprisma:query[39m COMMIT
[HTTP] [2026-06-17T11:14:11.594Z] [0mGET /api/reviews/cmqhyqpi80003mofobds2k9wn/progress [36m304[0m 722.723 ms - -[0m
[LOG] [2026-06-17T11:14:12.913Z] [34mprisma:query[39m BEGIN
[LOG] [2026-06-17T11:14:12.952Z] [34mprisma:query[39m DEALLOCATE ALL
[LOG] [2026-06-17T11:14:13.033Z] [34mprisma:query[39m SELECT "public"."reviews"."id", "public"."reviews"."status", "public"."reviews"."stage", "public"."reviews"."uxScore" FROM "public"."reviews" WHERE ("public"."reviews"."id" = $1 AND 1=1) LIMIT $2 OFFSET $3
[LOG] [2026-06-17T11:14:13.073Z] [34mprisma:query[39m COMMIT
[LOG] [2026-06-17T11:14:13.113Z] [34mprisma:query[39m BEGIN
[LOG] [2026-06-17T11:14:13.153Z] [34mprisma:query[39m DEALLOCATE ALL
[LOG] [2026-06-17T11:14:13.233Z] [34mprisma:query[39m SELECT COUNT(*) FROM (SELECT "public"."findings"."id" FROM "public"."findings" WHERE "public"."findings"."reviewId" = $1 OFFSET $2) AS "sub"
[LOG] [2026-06-17T11:14:13.273Z] [34mprisma:query[39m COMMIT
[HTTP] [2026-06-17T11:14:13.274Z] [0mGET /api/reviews/cmqhyqpi80003mofobds2k9wn/progress [36m304[0m 401.063 ms - -[0m
[LOG] [2026-06-17T11:14:14.911Z] [34mprisma:query[39m BEGIN
[LOG] [2026-06-17T11:14:14.951Z] [34mprisma:query[39m DEALLOCATE ALL
[LOG] [2026-06-17T11:14:15.031Z] [34mprisma:query[39m SELECT "public"."reviews"."id", "public"."reviews"."status", "public"."reviews"."stage", "public"."reviews"."uxScore" FROM "public"."reviews" WHERE ("public"."reviews"."id" = $1 AND 1=1) LIMIT $2 OFFSET $3
[LOG] [2026-06-17T11:14:15.072Z] [34mprisma:query[39m COMMIT
[LOG] [2026-06-17T11:14:15.114Z] [34mprisma:query[39m BEGIN
[LOG] [2026-06-17T11:14:15.172Z] [34mprisma:query[39m DEALLOCATE ALL
[LOG] [2026-06-17T11:14:15.287Z] [34mprisma:query[39m SELECT COUNT(*) FROM (SELECT "public"."findings"."id" FROM "public"."findings" WHERE "public"."findings"."reviewId" = $1 OFFSET $2) AS "sub"
[LOG] [2026-06-17T11:14:15.329Z] [34mprisma:query[39m COMMIT
[HTTP] [2026-06-17T11:14:15.329Z] [0mGET /api/reviews/cmqhyqpi80003mofobds2k9wn/progress [36m304[0m 458.364 ms - -[0m
[LOG] [2026-06-17T11:14:16.912Z] [34mprisma:query[39m BEGIN
[LOG] [2026-06-17T11:14:16.951Z] [34mprisma:query[39m DEALLOCATE ALL
[LOG] [2026-06-17T11:14:17.032Z] [34mprisma:query[39m SELECT "public"."reviews"."id", "public"."reviews"."status", "public"."reviews"."stage", "public"."reviews"."uxScore" FROM "public"."reviews" WHERE ("public"."reviews"."id" = $1 AND 1=1) LIMIT $2 OFFSET $3
[LOG] [2026-06-17T11:14:17.072Z] [34mprisma:query[39m COMMIT
[LOG] [2026-06-17T11:14:17.113Z] [34mprisma:query[39m BEGIN
[LOG] [2026-06-17T11:14:17.153Z] [34mprisma:query[39m DEALLOCATE ALL
[LOG] [2026-06-17T11:14:17.233Z] [34mprisma:query[39m SELECT COUNT(*) FROM (SELECT "public"."findings"."id" FROM "public"."findings" WHERE "public"."findings"."reviewId" = $1 OFFSET $2) AS "sub"
[LOG] [2026-06-17T11:14:17.274Z] [34mprisma:query[39m COMMIT
[HTTP] [2026-06-17T11:14:17.274Z] [0mGET /api/reviews/cmqhyqpi80003mofobds2k9wn/progress [36m304[0m 403.652 ms - -[0m
[LOG] [2026-06-17T11:14:18.941Z] [34mprisma:query[39m SELECT 1
[LOG] [2026-06-17T11:14:18.981Z] [34mprisma:query[39m BEGIN
[LOG] [2026-06-17T11:14:19.134Z] [34mprisma:query[39m DEALLOCATE ALL
[LOG] [2026-06-17T11:14:19.214Z] [34mprisma:query[39m SELECT "public"."reviews"."id", "public"."reviews"."status", "public"."reviews"."stage", "public"."reviews"."uxScore" FROM "public"."reviews" WHERE ("public"."reviews"."id" = $1 AND 1=1) LIMIT $2 OFFSET $3
[LOG] [2026-06-17T11:14:19.367Z] [34mprisma:query[39m COMMIT
[LOG] [2026-06-17T11:14:19.407Z] [34mprisma:query[39m BEGIN
[LOG] [2026-06-17T11:14:19.447Z] [34mprisma:query[39m DEALLOCATE ALL
[LOG] [2026-06-17T11:14:19.640Z] [34mprisma:query[39m SELECT COUNT(*) FROM (SELECT "public"."findings"."id" FROM "public"."findings" WHERE "public"."findings"."reviewId" = $1 OFFSET $2) AS "sub"
[LOG] [2026-06-17T11:14:19.679Z] [34mprisma:query[39m COMMIT
[HTTP] [2026-06-17T11:14:19.680Z] [0mGET /api/reviews/cmqhyqpi80003mofobds2k9wn/progress [36m304[0m 807.700 ms - -[0m
[LOG] [2026-06-17T11:14:20.988Z] [34mprisma:query[39m BEGIN
[LOG] [2026-06-17T11:14:21.027Z] [34mprisma:query[39m DEALLOCATE ALL
[LOG] [2026-06-17T11:14:21.218Z] [34mprisma:query[39m SELECT "public"."reviews"."id", "public"."reviews"."status", "public"."reviews"."stage", "public"."reviews"."uxScore" FROM "public"."reviews" WHERE ("public"."reviews"."id" = $1 AND 1=1) LIMIT $2 OFFSET $3
[LOG] [2026-06-17T11:14:21.258Z] [34mprisma:query[39m COMMIT
[LOG] [2026-06-17T11:14:21.298Z] [34mprisma:query[39m BEGIN
[LOG] [2026-06-17T11:14:21.448Z] [34mprisma:query[39m DEALLOCATE ALL
[LOG] [2026-06-17T11:14:21.528Z] [34mprisma:query[39m SELECT COUNT(*) FROM (SELECT "public"."findings"."id" FROM "public"."findings" WHERE "public"."findings"."reviewId" = $1 OFFSET $2) AS "sub"
[LOG] [2026-06-17T11:14:21.679Z] [34mprisma:query[39m COMMIT
[HTTP] [2026-06-17T11:14:21.679Z] [0mGET /api/reviews/cmqhyqpi80003mofobds2k9wn/progress [36m304[0m 808.735 ms - -[0m
[LOG] [2026-06-17T11:14:22.911Z] [34mprisma:query[39m BEGIN
[LOG] [2026-06-17T11:14:23.066Z] [34mprisma:query[39m DEALLOCATE ALL
[LOG] [2026-06-17T11:14:23.145Z] [34mprisma:query[39m SELECT "public"."reviews"."id", "public"."reviews"."status", "public"."reviews"."stage", "public"."reviews"."uxScore" FROM "public"."reviews" WHERE ("public"."reviews"."id" = $1 AND 1=1) LIMIT $2 OFFSET $3
[LOG] [2026-06-17T11:14:23.298Z] [34mprisma:query[39m COMMIT
[LOG] [2026-06-17T11:14:23.339Z] [34mprisma:query[39m BEGIN
[LOG] [2026-06-17T11:14:23.379Z] [34mprisma:query[39m DEALLOCATE ALL
[LOG] [2026-06-17T11:14:23.573Z] [34mprisma:query[39m SELECT COUNT(*) FROM (SELECT "public"."findings"."id" FROM "public"."findings" WHERE "public"."findings"."reviewId" = $1 OFFSET $2) AS "sub"
[LOG] [2026-06-17T11:14:23.613Z] [34mprisma:query[39m COMMIT
[HTTP] [2026-06-17T11:14:23.614Z] [0mGET /api/reviews/cmqhyqpi80003mofobds2k9wn/progress [36m304[0m 743.357 ms - -[0m
[LOG] [2026-06-17T11:14:24.959Z] [34mprisma:query[39m BEGIN
[LOG] [2026-06-17T11:14:24.999Z] [34mprisma:query[39m DEALLOCATE ALL
[LOG] [2026-06-17T11:14:25.192Z] [34mprisma:query[39m SELECT "public"."reviews"."id", "public"."reviews"."status", "public"."reviews"."stage", "public"."reviews"."uxScore" FROM "public"."reviews" WHERE ("public"."reviews"."id" = $1 AND 1=1) LIMIT $2 OFFSET $3
[LOG] [2026-06-17T11:14:25.231Z] [34mprisma:query[39m COMMIT
[LOG] [2026-06-17T11:14:25.384Z] [34mprisma:query[39m BEGIN
[LOG] [2026-06-17T11:14:25.423Z] [34mprisma:query[39m DEALLOCATE ALL
[LOG] [2026-06-17T11:14:25.629Z] [34mprisma:query[39m SELECT COUNT(*) FROM (SELECT "public"."findings"."id" FROM "public"."findings" WHERE "public"."findings"."reviewId" = $1 OFFSET $2) AS "sub"
[LOG] [2026-06-17T11:14:25.670Z] [34mprisma:query[39m COMMIT
[HTTP] [2026-06-17T11:14:25.670Z] [0mGET /api/reviews/cmqhyqpi80003mofobds2k9wn/progress [36m304[0m 798.401 ms - -[0m
[LOG] [2026-06-17T11:14:26.911Z] [34mprisma:query[39m BEGIN
[LOG] [2026-06-17T11:14:26.950Z] [34mprisma:query[39m DEALLOCATE ALL
[LOG] [2026-06-17T11:14:27.030Z] [34mprisma:query[39m SELECT "public"."reviews"."id", "public"."reviews"."status", "public"."reviews"."stage", "public"."reviews"."uxScore" FROM "public"."reviews" WHERE ("public"."reviews"."id" = $1 AND 1=1) LIMIT $2 OFFSET $3
[LOG] [2026-06-17T11:14:27.070Z] [34mprisma:query[39m COMMIT
[LOG] [2026-06-17T11:14:27.110Z] [34mprisma:query[39m BEGIN
[LOG] [2026-06-17T11:14:27.150Z] [34mprisma:query[39m DEALLOCATE ALL
[LOG] [2026-06-17T11:14:27.230Z] [34mprisma:query[39m SELECT COUNT(*) FROM (SELECT "public"."findings"."id" FROM "public"."findings" WHERE "public"."findings"."reviewId" = $1 OFFSET $2) AS "sub"
[LOG] [2026-06-17T11:14:27.270Z] [34mprisma:query[39m COMMIT
[HTTP] [2026-06-17T11:14:27.270Z] [0mGET /api/reviews/cmqhyqpi80003mofobds2k9wn/progress [36m304[0m 399.592 ms - -[0m
[LOG] [2026-06-17T11:14:28.906Z] [34mprisma:query[39m BEGIN
[LOG] [2026-06-17T11:14:28.946Z] [34mprisma:query[39m DEALLOCATE ALL
[LOG] [2026-06-17T11:14:29.029Z] [34mprisma:query[39m SELECT "public"."reviews"."id", "public"."reviews"."status", "public"."reviews"."stage", "public"."reviews"."uxScore" FROM "public"."reviews" WHERE ("public"."reviews"."id" = $1 AND 1=1) LIMIT $2 OFFSET $3
[LOG] [2026-06-17T11:14:29.069Z] [34mprisma:query[39m COMMIT
[LOG] [2026-06-17T11:14:29.112Z] [34mprisma:query[39m BEGIN
[LOG] [2026-06-17T11:14:29.154Z] [34mprisma:query[39m DEALLOCATE ALL
[LOG] [2026-06-17T11:14:29.235Z] [34mprisma:query[39m SELECT COUNT(*) FROM (SELECT "public"."findings"."id" FROM "public"."findings" WHERE "public"."findings"."reviewId" = $1 OFFSET $2) AS "sub"
[LOG] [2026-06-17T11:14:29.279Z] [34mprisma:query[39m COMMIT
[HTTP] [2026-06-17T11:14:29.280Z] [0mGET /api/reviews/cmqhyqpi80003mofobds2k9wn/progress [36m304[0m 414.022 ms - -[0m
[LOG] [2026-06-17T11:14:30.912Z] [34mprisma:query[39m BEGIN
[LOG] [2026-06-17T11:14:30.952Z] [34mprisma:query[39m DEALLOCATE ALL
[LOG] [2026-06-17T11:14:31.126Z] [34mprisma:query[39m SELECT "public"."reviews"."id", "public"."reviews"."status", "public"."reviews"."stage", "public"."reviews"."uxScore" FROM "public"."reviews" WHERE ("public"."reviews"."id" = $1 AND 1=1) LIMIT $2 OFFSET $3
[LOG] [2026-06-17T11:14:31.167Z] [34mprisma:query[39m COMMIT
[LOG] [2026-06-17T11:14:31.212Z] [34mprisma:query[39m BEGIN
[LOG] [2026-06-17T11:14:31.358Z] [34mprisma:query[39m DEALLOCATE ALL
[LOG] [2026-06-17T11:14:31.442Z] [34mprisma:query[39m SELECT COUNT(*) FROM (SELECT "public"."findings"."id" FROM "public"."findings" WHERE "public"."findings"."reviewId" = $1 OFFSET $2) AS "sub"
[LOG] [2026-06-17T11:14:31.590Z] [34mprisma:query[39m COMMIT
[HTTP] [2026-06-17T11:14:31.591Z] [0mGET /api/reviews/cmqhyqpi80003mofobds2k9wn/progress [36m304[0m 719.835 ms - -[0m
[LOG] [2026-06-17T11:14:33.022Z] [34mprisma:query[39m BEGIN
[LOG] [2026-06-17T11:14:33.062Z] [34mprisma:query[39m DEALLOCATE ALL
[LOG] [2026-06-17T11:14:33.257Z] [34mprisma:query[39m SELECT "public"."reviews"."id", "public"."reviews"."status", "public"."reviews"."stage", "public"."reviews"."uxScore" FROM "public"."reviews" WHERE ("public"."reviews"."id" = $1 AND 1=1) LIMIT $2 OFFSET $3
[LOG] [2026-06-17T11:14:33.297Z] [34mprisma:query[39m COMMIT
[LOG] [2026-06-17T11:14:33.448Z] [34mprisma:query[39m BEGIN
[LOG] [2026-06-17T11:14:33.488Z] [34mprisma:query[39m DEALLOCATE ALL
[LOG] [2026-06-17T11:14:33.688Z] [34mprisma:query[39m SELECT COUNT(*) FROM (SELECT "public"."findings"."id" FROM "public"."findings" WHERE "public"."findings"."reviewId" = $1 OFFSET $2) AS "sub"
[LOG] [2026-06-17T11:14:33.729Z] [34mprisma:query[39m COMMIT
[HTTP] [2026-06-17T11:14:33.730Z] [0mGET /api/reviews/cmqhyqpi80003mofobds2k9wn/progress [36m304[0m 859.699 ms - -[0m
[LOG] [2026-06-17T11:14:34.911Z] [34mprisma:query[39m SELECT 1
[LOG] [2026-06-17T11:14:35.063Z] [34mprisma:query[39m BEGIN
[LOG] [2026-06-17T11:14:35.103Z] [34mprisma:query[39m DEALLOCATE ALL
[LOG] [2026-06-17T11:14:35.294Z] [34mprisma:query[39m SELECT "public"."reviews"."id", "public"."reviews"."status", "public"."reviews"."stage", "public"."reviews"."uxScore" FROM "public"."reviews" WHERE ("public"."reviews"."id" = $1 AND 1=1) LIMIT $2 OFFSET $3
[LOG] [2026-06-17T11:14:35.334Z] [34mprisma:query[39m COMMIT
[LOG] [2026-06-17T11:14:35.374Z] [34mprisma:query[39m BEGIN
[LOG] [2026-06-17T11:14:35.525Z] [34mprisma:query[39m DEALLOCATE ALL
[LOG] [2026-06-17T11:14:35.607Z] [34mprisma:query[39m SELECT COUNT(*) FROM (SELECT "public"."findings"."id" FROM "public"."findings" WHERE "public"."findings"."reviewId" = $1 OFFSET $2) AS "sub"
[LOG] [2026-06-17T11:14:35.756Z] [34mprisma:query[39m COMMIT
[HTTP] [2026-06-17T11:14:35.757Z] [0mGET /api/reviews/cmqhyqpi80003mofobds2k9wn/progress [36m304[0m 886.692 ms - -[0m
[LOG] [2026-06-17T11:14:36.953Z] [34mprisma:query[39m BEGIN
[LOG] [2026-06-17T11:14:36.993Z] [34mprisma:query[39m DEALLOCATE ALL
[LOG] [2026-06-17T11:14:37.187Z] [34mprisma:query[39m SELECT "public"."reviews"."id", "public"."reviews"."status", "public"."reviews"."stage", "public"."reviews"."uxScore" FROM "public"."reviews" WHERE ("public"."reviews"."id" = $1 AND 1=1) LIMIT $2 OFFSET $3
[LOG] [2026-06-17T11:14:37.227Z] [34mprisma:query[39m COMMIT
[LOG] [2026-06-17T11:14:37.379Z] [34mprisma:query[39m BEGIN
[LOG] [2026-06-17T11:14:37.418Z] [34mprisma:query[39m DEALLOCATE ALL
[LOG] [2026-06-17T11:14:37.610Z] [34mprisma:query[39m SELECT COUNT(*) FROM (SELECT "public"."findings"."id" FROM "public"."findings" WHERE "public"."findings"."reviewId" = $1 OFFSET $2) AS "sub"
[LOG] [2026-06-17T11:14:37.650Z] [34mprisma:query[39m COMMIT
[HTTP] [2026-06-17T11:14:37.650Z] [0mGET /api/reviews/cmqhyqpi80003mofobds2k9wn/progress [36m304[0m 779.024 ms - -[0m
[LOG] [2026-06-17T11:14:39.000Z] [34mprisma:query[39m BEGIN
[LOG] [2026-06-17T11:14:39.040Z] [34mprisma:query[39m DEALLOCATE ALL
[LOG] [2026-06-17T11:14:39.233Z] [34mprisma:query[39m SELECT "public"."reviews"."id", "public"."reviews"."status", "public"."reviews"."stage", "public"."reviews"."uxScore" FROM "public"."reviews" WHERE ("public"."reviews"."id" = $1 AND 1=1) LIMIT $2 OFFSET $3
[LOG] [2026-06-17T11:14:39.274Z] [34mprisma:query[39m COMMIT
[LOG] [2026-06-17T11:14:39.315Z] [34mprisma:query[39m BEGIN
[LOG] [2026-06-17T11:14:39.465Z] [34mprisma:query[39m DEALLOCATE ALL
[LOG] [2026-06-17T11:14:39.546Z] [34mprisma:query[39m SELECT COUNT(*) FROM (SELECT "public"."findings"."id" FROM "public"."findings" WHERE "public"."findings"."reviewId" = $1 OFFSET $2) AS "sub"
[LOG] [2026-06-17T11:14:39.586Z] [34mprisma:query[39m COMMIT
[HTTP] [2026-06-17T11:14:39.587Z] [0mGET /api/reviews/cmqhyqpi80003mofobds2k9wn/progress [36m304[0m 719.507 ms - -[0m
[LOG] [2026-06-17T11:14:40.910Z] [34mprisma:query[39m BEGIN
[LOG] [2026-06-17T11:14:40.950Z] [34mprisma:query[39m DEALLOCATE ALL
[LOG] [2026-06-17T11:14:41.030Z] [34mprisma:query[39m SELECT "public"."reviews"."id", "public"."reviews"."status", "public"."reviews"."stage", "public"."reviews"."uxScore" FROM "public"."reviews" WHERE ("public"."reviews"."id" = $1 AND 1=1) LIMIT $2 OFFSET $3
[LOG] [2026-06-17T11:14:41.071Z] [34mprisma:query[39m COMMIT
[LOG] [2026-06-17T11:14:41.111Z] [34mprisma:query[39m BEGIN
[LOG] [2026-06-17T11:14:41.151Z] [34mprisma:query[39m DEALLOCATE ALL
[LOG] [2026-06-17T11:14:41.231Z] [34mprisma:query[39m SELECT COUNT(*) FROM (SELECT "public"."findings"."id" FROM "public"."findings" WHERE "public"."findings"."reviewId" = $1 OFFSET $2) AS "sub"
[LOG] [2026-06-17T11:14:41.271Z] [34mprisma:query[39m COMMIT
[HTTP] [2026-06-17T11:14:41.272Z] [0mGET /api/reviews/cmqhyqpi80003mofobds2k9wn/progress [36m304[0m 402.135 ms - -[0m
[LOG] [2026-06-17T11:14:42.920Z] [34mprisma:query[39m BEGIN
[LOG] [2026-06-17T11:14:42.960Z] [34mprisma:query[39m DEALLOCATE ALL
[LOG] [2026-06-17T11:14:43.047Z] [34mprisma:query[39m SELECT "public"."reviews"."id", "public"."reviews"."status", "public"."reviews"."stage", "public"."reviews"."uxScore" FROM "public"."reviews" WHERE ("public"."reviews"."id" = $1 AND 1=1) LIMIT $2 OFFSET $3
[LOG] [2026-06-17T11:14:43.089Z] [34mprisma:query[39m COMMIT
[LOG] [2026-06-17T11:14:43.131Z] [34mprisma:query[39m BEGIN
[LOG] [2026-06-17T11:14:43.171Z] [34mprisma:query[39m DEALLOCATE ALL
[LOG] [2026-06-17T11:14:43.252Z] [34mprisma:query[39m SELECT COUNT(*) FROM (SELECT "public"."findings"."id" FROM "public"."findings" WHERE "public"."findings"."reviewId" = $1 OFFSET $2) AS "sub"
[LOG] [2026-06-17T11:14:43.293Z] [34mprisma:query[39m COMMIT
[HTTP] [2026-06-17T11:14:43.294Z] [0mGET /api/reviews/cmqhyqpi80003mofobds2k9wn/progress [36m304[0m 421.780 ms - -[0m
[LOG] [2026-06-17T11:14:45.015Z] [34mprisma:query[39m BEGIN
[LOG] [2026-06-17T11:14:45.055Z] [34mprisma:query[39m DEALLOCATE ALL
[LOG] [2026-06-17T11:14:45.250Z] [34mprisma:query[39m SELECT "public"."reviews"."id", "public"."reviews"."status", "public"."reviews"."stage", "public"."reviews"."uxScore" FROM "public"."reviews" WHERE ("public"."reviews"."id" = $1 AND 1=1) LIMIT $2 OFFSET $3
[LOG] [2026-06-17T11:14:45.289Z] [34mprisma:query[39m COMMIT
[LOG] [2026-06-17T11:14:45.441Z] [34mprisma:query[39m BEGIN
[LOG] [2026-06-17T11:14:45.481Z] [34mprisma:query[39m DEALLOCATE ALL
[LOG] [2026-06-17T11:14:45.673Z] [34mprisma:query[39m SELECT COUNT(*) FROM (SELECT "public"."findings"."id" FROM "public"."findings" WHERE "public"."findings"."reviewId" = $1 OFFSET $2) AS "sub"
[LOG] [2026-06-17T11:14:45.712Z] [34mprisma:query[39m COMMIT
[HTTP] [2026-06-17T11:14:45.713Z] [0mGET /api/reviews/cmqhyqpi80003mofobds2k9wn/progress [36m304[0m 842.685 ms - -[0m
[LOG] [2026-06-17T11:14:46.910Z] [34mprisma:query[39m BEGIN
[LOG] [2026-06-17T11:14:46.950Z] [34mprisma:query[39m DEALLOCATE ALL
[LOG] [2026-06-17T11:14:47.146Z] [34mprisma:query[39m SELECT "public"."reviews"."id", "public"."reviews"."status", "public"."reviews"."stage", "public"."reviews"."uxScore" FROM "public"."reviews" WHERE ("public"."reviews"."id" = $1 AND 1=1) LIMIT $2 OFFSET $3
[LOG] [2026-06-17T11:14:47.299Z] [34mprisma:query[39m COMMIT
[LOG] [2026-06-17T11:14:47.340Z] [34mprisma:query[39m BEGIN
[LOG] [2026-06-17T11:14:47.381Z] [34mprisma:query[39m DEALLOCATE ALL
[LOG] [2026-06-17T11:14:47.570Z] [34mprisma:query[39m SELECT COUNT(*) FROM (SELECT "public"."findings"."id" FROM "public"."findings" WHERE "public"."findings"."reviewId" = $1 OFFSET $2) AS "sub"
[LOG] [2026-06-17T11:14:47.611Z] [34mprisma:query[39m COMMIT
[HTTP] [2026-06-17T11:14:47.612Z] [0mGET /api/reviews/cmqhyqpi80003mofobds2k9wn/progress [36m304[0m 742.760 ms - -[0m
[LOG] [2026-06-17T11:14:48.955Z] [34mprisma:query[39m BEGIN
[LOG] [2026-06-17T11:14:49.000Z] [34mprisma:query[39m DEALLOCATE ALL
[LOG] [2026-06-17T11:14:49.182Z] [34mprisma:query[39m SELECT "public"."reviews"."id", "public"."reviews"."status", "public"."reviews"."stage", "public"."reviews"."uxScore" FROM "public"."reviews" WHERE ("public"."reviews"."id" = $1 AND 1=1) LIMIT $2 OFFSET $3
[LOG] [2026-06-17T11:14:49.223Z] [34mprisma:query[39m COMMIT
[LOG] [2026-06-17T11:14:49.373Z] [34mprisma:query[39m BEGIN
[LOG] [2026-06-17T11:14:49.413Z] [34mprisma:query[39m DEALLOCATE ALL
[LOG] [2026-06-17T11:14:49.606Z] [34mprisma:query[39m SELECT COUNT(*) FROM (SELECT "public"."findings"."id" FROM "public"."findings" WHERE "public"."findings"."reviewId" = $1 OFFSET $2) AS "sub"
[LOG] [2026-06-17T11:14:49.647Z] [34mprisma:query[39m COMMIT
[HTTP] [2026-06-17T11:14:49.647Z] [0mGET /api/reviews/cmqhyqpi80003mofobds2k9wn/progress [36m304[0m 776.465 ms - -[0m
[LOG] [2026-06-17T11:14:50.995Z] [34mprisma:query[39m SELECT 1
[LOG] [2026-06-17T11:14:51.035Z] [34mprisma:query[39m BEGIN
[LOG] [2026-06-17T11:14:51.076Z] [34mprisma:query[39m DEALLOCATE ALL
[LOG] [2026-06-17T11:14:51.267Z] [34mprisma:query[39m SELECT "public"."reviews"."id", "public"."reviews"."status", "public"."reviews"."stage", "public"."reviews"."uxScore" FROM "public"."reviews" WHERE ("public"."reviews"."id" = $1 AND 1=1) LIMIT $2 OFFSET $3
[LOG] [2026-06-17T11:14:51.308Z] [34mprisma:query[39m COMMIT
[LOG] [2026-06-17T11:14:51.459Z] [34mprisma:query[39m BEGIN
[LOG] [2026-06-17T11:14:51.499Z] [34mprisma:query[39m DEALLOCATE ALL
[LOG] [2026-06-17T11:14:51.690Z] [34mprisma:query[39m SELECT COUNT(*) FROM (SELECT "public"."findings"."id" FROM "public"."findings" WHERE "public"."findings"."reviewId" = $1 OFFSET $2) AS "sub"
[LOG] [2026-06-17T11:14:51.730Z] [34mprisma:query[39m COMMIT
[HTTP] [2026-06-17T11:14:51.731Z] [0mGET /api/reviews/cmqhyqpi80003mofobds2k9wn/progress [36m304[0m 864.108 ms - -[0m
[LOG] [2026-06-17T11:14:52.911Z] [34mprisma:query[39m BEGIN
[LOG] [2026-06-17T11:14:52.950Z] [34mprisma:query[39m DEALLOCATE ALL
[LOG] [2026-06-17T11:14:53.030Z] [34mprisma:query[39m SELECT "public"."reviews"."id", "public"."reviews"."status", "public"."reviews"."stage", "public"."reviews"."uxScore" FROM "public"."reviews" WHERE ("public"."reviews"."id" = $1 AND 1=1) LIMIT $2 OFFSET $3
[LOG] [2026-06-17T11:14:53.070Z] [34mprisma:query[39m COMMIT
[LOG] [2026-06-17T11:14:53.111Z] [34mprisma:query[39m BEGIN
[LOG] [2026-06-17T11:14:53.150Z] [34mprisma:query[39m DEALLOCATE ALL
[LOG] [2026-06-17T11:14:53.231Z] [34mprisma:query[39m SELECT COUNT(*) FROM (SELECT "public"."findings"."id" FROM "public"."findings" WHERE "public"."findings"."reviewId" = $1 OFFSET $2) AS "sub"
[LOG] [2026-06-17T11:14:53.271Z] [34mprisma:query[39m COMMIT
[HTTP] [2026-06-17T11:14:53.271Z] [0mGET /api/reviews/cmqhyqpi80003mofobds2k9wn/progress [36m304[0m 401.661 ms - -[0m
[LOG] [2026-06-17T11:14:54.913Z] [34mprisma:query[39m BEGIN
[LOG] [2026-06-17T11:14:54.952Z] [34mprisma:query[39m DEALLOCATE ALL
[LOG] [2026-06-17T11:14:55.033Z] [34mprisma:query[39m SELECT "public"."reviews"."id", "public"."reviews"."status", "public"."reviews"."stage", "public"."reviews"."uxScore" FROM "public"."reviews" WHERE ("public"."reviews"."id" = $1 AND 1=1) LIMIT $2 OFFSET $3
[LOG] [2026-06-17T11:14:55.073Z] [34mprisma:query[39m COMMIT
[LOG] [2026-06-17T11:14:55.114Z] [34mprisma:query[39m BEGIN
[LOG] [2026-06-17T11:14:55.154Z] [34mprisma:query[39m DEALLOCATE ALL
[LOG] [2026-06-17T11:14:55.236Z] [34mprisma:query[39m SELECT COUNT(*) FROM (SELECT "public"."findings"."id" FROM "public"."findings" WHERE "public"."findings"."reviewId" = $1 OFFSET $2) AS "sub"
[LOG] [2026-06-17T11:14:55.276Z] [34mprisma:query[39m COMMIT
[HTTP] [2026-06-17T11:14:55.277Z] [0mGET /api/reviews/cmqhyqpi80003mofobds2k9wn/progress [36m304[0m 405.712 ms - -[0m
[LOG] [2026-06-17T11:14:56.910Z] [34mprisma:query[39m BEGIN
[LOG] [2026-06-17T11:14:56.949Z] [34mprisma:query[39m DEALLOCATE ALL
[LOG] [2026-06-17T11:14:57.030Z] [34mprisma:query[39m SELECT "public"."reviews"."id", "public"."reviews"."status", "public"."reviews"."stage", "public"."reviews"."uxScore" FROM "public"."reviews" WHERE ("public"."reviews"."id" = $1 AND 1=1) LIMIT $2 OFFSET $3
[LOG] [2026-06-17T11:14:57.070Z] [34mprisma:query[39m COMMIT
[LOG] [2026-06-17T11:14:57.112Z] [34mprisma:query[39m BEGIN
[LOG] [2026-06-17T11:14:57.152Z] [34mprisma:query[39m DEALLOCATE ALL
[LOG] [2026-06-17T11:14:57.234Z] [34mprisma:query[39m SELECT COUNT(*) FROM (SELECT "public"."findings"."id" FROM "public"."findings" WHERE "public"."findings"."reviewId" = $1 OFFSET $2) AS "sub"
[LOG] [2026-06-17T11:14:57.275Z] [34mprisma:query[39m COMMIT
[HTTP] [2026-06-17T11:14:57.275Z] [0mGET /api/reviews/cmqhyqpi80003mofobds2k9wn/progress [36m304[0m 405.766 ms - -[0m
[LOG] [2026-06-17T11:14:59.027Z] [34mprisma:query[39m BEGIN
[LOG] [2026-06-17T11:14:59.066Z] [34mprisma:query[39m DEALLOCATE ALL
[LOG] [2026-06-17T11:14:59.256Z] [34mprisma:query[39m SELECT "public"."reviews"."id", "public"."reviews"."status", "public"."reviews"."stage", "public"."reviews"."uxScore" FROM "public"."reviews" WHERE ("public"."reviews"."id" = $1 AND 1=1) LIMIT $2 OFFSET $3
[LOG] [2026-06-17T11:14:59.297Z] [34mprisma:query[39m COMMIT
[LOG] [2026-06-17T11:14:59.338Z] [34mprisma:query[39m BEGIN
[LOG] [2026-06-17T11:14:59.490Z] [34mprisma:query[39m DEALLOCATE ALL
[LOG] [2026-06-17T11:14:59.570Z] [34mprisma:query[39m SELECT COUNT(*) FROM (SELECT "public"."findings"."id" FROM "public"."findings" WHERE "public"."findings"."reviewId" = $1 OFFSET $2) AS "sub"
[LOG] [2026-06-17T11:14:59.722Z] [34mprisma:query[39m COMMIT
[HTTP] [2026-06-17T11:14:59.722Z] [0mGET /api/reviews/cmqhyqpi80003mofobds2k9wn/progress [36m304[0m 853.183 ms - -[0m
[LOG] [2026-06-17T11:15:00.923Z] [34mprisma:query[39m BEGIN
[LOG] [2026-06-17T11:15:00.962Z] [34mprisma:query[39m DEALLOCATE ALL
[LOG] [2026-06-17T11:15:01.149Z] [34mprisma:query[39m SELECT "public"."reviews"."id", "public"."reviews"."status", "public"."reviews"."stage", "public"."reviews"."uxScore" FROM "public"."reviews" WHERE ("public"."reviews"."id" = $1 AND 1=1) LIMIT $2 OFFSET $3
[LOG] [2026-06-17T11:15:01.189Z] [34mprisma:query[39m COMMIT
[LOG] [2026-06-17T11:15:01.341Z] [34mprisma:query[39m BEGIN
[LOG] [2026-06-17T11:15:01.381Z] [34mprisma:query[39m DEALLOCATE ALL
[LOG] [2026-06-17T11:15:01.569Z] [34mprisma:query[39m SELECT COUNT(*) FROM (SELECT "public"."findings"."id" FROM "public"."findings" WHERE "public"."findings"."reviewId" = $1 OFFSET $2) AS "sub"
[LOG] [2026-06-17T11:15:01.609Z] [34mprisma:query[39m COMMIT
[HTTP] [2026-06-17T11:15:01.610Z] [0mGET /api/reviews/cmqhyqpi80003mofobds2k9wn/progress [36m304[0m 739.310 ms - -[0m
[LOG] [2026-06-17T11:15:02.999Z] [34mprisma:query[39m BEGIN
[LOG] [2026-06-17T11:15:03.041Z] [34mprisma:query[39m DEALLOCATE ALL
[LOG] [2026-06-17T11:15:03.244Z] [34mprisma:query[39m SELECT "public"."reviews"."id", "public"."reviews"."status", "public"."reviews"."stage", "public"."reviews"."uxScore" FROM "public"."reviews" WHERE ("public"."reviews"."id" = $1 AND 1=1) LIMIT $2 OFFSET $3
[LOG] [2026-06-17T11:15:03.285Z] [34mprisma:query[39m COMMIT
[LOG] [2026-06-17T11:15:03.424Z] [34mprisma:query[39m BEGIN
[LOG] [2026-06-17T11:15:03.470Z] [34mprisma:query[39m DEALLOCATE ALL
[LOG] [2026-06-17T11:15:03.652Z] [34mprisma:query[39m SELECT COUNT(*) FROM (SELECT "public"."findings"."id" FROM "public"."findings" WHERE "public"."findings"."reviewId" = $1 OFFSET $2) AS "sub"
[LOG] [2026-06-17T11:15:03.692Z] [34mprisma:query[39m COMMIT
[HTTP] [2026-06-17T11:15:03.693Z] [0mGET /api/reviews/cmqhyqpi80003mofobds2k9wn/progress [36m304[0m 823.572 ms - -[0m
[LOG] [2026-06-17T11:15:04.916Z] [34mprisma:query[39m BEGIN
[LOG] [2026-06-17T11:15:05.047Z] [34mprisma:query[39m DEALLOCATE ALL
[LOG] [2026-06-17T11:15:05.132Z] [34mprisma:query[39m SELECT "public"."reviews"."id", "public"."reviews"."status", "public"."reviews"."stage", "public"."reviews"."uxScore" FROM "public"."reviews" WHERE ("public"."reviews"."id" = $1 AND 1=1) LIMIT $2 OFFSET $3
[LOG] [2026-06-17T11:15:05.277Z] [34mprisma:query[39m COMMIT
[LOG] [2026-06-17T11:15:05.337Z] [34mprisma:query[39m BEGIN
[LOG] [2026-06-17T11:15:05.377Z] [34mprisma:query[39m DEALLOCATE ALL
[LOG] [2026-06-17T11:15:05.550Z] [34mprisma:query[39m SELECT COUNT(*) FROM (SELECT "public"."findings"."id" FROM "public"."findings" WHERE "public"."findings"."reviewId" = $1 OFFSET $2) AS "sub"
[LOG] [2026-06-17T11:15:05.613Z] [34mprisma:query[39m COMMIT
[HTTP] [2026-06-17T11:15:05.614Z] [0mGET /api/reviews/cmqhyqpi80003mofobds2k9wn/progress [36m304[0m 744.755 ms - -[0m
[LOG] [2026-06-17T11:15:06.920Z] [34mprisma:query[39m SELECT 1
[LOG] [2026-06-17T11:15:06.973Z] [34mprisma:query[39m BEGIN
[LOG] [2026-06-17T11:15:07.014Z] [34mprisma:query[39m DEALLOCATE ALL
[LOG] [2026-06-17T11:15:07.107Z] [34mprisma:query[39m SELECT "public"."reviews"."id", "public"."reviews"."status", "public"."reviews"."stage", "public"."reviews"."uxScore" FROM "public"."reviews" WHERE ("public"."reviews"."id" = $1 AND 1=1) LIMIT $2 OFFSET $3
[LOG] [2026-06-17T11:15:07.162Z] [34mprisma:query[39m COMMIT
[LOG] [2026-06-17T11:15:07.205Z] [34mprisma:query[39m BEGIN
[LOG] [2026-06-17T11:15:07.258Z] [34mprisma:query[39m DEALLOCATE ALL
[LOG] [2026-06-17T11:15:07.342Z] [34mprisma:query[39m SELECT COUNT(*) FROM (SELECT "public"."findings"."id" FROM "public"."findings" WHERE "public"."findings"."reviewId" = $1 OFFSET $2) AS "sub"
[LOG] [2026-06-17T11:15:07.382Z] [34mprisma:query[39m COMMIT
[HTTP] [2026-06-17T11:15:07.382Z] [0mGET /api/reviews/cmqhyqpi80003mofobds2k9wn/progress [36m304[0m 511.280 ms - -[0m
[LOG] [2026-06-17T11:15:08.911Z] [34mprisma:query[39m BEGIN
[LOG] [2026-06-17T11:15:08.960Z] [34mprisma:query[39m DEALLOCATE ALL
[LOG] [2026-06-17T11:15:09.044Z] [34mprisma:query[39m SELECT "public"."reviews"."id", "public"."reviews"."status", "public"."reviews"."stage", "public"."reviews"."uxScore" FROM "public"."reviews" WHERE ("public"."reviews"."id" = $1 AND 1=1) LIMIT $2 OFFSET $3
[LOG] [2026-06-17T11:15:09.085Z] [34mprisma:query[39m COMMIT
[LOG] [2026-06-17T11:15:09.126Z] [34mprisma:query[39m BEGIN
[LOG] [2026-06-17T11:15:09.166Z] [34mprisma:query[39m DEALLOCATE ALL
[LOG] [2026-06-17T11:15:09.249Z] [34mprisma:query[39m SELECT COUNT(*) FROM (SELECT "public"."findings"."id" FROM "public"."findings" WHERE "public"."findings"."reviewId" = $1 OFFSET $2) AS "sub"
[LOG] [2026-06-17T11:15:09.295Z] [34mprisma:query[39m COMMIT
[HTTP] [2026-06-17T11:15:09.296Z] [0mGET /api/reviews/cmqhyqpi80003mofobds2k9wn/progress [36m304[0m 429.255 ms - -[0m
[LOG] [2026-06-17T11:15:10.911Z] [34mprisma:query[39m BEGIN
[LOG] [2026-06-17T11:15:10.960Z] [34mprisma:query[39m DEALLOCATE ALL
[LOG] [2026-06-17T11:15:11.058Z] [34mprisma:query[39m SELECT "public"."reviews"."id", "public"."reviews"."status", "public"."reviews"."stage", "public"."reviews"."uxScore" FROM "public"."reviews" WHERE ("public"."reviews"."id" = $1 AND 1=1) LIMIT $2 OFFSET $3
[LOG] [2026-06-17T11:15:11.102Z] [34mprisma:query[39m COMMIT
[LOG] [2026-06-17T11:15:11.148Z] [34mprisma:query[39m BEGIN
[LOG] [2026-06-17T11:15:11.294Z] [34mprisma:query[39m DEALLOCATE ALL
[LOG] [2026-06-17T11:15:11.405Z] [34mprisma:query[39m SELECT COUNT(*) FROM (SELECT "public"."findings"."id" FROM "public"."findings" WHERE "public"."findings"."reviewId" = $1 OFFSET $2) AS "sub"
[LOG] [2026-06-17T11:15:11.809Z] [34mprisma:query[39m COMMIT
[HTTP] [2026-06-17T11:15:11.809Z] [0mGET /api/reviews/cmqhyqpi80003mofobds2k9wn/progress [36m304[0m 940.126 ms - -[0m
[LOG] [2026-06-17T11:15:12.973Z] [34mprisma:query[39m BEGIN
[LOG] [2026-06-17T11:15:13.016Z] [34mprisma:query[39m DEALLOCATE ALL
[LOG] [2026-06-17T11:15:13.214Z] [34mprisma:query[39m SELECT "public"."reviews"."id", "public"."reviews"."status", "public"."reviews"."stage", "public"."reviews"."uxScore" FROM "public"."reviews" WHERE ("public"."reviews"."id" = $1 AND 1=1) LIMIT $2 OFFSET $3
[LOG] [2026-06-17T11:15:13.481Z] [34mprisma:query[39m COMMIT
[LOG] [2026-06-17T11:15:13.619Z] [34mprisma:query[39m BEGIN
[LOG] [2026-06-17T11:15:13.667Z] [34mprisma:query[39m DEALLOCATE ALL
[LOG] [2026-06-17T11:15:13.854Z] [34mprisma:query[39m SELECT COUNT(*) FROM (SELECT "public"."findings"."id" FROM "public"."findings" WHERE "public"."findings"."reviewId" = $1 OFFSET $2) AS "sub"
[LOG] [2026-06-17T11:15:13.907Z] [34mprisma:query[39m COMMIT
[HTTP] [2026-06-17T11:15:13.908Z] [0mGET /api/reviews/cmqhyqpi80003mofobds2k9wn/progress [36m304[0m 1037.711 ms - -[0m
[LOG] [2026-06-17T11:15:14.995Z] [34mprisma:query[39m BEGIN
[LOG] [2026-06-17T11:15:15.035Z] [34mprisma:query[39m DEALLOCATE ALL
[LOG] [2026-06-17T11:15:15.226Z] [34mprisma:query[39m SELECT "public"."reviews"."id", "public"."reviews"."status", "public"."reviews"."stage", "public"."reviews"."uxScore" FROM "public"."reviews" WHERE ("public"."reviews"."id" = $1 AND 1=1) LIMIT $2 OFFSET $3
[LOG] [2026-06-17T11:15:15.276Z] [34mprisma:query[39m COMMIT
[LOG] [2026-06-17T11:15:15.324Z] [34mprisma:query[39m BEGIN
[LOG] [2026-06-17T11:15:15.458Z] [34mprisma:query[39m DEALLOCATE ALL
[LOG] [2026-06-17T11:15:15.539Z] [34mprisma:query[39m SELECT COUNT(*) FROM (SELECT "public"."findings"."id" FROM "public"."findings" WHERE "public"."findings"."reviewId" = $1 OFFSET $2) AS "sub"
[LOG] [2026-06-17T11:15:15.695Z] [34mprisma:query[39m COMMIT
[HTTP] [2026-06-17T11:15:15.696Z] [0mGET /api/reviews/cmqhyqpi80003mofobds2k9wn/progress [36m304[0m 827.342 ms - -[0m
[LOG] [2026-06-17T11:15:16.913Z] [34mprisma:query[39m BEGIN
[LOG] [2026-06-17T11:15:16.964Z] [34mprisma:query[39m DEALLOCATE ALL
[LOG] [2026-06-17T11:15:17.173Z] [34mprisma:query[39m SELECT "public"."reviews"."id", "public"."reviews"."status", "public"."reviews"."stage", "public"."reviews"."uxScore" FROM "public"."reviews" WHERE ("public"."reviews"."id" = $1 AND 1=1) LIMIT $2 OFFSET $3
[LOG] [2026-06-17T11:15:17.312Z] [34mprisma:query[39m COMMIT
[LOG] [2026-06-17T11:15:17.363Z] [34mprisma:query[39m BEGIN
[LOG] [2026-06-17T11:15:17.415Z] [34mprisma:query[39m DEALLOCATE ALL
[LOG] [2026-06-17T11:15:17.597Z] [34mprisma:query[39m SELECT COUNT(*) FROM (SELECT "public"."findings"."id" FROM "public"."findings" WHERE "public"."findings"."reviewId" = $1 OFFSET $2) AS "sub"
[LOG] [2026-06-17T11:15:17.642Z] [34mprisma:query[39m COMMIT
[HTTP] [2026-06-17T11:15:17.643Z] [0mGET /api/reviews/cmqhyqpi80003mofobds2k9wn/progress [36m304[0m 774.072 ms - -[0m
[LOG] [2026-06-17T11:15:18.999Z] [34mprisma:query[39m BEGIN
[LOG] [2026-06-17T11:15:19.051Z] [34mprisma:query[39m DEALLOCATE ALL
[LOG] [2026-06-17T11:15:19.266Z] [34mprisma:query[39m SELECT "public"."reviews"."id", "public"."reviews"."status", "public"."reviews"."stage", "public"."reviews"."uxScore" FROM "public"."reviews" WHERE ("public"."reviews"."id" = $1 AND 1=1) LIMIT $2 OFFSET $3
[LOG] [2026-06-17T11:15:19.397Z] [34mprisma:query[39m COMMIT
[LOG] [2026-06-17T11:15:19.447Z] [34mprisma:query[39m BEGIN
[LOG] [2026-06-17T11:15:19.494Z] [34mprisma:query[39m DEALLOCATE ALL
[LOG] [2026-06-17T11:15:19.685Z] [34mprisma:query[39m SELECT COUNT(*) FROM (SELECT "public"."findings"."id" FROM "public"."findings" WHERE "public"."findings"."reviewId" = $1 OFFSET $2) AS "sub"
[LOG] [2026-06-17T11:15:19.733Z] [34mprisma:query[39m COMMIT
[HTTP] [2026-06-17T11:15:19.734Z] [0mGET /api/reviews/cmqhyqpi80003mofobds2k9wn/progress [36m304[0m 863.361 ms - -[0m
[LOG] [2026-06-17T11:15:21.163Z] [34mprisma:query[39m BEGIN
[LOG] [2026-06-17T11:15:21.212Z] [34mprisma:query[39m DEALLOCATE ALL
[LOG] [2026-06-17T11:15:21.297Z] [34mprisma:query[39m SELECT "public"."reviews"."id", "public"."reviews"."status", "public"."reviews"."stage", "public"."reviews"."uxScore" FROM "public"."reviews" WHERE ("public"."reviews"."id" = $1 AND 1=1) LIMIT $2 OFFSET $3
[LOG] [2026-06-17T11:15:21.337Z] [34mprisma:query[39m COMMIT
[LOG] [2026-06-17T11:15:21.380Z] [34mprisma:query[39m BEGIN
[LOG] [2026-06-17T11:15:21.422Z] [34mprisma:query[39m DEALLOCATE ALL
[LOG] [2026-06-17T11:15:21.501Z] [34mprisma:query[39m SELECT COUNT(*) FROM (SELECT "public"."findings"."id" FROM "public"."findings" WHERE "public"."findings"."reviewId" = $1 OFFSET $2) AS "sub"
[LOG] [2026-06-17T11:15:21.542Z] [34mprisma:query[39m COMMIT
[HTTP] [2026-06-17T11:15:21.543Z] [0mGET /api/reviews/cmqhyqpi80003mofobds2k9wn/progress [36m304[0m 425.167 ms - -[0m
[LOG] [2026-06-17T11:15:23.156Z] [34mprisma:query[39m SELECT 1
[LOG] [2026-06-17T11:15:23.202Z] [34mprisma:query[39m BEGIN
[LOG] [2026-06-17T11:15:23.253Z] [34mprisma:query[39m DEALLOCATE ALL
[LOG] [2026-06-17T11:15:23.348Z] [34mprisma:query[39m SELECT "public"."reviews"."id", "public"."reviews"."status", "public"."reviews"."stage", "public"."reviews"."uxScore" FROM "public"."reviews" WHERE ("public"."reviews"."id" = $1 AND 1=1) LIMIT $2 OFFSET $3
[LOG] [2026-06-17T11:15:23.388Z] [34mprisma:query[39m COMMIT
[LOG] [2026-06-17T11:15:23.430Z] [34mprisma:query[39m BEGIN
[LOG] [2026-06-17T11:15:23.470Z] [34mprisma:query[39m DEALLOCATE ALL
[LOG] [2026-06-17T11:15:23.552Z] [34mprisma:query[39m SELECT COUNT(*) FROM (SELECT "public"."findings"."id" FROM "public"."findings" WHERE "public"."findings"."reviewId" = $1 OFFSET $2) AS "sub"
[LOG] [2026-06-17T11:15:23.595Z] [34mprisma:query[39m COMMIT
[HTTP] [2026-06-17T11:15:23.596Z] [0mGET /api/reviews/cmqhyqpi80003mofobds2k9wn/progress [36m304[0m 484.386 ms - -[0m
[LOG] [2026-06-17T11:15:25.168Z] [34mprisma:query[39m BEGIN
[LOG] [2026-06-17T11:15:25.216Z] [34mprisma:query[39m DEALLOCATE ALL
[LOG] [2026-06-17T11:15:25.397Z] [34mprisma:query[39m SELECT "public"."reviews"."id", "public"."reviews"."status", "public"."reviews"."stage", "public"."reviews"."uxScore" FROM "public"."reviews" WHERE ("public"."reviews"."id" = $1 AND 1=1) LIMIT $2 OFFSET $3
[LOG] [2026-06-17T11:15:25.439Z] [34mprisma:query[39m COMMIT
[LOG] [2026-06-17T11:15:25.589Z] [34mprisma:query[39m BEGIN
[LOG] [2026-06-17T11:15:25.629Z] [34mprisma:query[39m DEALLOCATE ALL
[LOG] [2026-06-17T11:15:25.822Z] [34mprisma:query[39m SELECT COUNT(*) FROM (SELECT "public"."findings"."id" FROM "public"."findings" WHERE "public"."findings"."reviewId" = $1 OFFSET $2) AS "sub"
[LOG] [2026-06-17T11:15:25.863Z] [34mprisma:query[39m COMMIT
[HTTP] [2026-06-17T11:15:25.864Z] [0mGET /api/reviews/cmqhyqpi80003mofobds2k9wn/progress [36m304[0m 749.683 ms - -[0m
[LOG] [2026-06-17T11:15:27.256Z] [34mprisma:query[39m BEGIN
[LOG] [2026-06-17T11:15:27.295Z] [34mprisma:query[39m DEALLOCATE ALL
[LOG] [2026-06-17T11:15:27.489Z] [34mprisma:query[39m SELECT "public"."reviews"."id", "public"."reviews"."status", "public"."reviews"."stage", "public"."reviews"."uxScore" FROM "public"."reviews" WHERE ("public"."reviews"."id" = $1 AND 1=1) LIMIT $2 OFFSET $3
[LOG] [2026-06-17T11:15:27.528Z] [34mprisma:query[39m COMMIT
[LOG] [2026-06-17T11:15:27.678Z] [34mprisma:query[39m BEGIN
[LOG] [2026-06-17T11:15:27.717Z] [34mprisma:query[39m DEALLOCATE ALL
[LOG] [2026-06-17T11:15:27.907Z] [34mprisma:query[39m SELECT COUNT(*) FROM (SELECT "public"."findings"."id" FROM "public"."findings" WHERE "public"."findings"."reviewId" = $1 OFFSET $2) AS "sub"
[LOG] [2026-06-17T11:15:27.948Z] [34mprisma:query[39m COMMIT
[HTTP] [2026-06-17T11:15:27.949Z] [0mGET /api/reviews/cmqhyqpi80003mofobds2k9wn/progress [36m304[0m 843.363 ms - -[0m
[LOG] [2026-06-17T11:15:29.156Z] [34mprisma:query[39m BEGIN
[LOG] [2026-06-17T11:15:29.291Z] [34mprisma:query[39m DEALLOCATE ALL
[LOG] [2026-06-17T11:15:29.371Z] [34mprisma:query[39m SELECT "public"."reviews"."id", "public"."reviews"."status", "public"."reviews"."stage", "public"."reviews"."uxScore" FROM "public"."reviews" WHERE ("public"."reviews"."id" = $1 AND 1=1) LIMIT $2 OFFSET $3
[LOG] [2026-06-17T11:15:29.523Z] [34mprisma:query[39m COMMIT
[LOG] [2026-06-17T11:15:29.564Z] [34mprisma:query[39m BEGIN
[LOG] [2026-06-17T11:15:29.605Z] [34mprisma:query[39m DEALLOCATE ALL
[LOG] [2026-06-17T11:15:29.795Z] [34mprisma:query[39m SELECT COUNT(*) FROM (SELECT "public"."findings"."id" FROM "public"."findings" WHERE "public"."findings"."reviewId" = $1 OFFSET $2) AS "sub"
[LOG] [2026-06-17T11:15:29.834Z] [34mprisma:query[39m COMMIT
[HTTP] [2026-06-17T11:15:29.835Z] [0mGET /api/reviews/cmqhyqpi80003mofobds2k9wn/progress [36m304[0m 719.080 ms - -[0m
[LOG] [2026-06-17T11:15:31.185Z] [34mprisma:query[39m BEGIN
[LOG] [2026-06-17T11:15:31.224Z] [34mprisma:query[39m DEALLOCATE ALL
[LOG] [2026-06-17T11:15:31.416Z] [34mprisma:query[39m SELECT "public"."reviews"."id", "public"."reviews"."status", "public"."reviews"."stage", "public"."reviews"."uxScore" FROM "public"."reviews" WHERE ("public"."reviews"."id" = $1 AND 1=1) LIMIT $2 OFFSET $3
[LOG] [2026-06-17T11:15:31.456Z] [34mprisma:query[39m COMMIT
[LOG] [2026-06-17T11:15:31.608Z] [34mprisma:query[39m BEGIN
[LOG] [2026-06-17T11:15:31.648Z] [34mprisma:query[39m DEALLOCATE ALL
[LOG] [2026-06-17T11:15:31.842Z] [34mprisma:query[39m SELECT COUNT(*) FROM (SELECT "public"."findings"."id" FROM "public"."findings" WHERE "public"."findings"."reviewId" = $1 OFFSET $2) AS "sub"
[LOG] [2026-06-17T11:15:31.895Z] [34mprisma:query[39m COMMIT
[HTTP] [2026-06-17T11:15:31.896Z] [0mGET /api/reviews/cmqhyqpi80003mofobds2k9wn/progress [36m304[0m 789.714 ms - -[0m
[LOG] [2026-06-17T11:15:33.143Z] [34mprisma:query[39m BEGIN
[LOG] [2026-06-17T11:15:33.183Z] [34mprisma:query[39m DEALLOCATE ALL
[LOG] [2026-06-17T11:15:33.264Z] [34mprisma:query[39m SELECT "public"."reviews"."id", "public"."reviews"."status", "public"."reviews"."stage", "public"."reviews"."uxScore" FROM "public"."reviews" WHERE ("public"."reviews"."id" = $1 AND 1=1) LIMIT $2 OFFSET $3
[LOG] [2026-06-17T11:15:33.304Z] [34mprisma:query[39m COMMIT
[LOG] [2026-06-17T11:15:33.346Z] [34mprisma:query[39m BEGIN
[LOG] [2026-06-17T11:15:33.386Z] [34mprisma:query[39m DEALLOCATE ALL
[LOG] [2026-06-17T11:15:33.471Z] [34mprisma:query[39m SELECT COUNT(*) FROM (SELECT "public"."findings"."id" FROM "public"."findings" WHERE "public"."findings"."reviewId" = $1 OFFSET $2) AS "sub"
[LOG] [2026-06-17T11:15:33.511Z] [34mprisma:query[39m COMMIT
[HTTP] [2026-06-17T11:15:33.511Z] [0mGET /api/reviews/cmqhyqpi80003mofobds2k9wn/progress [36m304[0m 408.668 ms - -[0m
[LOG] [2026-06-17T11:15:35.152Z] [34mprisma:query[39m BEGIN
[LOG] [2026-06-17T11:15:35.192Z] [34mprisma:query[39m DEALLOCATE ALL
[LOG] [2026-06-17T11:15:35.273Z] [34mprisma:query[39m SELECT "public"."reviews"."id", "public"."reviews"."status", "public"."reviews"."stage", "public"."reviews"."uxScore" FROM "public"."reviews" WHERE ("public"."reviews"."id" = $1 AND 1=1) LIMIT $2 OFFSET $3
[LOG] [2026-06-17T11:15:35.314Z] [34mprisma:query[39m COMMIT
[LOG] [2026-06-17T11:15:35.355Z] [34mprisma:query[39m BEGIN
[LOG] [2026-06-17T11:15:35.394Z] [34mprisma:query[39m DEALLOCATE ALL
[LOG] [2026-06-17T11:15:35.475Z] [34mprisma:query[39m SELECT COUNT(*) FROM (SELECT "public"."findings"."id" FROM "public"."findings" WHERE "public"."findings"."reviewId" = $1 OFFSET $2) AS "sub"
[LOG] [2026-06-17T11:15:35.515Z] [34mprisma:query[39m COMMIT
[HTTP] [2026-06-17T11:15:35.516Z] [0mGET /api/reviews/cmqhyqpi80003mofobds2k9wn/progress [36m304[0m 404.054 ms - -[0m
[LOG] [2026-06-17T11:15:37.161Z] [34mprisma:query[39m BEGIN
[LOG] [2026-06-17T11:15:37.201Z] [34mprisma:query[39m DEALLOCATE ALL
[LOG] [2026-06-17T11:15:37.290Z] [34mprisma:query[39m SELECT "public"."reviews"."id", "public"."reviews"."status", "public"."reviews"."stage", "public"."reviews"."uxScore" FROM "public"."reviews" WHERE ("public"."reviews"."id" = $1 AND 1=1) LIMIT $2 OFFSET $3
[LOG] [2026-06-17T11:15:37.330Z] [34mprisma:query[39m COMMIT
[LOG] [2026-06-17T11:15:37.371Z] [34mprisma:query[39m BEGIN
[LOG] [2026-06-17T11:15:37.411Z] [34mprisma:query[39m DEALLOCATE ALL
[LOG] [2026-06-17T11:15:37.491Z] [34mprisma:query[39m SELECT COUNT(*) FROM (SELECT "public"."findings"."id" FROM "public"."findings" WHERE "public"."findings"."reviewId" = $1 OFFSET $2) AS "sub"
[LOG] [2026-06-17T11:15:37.531Z] [34mprisma:query[39m COMMIT
[HTTP] [2026-06-17T11:15:37.532Z] [0mGET /api/reviews/cmqhyqpi80003mofobds2k9wn/progress [36m304[0m 410.840 ms - -[0m
[LOG] [2026-06-17T11:15:39.178Z] [34mprisma:query[39m SELECT 1
[LOG] [2026-06-17T11:15:39.218Z] [34mprisma:query[39m BEGIN
[LOG] [2026-06-17T11:15:39.372Z] [34mprisma:query[39m DEALLOCATE ALL
[LOG] [2026-06-17T11:15:39.454Z] [34mprisma:query[39m SELECT "public"."reviews"."id", "public"."reviews"."status", "public"."reviews"."stage", "public"."reviews"."uxScore" FROM "public"."reviews" WHERE ("public"."reviews"."id" = $1 AND 1=1) LIMIT $2 OFFSET $3
[LOG] [2026-06-17T11:15:39.607Z] [34mprisma:query[39m COMMIT
[LOG] [2026-06-17T11:15:39.647Z] [34mprisma:query[39m BEGIN
[LOG] [2026-06-17T11:15:39.687Z] [34mprisma:query[39m DEALLOCATE ALL
[LOG] [2026-06-17T11:15:39.876Z] [34mprisma:query[39m SELECT COUNT(*) FROM (SELECT "public"."findings"."id" FROM "public"."findings" WHERE "public"."findings"."reviewId" = $1 OFFSET $2) AS "sub"
[LOG] [2026-06-17T11:15:39.917Z] [34mprisma:query[39m COMMIT
[HTTP] [2026-06-17T11:15:39.917Z] [0mGET /api/reviews/cmqhyqpi80003mofobds2k9wn/progress [36m304[0m 813.603 ms - -[0m
[LOG] [2026-06-17T11:15:41.458Z] [34mprisma:query[39m BEGIN
[LOG] [2026-06-17T11:15:41.498Z] [34mprisma:query[39m DEALLOCATE ALL
[LOG] [2026-06-17T11:15:41.684Z] [34mprisma:query[39m SELECT "public"."reviews"."id", "public"."reviews"."status", "public"."reviews"."stage", "public"."reviews"."uxScore" FROM "public"."reviews" WHERE ("public"."reviews"."id" = $1 AND 1=1) LIMIT $2 OFFSET $3
[LOG] [2026-06-17T11:15:41.725Z] [34mprisma:query[39m COMMIT
[LOG] [2026-06-17T11:15:41.767Z] [34mprisma:query[39m BEGIN
[LOG] [2026-06-17T11:15:41.915Z] [34mprisma:query[39m DEALLOCATE ALL
[LOG] [2026-06-17T11:15:41.996Z] [34mprisma:query[39m SELECT COUNT(*) FROM (SELECT "public"."findings"."id" FROM "public"."findings" WHERE "public"."findings"."reviewId" = $1 OFFSET $2) AS "sub"
[LOG] [2026-06-17T11:15:42.147Z] [34mprisma:query[39m COMMIT
[HTTP] [2026-06-17T11:15:42.147Z] [0mGET /api/reviews/cmqhyqpi80003mofobds2k9wn/progress [36m304[0m 1041.060 ms - -[0m
[LOG] [2026-06-17T11:15:43.155Z] [34mprisma:query[39m BEGIN
[LOG] [2026-06-17T11:15:43.303Z] [34mprisma:query[39m DEALLOCATE ALL
[LOG] [2026-06-17T11:15:43.383Z] [34mprisma:query[39m SELECT "public"."reviews"."id", "public"."reviews"."status", "public"."reviews"."stage", "public"."reviews"."uxScore" FROM "public"."reviews" WHERE ("public"."reviews"."id" = $1 AND 1=1) LIMIT $2 OFFSET $3
[LOG] [2026-06-17T11:15:43.534Z] [34mprisma:query[39m COMMIT
[LOG] [2026-06-17T11:15:43.575Z] [34mprisma:query[39m BEGIN
[LOG] [2026-06-17T11:15:43.614Z] [34mprisma:query[39m DEALLOCATE ALL
[LOG] [2026-06-17T11:15:43.806Z] [34mprisma:query[39m SELECT COUNT(*) FROM (SELECT "public"."findings"."id" FROM "public"."findings" WHERE "public"."findings"."reviewId" = $1 OFFSET $2) AS "sub"
[LOG] [2026-06-17T11:15:43.846Z] [34mprisma:query[39m COMMIT
[HTTP] [2026-06-17T11:15:43.846Z] [0mGET /api/reviews/cmqhyqpi80003mofobds2k9wn/progress [36m304[0m 731.820 ms - -[0m
[LOG] [2026-06-17T11:15:44.964Z] [34mprisma:query[39m BEGIN
[LOG] [2026-06-17T11:15:45.004Z] [34mprisma:query[39m DEALLOCATE ALL
[LOG] [2026-06-17T11:15:45.196Z] [34mprisma:query[39m SELECT "public"."reviews"."id", "public"."reviews"."status", "public"."reviews"."stage", "public"."reviews"."uxScore" FROM "public"."reviews" WHERE ("public"."reviews"."id" = $1 AND 1=1) LIMIT $2 OFFSET $3
[LOG] [2026-06-17T11:15:45.236Z] [34mprisma:query[39m COMMIT
[LOG] [2026-06-17T11:15:45.388Z] [34mprisma:query[39m BEGIN
[LOG] [2026-06-17T11:15:45.428Z] [34mprisma:query[39m DEALLOCATE ALL
[LOG] [2026-06-17T11:15:45.620Z] [34mprisma:query[39m SELECT COUNT(*) FROM (SELECT "public"."findings"."id" FROM "public"."findings" WHERE "public"."findings"."reviewId" = $1 OFFSET $2) AS "sub"
[LOG] [2026-06-17T11:15:45.660Z] [34mprisma:query[39m COMMIT
[HTTP] [2026-06-17T11:15:45.661Z] [0mGET /api/reviews/cmqhyqpi80003mofobds2k9wn/progress [36m304[0m 792.989 ms - -[0m
[LOG] [2026-06-17T11:15:46.909Z] [34mprisma:query[39m BEGIN
[LOG] [2026-06-17T11:15:46.951Z] [34mprisma:query[39m DEALLOCATE ALL
[LOG] [2026-06-17T11:15:47.032Z] [34mprisma:query[39m SELECT "public"."reviews"."id", "public"."reviews"."status", "public"."reviews"."stage", "public"."reviews"."uxScore" FROM "public"."reviews" WHERE ("public"."reviews"."id" = $1 AND 1=1) LIMIT $2 OFFSET $3
[LOG] [2026-06-17T11:15:47.072Z] [34mprisma:query[39m COMMIT
[LOG] [2026-06-17T11:15:47.115Z] [34mprisma:query[39m BEGIN
[LOG] [2026-06-17T11:15:47.155Z] [34mprisma:query[39m DEALLOCATE ALL
[LOG] [2026-06-17T11:15:47.237Z] [34mprisma:query[39m SELECT COUNT(*) FROM (SELECT "public"."findings"."id" FROM "public"."findings" WHERE "public"."findings"."reviewId" = $1 OFFSET $2) AS "sub"
[LOG] [2026-06-17T11:15:47.278Z] [34mprisma:query[39m COMMIT
[HTTP] [2026-06-17T11:15:47.278Z] [0mGET /api/reviews/cmqhyqpi80003mofobds2k9wn/progress [36m304[0m 409.836 ms - -[0m
[LOG] [2026-06-17T11:15:48.911Z] [34mprisma:query[39m BEGIN
[LOG] [2026-06-17T11:15:48.951Z] [34mprisma:query[39m DEALLOCATE ALL
[LOG] [2026-06-17T11:15:49.034Z] [34mprisma:query[39m SELECT "public"."reviews"."id", "public"."reviews"."status", "public"."reviews"."stage", "public"."reviews"."uxScore" FROM "public"."reviews" WHERE ("public"."reviews"."id" = $1 AND 1=1) LIMIT $2 OFFSET $3
[LOG] [2026-06-17T11:15:49.076Z] [34mprisma:query[39m COMMIT
[LOG] [2026-06-17T11:15:49.117Z] [34mprisma:query[39m BEGIN
[LOG] [2026-06-17T11:15:49.157Z] [34mprisma:query[39m DEALLOCATE ALL
[LOG] [2026-06-17T11:15:49.238Z] [34mprisma:query[39m SELECT COUNT(*) FROM (SELECT "public"."findings"."id" FROM "public"."findings" WHERE "public"."findings"."reviewId" = $1 OFFSET $2) AS "sub"
[LOG] [2026-06-17T11:15:49.278Z] [34mprisma:query[39m COMMIT
[HTTP] [2026-06-17T11:15:49.278Z] [0mGET /api/reviews/cmqhyqpi80003mofobds2k9wn/progress [36m304[0m 408.606 ms - -[0m
[LOG] [2026-06-17T11:15:50.909Z] [34mprisma:query[39m BEGIN
[LOG] [2026-06-17T11:15:50.949Z] [34mprisma:query[39m DEALLOCATE ALL
[LOG] [2026-06-17T11:15:51.029Z] [34mprisma:query[39m SELECT "public"."reviews"."id", "public"."reviews"."status", "public"."reviews"."stage", "public"."reviews"."uxScore" FROM "public"."reviews" WHERE ("public"."reviews"."id" = $1 AND 1=1) LIMIT $2 OFFSET $3
[LOG] [2026-06-17T11:15:51.070Z] [34mprisma:query[39m COMMIT
[LOG] [2026-06-17T11:15:51.116Z] [34mprisma:query[39m BEGIN
[LOG] [2026-06-17T11:15:51.155Z] [34mprisma:query[39m DEALLOCATE ALL
[LOG] [2026-06-17T11:15:51.235Z] [34mprisma:query[39m SELECT COUNT(*) FROM (SELECT "public"."findings"."id" FROM "public"."findings" WHERE "public"."findings"."reviewId" = $1 OFFSET $2) AS "sub"
[LOG] [2026-06-17T11:15:51.358Z] [34mprisma:query[39m COMMIT
[HTTP] [2026-06-17T11:15:51.358Z] [0mGET /api/reviews/cmqhyqpi80003mofobds2k9wn/progress [36m304[0m 490.080 ms - -[0m
[LOG] [2026-06-17T11:15:53.022Z] [34mprisma:query[39m BEGIN
[LOG] [2026-06-17T11:15:53.062Z] [34mprisma:query[39m DEALLOCATE ALL
[LOG] [2026-06-17T11:15:53.256Z] [34mprisma:query[39m SELECT "public"."reviews"."id", "public"."reviews"."status", "public"."reviews"."stage", "public"."reviews"."uxScore" FROM "public"."reviews" WHERE ("public"."reviews"."id" = $1 AND 1=1) LIMIT $2 OFFSET $3
[LOG] [2026-06-17T11:15:53.296Z] [34mprisma:query[39m COMMIT
[LOG] [2026-06-17T11:15:53.448Z] [34mprisma:query[39m BEGIN
[LOG] [2026-06-17T11:15:53.488Z] [34mprisma:query[39m DEALLOCATE ALL
[LOG] [2026-06-17T11:15:53.681Z] [34mprisma:query[39m SELECT COUNT(*) FROM (SELECT "public"."findings"."id" FROM "public"."findings" WHERE "public"."findings"."reviewId" = $1 OFFSET $2) AS "sub"
[LOG] [2026-06-17T11:15:53.722Z] [34mprisma:query[39m COMMIT
[HTTP] [2026-06-17T11:15:53.723Z] [0mGET /api/reviews/cmqhyqpi80003mofobds2k9wn/progress [36m304[0m 855.068 ms - -[0m
[LOG] [2026-06-17T11:15:54.376Z] [34mprisma:query[39m BEGIN
[LOG] [2026-06-17T11:15:54.418Z] [34mprisma:query[39m DEALLOCATE ALL
[LOG] [2026-06-17T11:15:54.605Z] [34mprisma:query[39m SELECT "public"."reviews"."id", "public"."reviews"."name", "public"."reviews"."product", "public"."reviews"."domain", "public"."reviews"."reviewType", "public"."reviews"."owner", "public"."reviews"."status", "public"."reviews"."stage", "public"."reviews"."uxScore", "public"."reviews"."criteria", "public"."reviews"."depth", "public"."reviews"."confidenceThreshold", "public"."reviews"."createdAt", "public"."reviews"."updatedAt", COALESCE("aggr_selection_0_Finding"."_aggr_count_findings", 0) AS "_aggr_count_findings" FROM "public"."reviews" LEFT JOIN (SELECT "public"."findings"."reviewId", COUNT(*) AS "_aggr_count_findings" FROM "public"."findings" WHERE 1=1 GROUP BY "public"."findings"."reviewId") AS "aggr_selection_0_Finding" ON ("public"."reviews"."id" = "aggr_selection_0_Finding"."reviewId") WHERE 1=1 ORDER BY "public"."reviews"."createdAt" DESC OFFSET $1
[LOG] [2026-06-17T11:15:54.648Z] [34mprisma:query[39m COMMIT
[HTTP] [2026-06-17T11:15:54.652Z] [0mGET /api/reviews [32m200[0m 934.691 ms - -[0m
[LOG] [2026-06-17T11:15:54.697Z] [34mprisma:query[39m BEGIN
[LOG] [2026-06-17T11:15:54.919Z] [34mprisma:query[39m SELECT 1
[LOG] [2026-06-17T11:15:55.064Z] [34mprisma:query[39m BEGIN
[LOG] [2026-06-17T11:15:55.064Z] [34mprisma:query[39m DEALLOCATE ALL
[LOG] [2026-06-17T11:15:55.105Z] [34mprisma:query[39m DEALLOCATE ALL
[LOG] [2026-06-17T11:15:55.148Z] [34mprisma:query[39m SELECT "public"."reviews"."id", "public"."reviews"."name", "public"."reviews"."product", "public"."reviews"."domain", "public"."reviews"."reviewType", "public"."reviews"."owner", "public"."reviews"."status", "public"."reviews"."stage", "public"."reviews"."uxScore", "public"."reviews"."criteria", "public"."reviews"."depth", "public"."reviews"."confidenceThreshold", "public"."reviews"."createdAt", "public"."reviews"."updatedAt", COALESCE("aggr_selection_0_Finding"."_aggr_count_findings", 0) AS "_aggr_count_findings" FROM "public"."reviews" LEFT JOIN (SELECT "public"."findings"."reviewId", COUNT(*) AS "_aggr_count_findings" FROM "public"."findings" WHERE 1=1 GROUP BY "public"."findings"."reviewId") AS "aggr_selection_0_Finding" ON ("public"."reviews"."id" = "aggr_selection_0_Finding"."reviewId") WHERE 1=1 ORDER BY "public"."reviews"."createdAt" DESC OFFSET $1
[LOG] [2026-06-17T11:15:55.297Z] [34mprisma:query[39m SELECT "public"."reviews"."id", "public"."reviews"."status", "public"."reviews"."stage", "public"."reviews"."uxScore" FROM "public"."reviews" WHERE ("public"."reviews"."id" = $1 AND 1=1) LIMIT $2 OFFSET $3
[LOG] [2026-06-17T11:15:55.297Z] [34mprisma:query[39m COMMIT
[HTTP] [2026-06-17T11:15:55.298Z] [0mGET /api/reviews [36m304[0m 644.878 ms - -[0m
[LOG] [2026-06-17T11:15:55.337Z] [34mprisma:query[39m COMMIT
[LOG] [2026-06-17T11:15:55.383Z] [34mprisma:query[39m BEGIN
[LOG] [2026-06-17T11:15:55.527Z] [34mprisma:query[39m DEALLOCATE ALL
[LOG] [2026-06-17T11:15:55.609Z] [34mprisma:query[39m SELECT COUNT(*) FROM (SELECT "public"."findings"."id" FROM "public"."findings" WHERE "public"."findings"."reviewId" = $1 OFFSET $2) AS "sub"
[LOG] [2026-06-17T11:15:55.759Z] [34mprisma:query[39m COMMIT
[HTTP] [2026-06-17T11:15:55.759Z] [0mGET /api/reviews/cmqhyqpi80003mofobds2k9wn/progress [36m304[0m 889.777 ms - -[0m
[LOG] [2026-06-17T11:15:56.954Z] [34mprisma:query[39m BEGIN
[LOG] [2026-06-17T11:15:56.994Z] [34mprisma:query[39m DEALLOCATE ALL
[LOG] [2026-06-17T11:15:57.188Z] [34mprisma:query[39m SELECT "public"."reviews"."id", "public"."reviews"."status", "public"."reviews"."stage", "public"."reviews"."uxScore" FROM "public"."reviews" WHERE ("public"."reviews"."id" = $1 AND 1=1) LIMIT $2 OFFSET $3
[LOG] [2026-06-17T11:15:57.230Z] [34mprisma:query[39m COMMIT
[LOG] [2026-06-17T11:15:57.378Z] [34mprisma:query[39m BEGIN
[LOG] [2026-06-17T11:15:57.419Z] [34mprisma:query[39m DEALLOCATE ALL
[LOG] [2026-06-17T11:15:57.610Z] [34mprisma:query[39m SELECT COUNT(*) FROM (SELECT "public"."findings"."id" FROM "public"."findings" WHERE "public"."findings"."reviewId" = $1 OFFSET $2) AS "sub"
[LOG] [2026-06-17T11:15:57.650Z] [34mprisma:query[39m COMMIT
[HTTP] [2026-06-17T11:15:57.651Z] [0mGET /api/reviews/cmqhyqpi80003mofobds2k9wn/progress [36m304[0m 782.316 ms - -[0m
[LOG] [2026-06-17T11:15:58.809Z] [34mprisma:query[39m BEGIN
[LOG] [2026-06-17T11:15:58.849Z] [34mprisma:query[39m DEALLOCATE ALL
[LOG] [2026-06-17T11:15:59.001Z] [34mprisma:query[39m BEGIN
[LOG] [2026-06-17T11:15:59.041Z] [34mprisma:query[39m SELECT "public"."reviews"."id", "public"."reviews"."name", "public"."reviews"."product", "public"."reviews"."domain", "public"."reviews"."reviewType", "public"."reviews"."owner", "public"."reviews"."status", "public"."reviews"."stage", "public"."reviews"."uxScore", "public"."reviews"."criteria", "public"."reviews"."depth", "public"."reviews"."confidenceThreshold", "public"."reviews"."createdAt", "public"."reviews"."updatedAt" FROM "public"."reviews" WHERE ("public"."reviews"."id" = $1 AND 1=1) LIMIT $2 OFFSET $3
[LOG] [2026-06-17T11:15:59.043Z] [34mprisma:query[39m DEALLOCATE ALL
[LOG] [2026-06-17T11:15:59.233Z] [34mprisma:query[39m SELECT "public"."reviews"."id", "public"."reviews"."status", "public"."reviews"."stage", "public"."reviews"."uxScore" FROM "public"."reviews" WHERE ("public"."reviews"."id" = $1 AND 1=1) LIMIT $2 OFFSET $3
[LOG] [2026-06-17T11:15:59.274Z] [34mprisma:query[39m COMMIT
[LOG] [2026-06-17T11:15:59.316Z] [34mprisma:query[39m BEGIN
[LOG] [2026-06-17T11:15:59.466Z] [34mprisma:query[39m DEALLOCATE ALL
[LOG] [2026-06-17T11:15:59.547Z] [34mprisma:query[39m SELECT "public"."findings"."id", "public"."findings"."reviewId", "public"."findings"."title", "public"."findings"."description", "public"."findings"."recommendation", "public"."findings"."severity"::text, "public"."findings"."area"::text, "public"."findings"."screen", "public"."findings"."principle", "public"."findings"."observation", "public"."findings"."why", "public"."findings"."businessImpact", "public"."findings"."a11yImpact", "public"."findings"."status"::text, "public"."findings"."confidence", "public"."findings"."notes", "public"."findings"."escalationReason", "public"."findings"."isAiGenerated", "public"."findings"."createdAt", "public"."findings"."updatedAt" FROM "public"."findings" WHERE "public"."findings"."reviewId" IN ($1) OFFSET $2
[LOG] [2026-06-17T11:15:59.550Z] [34mprisma:query[39m SELECT COUNT(*) FROM (SELECT "public"."findings"."id" FROM "public"."findings" WHERE "public"."findings"."reviewId" = $1 OFFSET $2) AS "sub"
[LOG] [2026-06-17T11:15:59.699Z] [34mprisma:query[39m COMMIT
[HTTP] [2026-06-17T11:15:59.699Z] [0mGET /api/reviews/cmqhyqpi80003mofobds2k9wn/progress [36m304[0m 831.142 ms - -[0m
[LOG] [2026-06-17T11:15:59.820Z] [34mprisma:query[39m SELECT "public"."review_basis_items"."id", "public"."review_basis_items"."findingId", "public"."review_basis_items"."type", "public"."review_basis_items"."name", "public"."review_basis_items"."explanation" FROM "public"."review_basis_items" WHERE "public"."review_basis_items"."findingId" IN ($1,$2,$3,$4,$5,$6,$7,$8,$9,$10,$11,$12,$13,$14,$15,$16,$17,$18,$19,$20,$21,$22,$23,$24,$25,$26,$27,$28,$29,$30,$31,$32,$33) OFFSET $34
[LOG] [2026-06-17T11:16:00.515Z] [34mprisma:query[39m SELECT "public"."assets"."id", "public"."assets"."reviewId", "public"."assets"."name", "public"."assets"."mimeType", "public"."assets"."base64Data", "public"."assets"."contentText", "public"."assets"."sizeBytes", "public"."assets"."createdAt" FROM "public"."assets" WHERE "public"."assets"."reviewId" IN ($1) OFFSET $2
[LOG] [2026-06-17T11:16:00.680Z] [34mprisma:query[39m SELECT "public"."reports"."id", "public"."reports"."reviewId", "public"."reports"."name", "public"."reports"."template", "public"."reports"."executiveSummary", "public"."reports"."contentMd", "public"."reports"."status", "public"."reports"."createdBy", "public"."reports"."createdAt", "public"."reports"."updatedAt" FROM "public"."reports" WHERE "public"."reports"."reviewId" IN ($1) ORDER BY "public"."reports"."createdAt" DESC OFFSET $2
[LOG] [2026-06-17T11:16:00.721Z] [34mprisma:query[39m COMMIT
[HTTP] [2026-06-17T11:16:00.735Z] [0mGET /api/reviews/cmqhyj1wi0000mofo6qbbymr1 [32m200[0m 2023.992 ms - -[0m
[LOG] [2026-06-17T11:16:00.778Z] [34mprisma:query[39m BEGIN
[LOG] [2026-06-17T11:16:00.818Z] [34mprisma:query[39m DEALLOCATE ALL
[LOG] [2026-06-17T11:16:00.900Z] [34mprisma:query[39m SELECT "public"."reviews"."id", "public"."reviews"."name", "public"."reviews"."product", "public"."reviews"."domain", "public"."reviews"."reviewType", "public"."reviews"."owner", "public"."reviews"."status", "public"."reviews"."stage", "public"."reviews"."uxScore", "public"."reviews"."criteria", "public"."reviews"."depth", "public"."reviews"."confidenceThreshold", "public"."reviews"."createdAt", "public"."reviews"."updatedAt" FROM "public"."reviews" WHERE ("public"."reviews"."id" = $1 AND 1=1) LIMIT $2 OFFSET $3
[LOG] [2026-06-17T11:16:00.911Z] [34mprisma:query[39m BEGIN
[LOG] [2026-06-17T11:16:00.955Z] [34mprisma:query[39m DEALLOCATE ALL
[LOG] [2026-06-17T11:16:01.028Z] [34mprisma:query[39m SELECT "public"."findings"."id", "public"."findings"."reviewId", "public"."findings"."title", "public"."findings"."description", "public"."findings"."recommendation", "public"."findings"."severity"::text, "public"."findings"."area"::text, "public"."findings"."screen", "public"."findings"."principle", "public"."findings"."observation", "public"."findings"."why", "public"."findings"."businessImpact", "public"."findings"."a11yImpact", "public"."findings"."status"::text, "public"."findings"."confidence", "public"."findings"."notes", "public"."findings"."escalationReason", "public"."findings"."isAiGenerated", "public"."findings"."createdAt", "public"."findings"."updatedAt" FROM "public"."findings" WHERE "public"."findings"."reviewId" IN ($1) OFFSET $2
[LOG] [2026-06-17T11:16:01.042Z] [34mprisma:query[39m SELECT "public"."reviews"."id", "public"."reviews"."status", "public"."reviews"."stage", "public"."reviews"."uxScore" FROM "public"."reviews" WHERE ("public"."reviews"."id" = $1 AND 1=1) LIMIT $2 OFFSET $3
[LOG] [2026-06-17T11:16:01.085Z] [34mprisma:query[39m COMMIT
[LOG] [2026-06-17T11:16:01.114Z] [34mprisma:query[39m SELECT "public"."review_basis_items"."id", "public"."review_basis_items"."findingId", "public"."review_basis_items"."type", "public"."review_basis_items"."name", "public"."review_basis_items"."explanation" FROM "public"."review_basis_items" WHERE "public"."review_basis_items"."findingId" IN ($1,$2,$3,$4,$5,$6,$7,$8,$9,$10,$11,$12,$13,$14,$15,$16,$17,$18,$19,$20,$21,$22,$23,$24,$25,$26,$27,$28,$29,$30,$31,$32,$33) OFFSET $34
[LOG] [2026-06-17T11:16:01.127Z] [34mprisma:query[39m BEGIN
[LOG] [2026-06-17T11:16:01.170Z] [34mprisma:query[39m DEALLOCATE ALL
[LOG] [2026-06-17T11:16:01.257Z] [34mprisma:query[39m SELECT COUNT(*) FROM (SELECT "public"."findings"."id" FROM "public"."findings" WHERE "public"."findings"."reviewId" = $1 OFFSET $2) AS "sub"
[LOG] [2026-06-17T11:16:01.300Z] [34mprisma:query[39m COMMIT
[HTTP] [2026-06-17T11:16:01.301Z] [0mGET /api/reviews/cmqhyqpi80003mofobds2k9wn/progress [36m304[0m 432.004 ms - -[0m
[LOG] [2026-06-17T11:16:01.570Z] [34mprisma:query[39m SELECT "public"."assets"."id", "public"."assets"."reviewId", "public"."assets"."name", "public"."assets"."mimeType", "public"."assets"."base64Data", "public"."assets"."contentText", "public"."assets"."sizeBytes", "public"."assets"."createdAt" FROM "public"."assets" WHERE "public"."assets"."reviewId" IN ($1) OFFSET $2
[LOG] [2026-06-17T11:16:01.698Z] [34mprisma:query[39m SELECT "public"."reports"."id", "public"."reports"."reviewId", "public"."reports"."name", "public"."reports"."template", "public"."reports"."executiveSummary", "public"."reports"."contentMd", "public"."reports"."status", "public"."reports"."createdBy", "public"."reports"."createdAt", "public"."reports"."updatedAt" FROM "public"."reports" WHERE "public"."reports"."reviewId" IN ($1) ORDER BY "public"."reports"."createdAt" DESC OFFSET $2
[LOG] [2026-06-17T11:16:01.740Z] [34mprisma:query[39m COMMIT
[HTTP] [2026-06-17T11:16:01.745Z] [0mGET /api/reviews/cmqhyj1wi0000mofo6qbbymr1 [36m304[0m 1010.709 ms - -[0m
[LOG] [2026-06-17T11:16:02.912Z] [34mprisma:query[39m BEGIN
[LOG] [2026-06-17T11:16:02.952Z] [34mprisma:query[39m DEALLOCATE ALL
[LOG] [2026-06-17T11:16:03.035Z] [34mprisma:query[39m SELECT "public"."reviews"."id", "public"."reviews"."status", "public"."reviews"."stage", "public"."reviews"."uxScore" FROM "public"."reviews" WHERE ("public"."reviews"."id" = $1 AND 1=1) LIMIT $2 OFFSET $3
[LOG] [2026-06-17T11:16:03.076Z] [34mprisma:query[39m COMMIT
[LOG] [2026-06-17T11:16:03.118Z] [34mprisma:query[39m BEGIN
[LOG] [2026-06-17T11:16:03.158Z] [34mprisma:query[39m DEALLOCATE ALL
[LOG] [2026-06-17T11:16:03.238Z] [34mprisma:query[39m SELECT COUNT(*) FROM (SELECT "public"."findings"."id" FROM "public"."findings" WHERE "public"."findings"."reviewId" = $1 OFFSET $2) AS "sub"
[LOG] [2026-06-17T11:16:03.279Z] [34mprisma:query[39m COMMIT
[HTTP] [2026-06-17T11:16:03.279Z] [0mGET /api/reviews/cmqhyqpi80003mofobds2k9wn/progress [36m304[0m 411.614 ms - -[0m
[LOG] [2026-06-17T11:16:04.909Z] [34mprisma:query[39m BEGIN
[LOG] [2026-06-17T11:16:04.951Z] [34mprisma:query[39m DEALLOCATE ALL
[LOG] [2026-06-17T11:16:05.119Z] [34mprisma:query[39m SELECT "public"."reviews"."id", "public"."reviews"."status", "public"."reviews"."stage", "public"."reviews"."uxScore" FROM "public"."reviews" WHERE ("public"."reviews"."id" = $1 AND 1=1) LIMIT $2 OFFSET $3
[LOG] [2026-06-17T11:16:05.163Z] [34mprisma:query[39m COMMIT
[LOG] [2026-06-17T11:16:05.311Z] [34mprisma:query[39m BEGIN
[LOG] [2026-06-17T11:16:05.350Z] [34mprisma:query[39m DEALLOCATE ALL
[LOG] [2026-06-17T11:16:05.546Z] [34mprisma:query[39m SELECT COUNT(*) FROM (SELECT "public"."findings"."id" FROM "public"."findings" WHERE "public"."findings"."reviewId" = $1 OFFSET $2) AS "sub"
[LOG] [2026-06-17T11:16:05.586Z] [34mprisma:query[39m COMMIT
[HTTP] [2026-06-17T11:16:05.587Z] [0mGET /api/reviews/cmqhyqpi80003mofobds2k9wn/progress [36m304[0m 718.402 ms - -[0m
[LOG] [2026-06-17T11:16:06.982Z] [34mprisma:query[39m BEGIN
[LOG] [2026-06-17T11:16:07.022Z] [34mprisma:query[39m DEALLOCATE ALL
[LOG] [2026-06-17T11:16:07.209Z] [34mprisma:query[39m SELECT "public"."reviews"."id", "public"."reviews"."status", "public"."reviews"."stage", "public"."reviews"."uxScore" FROM "public"."reviews" WHERE ("public"."reviews"."id" = $1 AND 1=1) LIMIT $2 OFFSET $3
[LOG] [2026-06-17T11:16:07.250Z] [34mprisma:query[39m COMMIT
[LOG] [2026-06-17T11:16:07.402Z] [34mprisma:query[39m BEGIN
[LOG] [2026-06-17T11:16:07.441Z] [34mprisma:query[39m DEALLOCATE ALL
[LOG] [2026-06-17T11:16:07.442Z] [34mprisma:query[39m BEGIN
[LOG] [2026-06-17T11:16:07.483Z] [34mprisma:query[39m DEALLOCATE ALL
[LOG] [2026-06-17T11:16:07.635Z] [34mprisma:query[39m SELECT COUNT(*) FROM (SELECT "public"."findings"."id" FROM "public"."findings" WHERE "public"."findings"."reviewId" = $1 OFFSET $2) AS "sub"
[LOG] [2026-06-17T11:16:07.675Z] [34mprisma:query[39m COMMIT
[HTTP] [2026-06-17T11:16:07.676Z] [0mGET /api/reviews/cmqhyqpi80003mofobds2k9wn/progress [36m304[0m 807.093 ms - -[0m
[LOG] [2026-06-17T11:16:07.677Z] [34mprisma:query[39m SELECT "public"."reviews"."id", "public"."reviews"."name", "public"."reviews"."product", "public"."reviews"."domain", "public"."reviews"."reviewType", "public"."reviews"."owner", "public"."reviews"."status", "public"."reviews"."stage", "public"."reviews"."uxScore", "public"."reviews"."criteria", "public"."reviews"."depth", "public"."reviews"."confidenceThreshold", "public"."reviews"."createdAt", "public"."reviews"."updatedAt", COALESCE("aggr_selection_0_Finding"."_aggr_count_findings", 0) AS "_aggr_count_findings" FROM "public"."reviews" LEFT JOIN (SELECT "public"."findings"."reviewId", COUNT(*) AS "_aggr_count_findings" FROM "public"."findings" WHERE 1=1 GROUP BY "public"."findings"."reviewId") AS "aggr_selection_0_Finding" ON ("public"."reviews"."id" = "aggr_selection_0_Finding"."reviewId") WHERE 1=1 ORDER BY "public"."reviews"."createdAt" DESC OFFSET $1
[LOG] [2026-06-17T11:16:07.719Z] [34mprisma:query[39m COMMIT
[HTTP] [2026-06-17T11:16:07.720Z] [0mGET /api/reviews [36m304[0m 372.962 ms - -[0m
[LOG] [2026-06-17T11:16:07.865Z] [34mprisma:query[39m BEGIN
[LOG] [2026-06-17T11:16:07.908Z] [34mprisma:query[39m DEALLOCATE ALL
[LOG] [2026-06-17T11:16:08.093Z] [34mprisma:query[39m SELECT "public"."reviews"."id", "public"."reviews"."name", "public"."reviews"."product", "public"."reviews"."domain", "public"."reviews"."reviewType", "public"."reviews"."owner", "public"."reviews"."status", "public"."reviews"."stage", "public"."reviews"."uxScore", "public"."reviews"."criteria", "public"."reviews"."depth", "public"."reviews"."confidenceThreshold", "public"."reviews"."createdAt", "public"."reviews"."updatedAt", COALESCE("aggr_selection_0_Finding"."_aggr_count_findings", 0) AS "_aggr_count_findings" FROM "public"."reviews" LEFT JOIN (SELECT "public"."findings"."reviewId", COUNT(*) AS "_aggr_count_findings" FROM "public"."findings" WHERE 1=1 GROUP BY "public"."findings"."reviewId") AS "aggr_selection_0_Finding" ON ("public"."reviews"."id" = "aggr_selection_0_Finding"."reviewId") WHERE 1=1 ORDER BY "public"."reviews"."createdAt" DESC OFFSET $1
[LOG] [2026-06-17T11:16:08.135Z] [34mprisma:query[39m COMMIT
[HTTP] [2026-06-17T11:16:08.135Z] [0mGET /api/reviews [36m304[0m 414.122 ms - -[0m
[LOG] [2026-06-17T11:16:09.015Z] [34mprisma:query[39m BEGIN
[LOG] [2026-06-17T11:16:09.056Z] [34mprisma:query[39m DEALLOCATE ALL
[LOG] [2026-06-17T11:16:09.246Z] [34mprisma:query[39m SELECT "public"."reviews"."id", "public"."reviews"."status", "public"."reviews"."stage", "public"."reviews"."uxScore" FROM "public"."reviews" WHERE ("public"."reviews"."id" = $1 AND 1=1) LIMIT $2 OFFSET $3
[LOG] [2026-06-17T11:16:09.287Z] [34mprisma:query[39m COMMIT
[LOG] [2026-06-17T11:16:09.329Z] [34mprisma:query[39m SELECT 1
[LOG] [2026-06-17T11:16:09.478Z] [34mprisma:query[39m BEGIN
[LOG] [2026-06-17T11:16:09.530Z] [34mprisma:query[39m DEALLOCATE ALL
[LOG] [2026-06-17T11:16:09.708Z] [34mprisma:query[39m SELECT COUNT(*) FROM (SELECT "public"."findings"."id" FROM "public"."findings" WHERE "public"."findings"."reviewId" = $1 OFFSET $2) AS "sub"
[LOG] [2026-06-17T11:16:09.755Z] [34mprisma:query[39m COMMIT
[HTTP] [2026-06-17T11:16:09.756Z] [0mGET /api/reviews/cmqhyqpi80003mofobds2k9wn/progress [36m304[0m 888.259 ms - -[0m
[LOG] [2026-06-17T11:16:09.941Z] [34mprisma:query[39m BEGIN
[LOG] [2026-06-17T11:16:09.982Z] [34mprisma:query[39m DEALLOCATE ALL
[LOG] [2026-06-17T11:16:10.172Z] [34mprisma:query[39m SELECT "public"."reviews"."id", "public"."reviews"."name", "public"."reviews"."product", "public"."reviews"."domain", "public"."reviews"."reviewType", "public"."reviews"."owner", "public"."reviews"."status", "public"."reviews"."stage", "public"."reviews"."uxScore", "public"."reviews"."criteria", "public"."reviews"."depth", "public"."reviews"."confidenceThreshold", "public"."reviews"."createdAt", "public"."reviews"."updatedAt" FROM "public"."reviews" WHERE ("public"."reviews"."id" = $1 AND 1=1) LIMIT $2 OFFSET $3
[LOG] [2026-06-17T11:16:10.486Z] [34mprisma:query[39m SELECT "public"."findings"."id", "public"."findings"."reviewId", "public"."findings"."title", "public"."findings"."description", "public"."findings"."recommendation", "public"."findings"."severity"::text, "public"."findings"."area"::text, "public"."findings"."screen", "public"."findings"."principle", "public"."findings"."observation", "public"."findings"."why", "public"."findings"."businessImpact", "public"."findings"."a11yImpact", "public"."findings"."status"::text, "public"."findings"."confidence", "public"."findings"."notes", "public"."findings"."escalationReason", "public"."findings"."isAiGenerated", "public"."findings"."createdAt", "public"."findings"."updatedAt" FROM "public"."findings" WHERE "public"."findings"."reviewId" IN ($1) OFFSET $2
[LOG] [2026-06-17T11:16:10.677Z] [34mprisma:query[39m SELECT "public"."review_basis_items"."id", "public"."review_basis_items"."findingId", "public"."review_basis_items"."type", "public"."review_basis_items"."name", "public"."review_basis_items"."explanation" FROM "public"."review_basis_items" WHERE "public"."review_basis_items"."findingId" IN ($1,$2,$3,$4,$5,$6,$7,$8,$9,$10,$11,$12,$13,$14,$15,$16,$17,$18,$19,$20,$21,$22,$23) OFFSET $24
[LOG] [2026-06-17T11:16:10.908Z] [34mprisma:query[39m SELECT 1
[LOG] [2026-06-17T11:16:10.950Z] [34mprisma:query[39m BEGIN
[LOG] [2026-06-17T11:16:11.098Z] [34mprisma:query[39m DEALLOCATE ALL
[LOG] [2026-06-17T11:16:11.181Z] [34mprisma:query[39m SELECT "public"."reviews"."id", "public"."reviews"."status", "public"."reviews"."stage", "public"."reviews"."uxScore" FROM "public"."reviews" WHERE ("public"."reviews"."id" = $1 AND 1=1) LIMIT $2 OFFSET $3
[LOG] [2026-06-17T11:16:11.331Z] [34mprisma:query[39m COMMIT
[LOG] [2026-06-17T11:16:11.371Z] [34mprisma:query[39m BEGIN
[LOG] [2026-06-17T11:16:11.411Z] [34mprisma:query[39m DEALLOCATE ALL
[LOG] [2026-06-17T11:16:11.602Z] [34mprisma:query[39m SELECT COUNT(*) FROM (SELECT "public"."findings"."id" FROM "public"."findings" WHERE "public"."findings"."reviewId" = $1 OFFSET $2) AS "sub"
[LOG] [2026-06-17T11:16:11.642Z] [34mprisma:query[39m COMMIT
[HTTP] [2026-06-17T11:16:11.642Z] [0mGET /api/reviews/cmqhyqpi80003mofobds2k9wn/progress [36m304[0m 774.228 ms - -[0m
[LOG] [2026-06-17T11:16:12.026Z] [34mprisma:query[39m SELECT "public"."assets"."id", "public"."assets"."reviewId", "public"."assets"."name", "public"."assets"."mimeType", "public"."assets"."base64Data", "public"."assets"."contentText", "public"."assets"."sizeBytes", "public"."assets"."createdAt" FROM "public"."assets" WHERE "public"."assets"."reviewId" IN ($1) OFFSET $2
[LOG] [2026-06-17T11:16:12.113Z] [34mprisma:query[39m SELECT "public"."reports"."id", "public"."reports"."reviewId", "public"."reports"."name", "public"."reports"."template", "public"."reports"."executiveSummary", "public"."reports"."contentMd", "public"."reports"."status", "public"."reports"."createdBy", "public"."reports"."createdAt", "public"."reports"."updatedAt" FROM "public"."reports" WHERE "public"."reports"."reviewId" IN ($1) ORDER BY "public"."reports"."createdAt" DESC OFFSET $2
[LOG] [2026-06-17T11:16:12.258Z] [34mprisma:query[39m COMMIT
[HTTP] [2026-06-17T11:16:12.267Z] [0mGET /api/reviews/cmqhyqpi80003mofobds2k9wn [32m200[0m 2454.298 ms - -[0m
[LOG] [2026-06-17T11:16:12.309Z] [34mprisma:query[39m BEGIN
[LOG] [2026-06-17T11:16:12.350Z] [34mprisma:query[39m DEALLOCATE ALL
[LOG] [2026-06-17T11:16:12.531Z] [34mprisma:query[39m SELECT "public"."reviews"."id", "public"."reviews"."name", "public"."reviews"."product", "public"."reviews"."domain", "public"."reviews"."reviewType", "public"."reviews"."owner", "public"."reviews"."status", "public"."reviews"."stage", "public"."reviews"."uxScore", "public"."reviews"."criteria", "public"."reviews"."depth", "public"."reviews"."confidenceThreshold", "public"."reviews"."createdAt", "public"."reviews"."updatedAt" FROM "public"."reviews" WHERE ("public"."reviews"."id" = $1 AND 1=1) LIMIT $2 OFFSET $3
[LOG] [2026-06-17T11:16:12.761Z] [34mprisma:query[39m SELECT "public"."findings"."id", "public"."findings"."reviewId", "public"."findings"."title", "public"."findings"."description", "public"."findings"."recommendation", "public"."findings"."severity"::text, "public"."findings"."area"::text, "public"."findings"."screen", "public"."findings"."principle", "public"."findings"."observation", "public"."findings"."why", "public"."findings"."businessImpact", "public"."findings"."a11yImpact", "public"."findings"."status"::text, "public"."findings"."confidence", "public"."findings"."notes", "public"."findings"."escalationReason", "public"."findings"."isAiGenerated", "public"."findings"."createdAt", "public"."findings"."updatedAt" FROM "public"."findings" WHERE "public"."findings"."reviewId" IN ($1) OFFSET $2
[LOG] [2026-06-17T11:16:12.953Z] [34mprisma:query[39m SELECT "public"."review_basis_items"."id", "public"."review_basis_items"."findingId", "public"."review_basis_items"."type", "public"."review_basis_items"."name", "public"."review_basis_items"."explanation" FROM "public"."review_basis_items" WHERE "public"."review_basis_items"."findingId" IN ($1,$2,$3,$4,$5,$6,$7,$8,$9,$10,$11,$12,$13,$14,$15,$16,$17,$18,$19,$20,$21,$22,$23) OFFSET $24
[LOG] [2026-06-17T11:16:12.993Z] [34mprisma:query[39m BEGIN
[LOG] [2026-06-17T11:16:13.033Z] [34mprisma:query[39m DEALLOCATE ALL
[LOG] [2026-06-17T11:16:13.227Z] [34mprisma:query[39m SELECT "public"."reviews"."id", "public"."reviews"."status", "public"."reviews"."stage", "public"."reviews"."uxScore" FROM "public"."reviews" WHERE ("public"."reviews"."id" = $1 AND 1=1) LIMIT $2 OFFSET $3
[LOG] [2026-06-17T11:16:13.268Z] [34mprisma:query[39m COMMIT
[LOG] [2026-06-17T11:16:13.308Z] [34mprisma:query[39m BEGIN
[LOG] [2026-06-17T11:16:13.349Z] [34mprisma:query[39m DEALLOCATE ALL
[LOG] [2026-06-17T11:16:13.442Z] [34mprisma:query[39m SELECT COUNT(*) FROM (SELECT "public"."findings"."id" FROM "public"."findings" WHERE "public"."findings"."reviewId" = $1 OFFSET $2) AS "sub"
[LOG] [2026-06-17T11:16:13.481Z] [34mprisma:query[39m COMMIT
[HTTP] [2026-06-17T11:16:13.481Z] [0mGET /api/reviews/cmqhyqpi80003mofobds2k9wn/progress [36m304[0m 612.469 ms - -[0m
[LOG] [2026-06-17T11:16:13.520Z] [34mprisma:query[39m SELECT "public"."assets"."id", "public"."assets"."reviewId", "public"."assets"."name", "public"."assets"."mimeType", "public"."assets"."base64Data", "public"."assets"."contentText", "public"."assets"."sizeBytes", "public"."assets"."createdAt" FROM "public"."assets" WHERE "public"."assets"."reviewId" IN ($1) OFFSET $2
[LOG] [2026-06-17T11:16:13.603Z] [34mprisma:query[39m SELECT "public"."reports"."id", "public"."reports"."reviewId", "public"."reports"."name", "public"."reports"."template", "public"."reports"."executiveSummary", "public"."reports"."contentMd", "public"."reports"."status", "public"."reports"."createdBy", "public"."reports"."createdAt", "public"."reports"."updatedAt" FROM "public"."reports" WHERE "public"."reports"."reviewId" IN ($1) ORDER BY "public"."reports"."createdAt" DESC OFFSET $2
[LOG] [2026-06-17T11:16:13.648Z] [34mprisma:query[39m COMMIT
[HTTP] [2026-06-17T11:16:13.652Z] [0mGET /api/reviews/cmqhyqpi80003mofobds2k9wn [36m304[0m 1384.177 ms - -[0m
[LOG] [2026-06-17T11:16:14.909Z] [34mprisma:query[39m BEGIN
[LOG] [2026-06-17T11:16:14.950Z] [34mprisma:query[39m DEALLOCATE ALL
[LOG] [2026-06-17T11:16:15.035Z] [34mprisma:query[39m SELECT "public"."reviews"."id", "public"."reviews"."status", "public"."reviews"."stage", "public"."reviews"."uxScore" FROM "public"."reviews" WHERE ("public"."reviews"."id" = $1 AND 1=1) LIMIT $2 OFFSET $3
[LOG] [2026-06-17T11:16:15.082Z] [34mprisma:query[39m COMMIT
[LOG] [2026-06-17T11:16:15.125Z] [34mprisma:query[39m BEGIN
[LOG] [2026-06-17T11:16:15.166Z] [34mprisma:query[39m DEALLOCATE ALL
[LOG] [2026-06-17T11:16:15.256Z] [34mprisma:query[39m SELECT COUNT(*) FROM (SELECT "public"."findings"."id" FROM "public"."findings" WHERE "public"."findings"."reviewId" = $1 OFFSET $2) AS "sub"
[LOG] [2026-06-17T11:16:15.307Z] [34mprisma:query[39m COMMIT
[HTTP] [2026-06-17T11:16:15.308Z] [0mGET /api/reviews/cmqhyqpi80003mofobds2k9wn/progress [36m304[0m 440.033 ms - -[0m
[LOG] [2026-06-17T11:16:16.909Z] [34mprisma:query[39m BEGIN
[LOG] [2026-06-17T11:16:16.949Z] [34mprisma:query[39m DEALLOCATE ALL
[LOG] [2026-06-17T11:16:17.031Z] [34mprisma:query[39m SELECT "public"."reviews"."id", "public"."reviews"."status", "public"."reviews"."stage", "public"."reviews"."uxScore" FROM "public"."reviews" WHERE ("public"."reviews"."id" = $1 AND 1=1) LIMIT $2 OFFSET $3
[LOG] [2026-06-17T11:16:17.072Z] [34mprisma:query[39m COMMIT
[LOG] [2026-06-17T11:16:17.114Z] [34mprisma:query[39m BEGIN
[LOG] [2026-06-17T11:16:17.155Z] [34mprisma:query[39m DEALLOCATE ALL
[LOG] [2026-06-17T11:16:17.240Z] [34mprisma:query[39m SELECT COUNT(*) FROM (SELECT "public"."findings"."id" FROM "public"."findings" WHERE "public"."findings"."reviewId" = $1 OFFSET $2) AS "sub"
[LOG] [2026-06-17T11:16:17.281Z] [34mprisma:query[39m COMMIT
[HTTP] [2026-06-17T11:16:17.281Z] [0mGET /api/reviews/cmqhyqpi80003mofobds2k9wn/progress [36m304[0m 413.834 ms - -[0m
[LOG] [2026-06-17T11:16:18.953Z] [34mprisma:query[39m BEGIN
[LOG] [2026-06-17T11:16:19.018Z] [34mprisma:query[39m DEALLOCATE ALL
[LOG] [2026-06-17T11:16:19.187Z] [34mprisma:query[39m SELECT "public"."reviews"."id", "public"."reviews"."status", "public"."reviews"."stage", "public"."reviews"."uxScore" FROM "public"."reviews" WHERE ("public"."reviews"."id" = $1 AND 1=1) LIMIT $2 OFFSET $3
[LOG] [2026-06-17T11:16:19.228Z] [34mprisma:query[39m COMMIT
[LOG] [2026-06-17T11:16:19.378Z] [34mprisma:query[39m BEGIN
[LOG] [2026-06-17T11:16:19.419Z] [34mprisma:query[39m DEALLOCATE ALL
[LOG] [2026-06-17T11:16:19.611Z] [34mprisma:query[39m SELECT COUNT(*) FROM (SELECT "public"."findings"."id" FROM "public"."findings" WHERE "public"."findings"."reviewId" = $1 OFFSET $2) AS "sub"
[LOG] [2026-06-17T11:16:19.651Z] [34mprisma:query[39m COMMIT
[HTTP] [2026-06-17T11:16:19.652Z] [0mGET /api/reviews/cmqhyqpi80003mofobds2k9wn/progress [36m304[0m 783.191 ms - -[0m
[LOG] [2026-06-17T11:16:21.005Z] [34mprisma:query[39m BEGIN
[LOG] [2026-06-17T11:16:21.046Z] [34mprisma:query[39m DEALLOCATE ALL
[LOG] [2026-06-17T11:16:21.234Z] [34mprisma:query[39m SELECT "public"."reviews"."id", "public"."reviews"."status", "public"."reviews"."stage", "public"."reviews"."uxScore" FROM "public"."reviews" WHERE ("public"."reviews"."id" = $1 AND 1=1) LIMIT $2 OFFSET $3
[LOG] [2026-06-17T11:16:21.276Z] [34mprisma:query[39m COMMIT
[LOG] [2026-06-17T11:16:21.318Z] [34mprisma:query[39m BEGIN
[LOG] [2026-06-17T11:16:21.464Z] [34mprisma:query[39m DEALLOCATE ALL
[LOG] [2026-06-17T11:16:21.547Z] [34mprisma:query[39m SELECT COUNT(*) FROM (SELECT "public"."findings"."id" FROM "public"."findings" WHERE "public"."findings"."reviewId" = $1 OFFSET $2) AS "sub"
[LOG] [2026-06-17T11:16:21.693Z] [34mprisma:query[39m COMMIT
[HTTP] [2026-06-17T11:16:21.694Z] [0mGET /api/reviews/cmqhyqpi80003mofobds2k9wn/progress [36m304[0m 826.387 ms - -[0m
[LOG] [2026-06-17T11:16:22.909Z] [34mprisma:query[39m BEGIN
[LOG] [2026-06-17T11:16:22.951Z] [34mprisma:query[39m DEALLOCATE ALL
[LOG] [2026-06-17T11:16:23.123Z] [34mprisma:query[39m SELECT "public"."reviews"."id", "public"."reviews"."status", "public"."reviews"."stage", "public"."reviews"."uxScore" FROM "public"."reviews" WHERE ("public"."reviews"."id" = $1 AND 1=1) LIMIT $2 OFFSET $3
[LOG] [2026-06-17T11:16:23.165Z] [34mprisma:query[39m COMMIT
[LOG] [2026-06-17T11:16:23.311Z] [34mprisma:query[39m BEGIN
[LOG] [2026-06-17T11:16:23.353Z] [34mprisma:query[39m DEALLOCATE ALL
[LOG] [2026-06-17T11:16:23.543Z] [34mprisma:query[39m SELECT COUNT(*) FROM (SELECT "public"."findings"."id" FROM "public"."findings" WHERE "public"."findings"."reviewId" = $1 OFFSET $2) AS "sub"
[LOG] [2026-06-17T11:16:23.585Z] [34mprisma:query[39m COMMIT
[HTTP] [2026-06-17T11:16:23.586Z] [0mGET /api/reviews/cmqhyqpi80003mofobds2k9wn/progress [36m304[0m 717.769 ms - -[0m
[LOG] [2026-06-17T11:16:24.973Z] [34mprisma:query[39m SELECT 1
[LOG] [2026-06-17T11:16:25.014Z] [34mprisma:query[39m BEGIN
[LOG] [2026-06-17T11:16:25.165Z] [34mprisma:query[39m DEALLOCATE ALL
[LOG] [2026-06-17T11:16:25.250Z] [34mprisma:query[39m SELECT "public"."reviews"."id", "public"."reviews"."status", "public"."reviews"."stage", "public"."reviews"."uxScore" FROM "public"."reviews" WHERE ("public"."reviews"."id" = $1 AND 1=1) LIMIT $2 OFFSET $3
[LOG] [2026-06-17T11:16:25.399Z] [34mprisma:query[39m COMMIT
[LOG] [2026-06-17T11:16:25.440Z] [34mprisma:query[39m BEGIN
[LOG] [2026-06-17T11:16:25.482Z] [34mprisma:query[39m DEALLOCATE ALL
[LOG] [2026-06-17T11:16:25.670Z] [34mprisma:query[39m SELECT COUNT(*) FROM (SELECT "public"."findings"."id" FROM "public"."findings" WHERE "public"."findings"."reviewId" = $1 OFFSET $2) AS "sub"
[LOG] [2026-06-17T11:16:25.715Z] [34mprisma:query[39m COMMIT
[HTTP] [2026-06-17T11:16:25.715Z] [0mGET /api/reviews/cmqhyqpi80003mofobds2k9wn/progress [36m304[0m 846.167 ms - -[0m
[LOG] [2026-06-17T11:16:26.911Z] [34mprisma:query[39m BEGIN
[LOG] [2026-06-17T11:16:26.952Z] [34mprisma:query[39m DEALLOCATE ALL
[LOG] [2026-06-17T11:16:27.035Z] [34mprisma:query[39m SELECT "public"."reviews"."id", "public"."reviews"."status", "public"."reviews"."stage", "public"."reviews"."uxScore" FROM "public"."reviews" WHERE ("public"."reviews"."id" = $1 AND 1=1) LIMIT $2 OFFSET $3
[LOG] [2026-06-17T11:16:27.076Z] [34mprisma:query[39m COMMIT
[LOG] [2026-06-17T11:16:27.123Z] [34mprisma:query[39m BEGIN
[LOG] [2026-06-17T11:16:27.164Z] [34mprisma:query[39m DEALLOCATE ALL
[LOG] [2026-06-17T11:16:27.247Z] [34mprisma:query[39m SELECT COUNT(*) FROM (SELECT "public"."findings"."id" FROM "public"."findings" WHERE "public"."findings"."reviewId" = $1 OFFSET $2) AS "sub"
[LOG] [2026-06-17T11:16:27.288Z] [34mprisma:query[39m COMMIT
[HTTP] [2026-06-17T11:16:27.289Z] [0mGET /api/reviews/cmqhyqpi80003mofobds2k9wn/progress [36m304[0m 421.312 ms - -[0m
[LOG] [2026-06-17T11:16:28.936Z] [34mprisma:query[39m BEGIN
[LOG] [2026-06-17T11:16:28.982Z] [34mprisma:query[39m DEALLOCATE ALL
[LOG] [2026-06-17T11:16:29.076Z] [34mprisma:query[39m SELECT "public"."reviews"."id", "public"."reviews"."status", "public"."reviews"."stage", "public"."reviews"."uxScore" FROM "public"."reviews" WHERE ("public"."reviews"."id" = $1 AND 1=1) LIMIT $2 OFFSET $3
[LOG] [2026-06-17T11:16:29.136Z] [34mprisma:query[39m COMMIT
[LOG] [2026-06-17T11:16:29.211Z] [34mprisma:query[39m BEGIN
[LOG] [2026-06-17T11:16:29.267Z] [34mprisma:query[39m DEALLOCATE ALL
[LOG] [2026-06-17T11:16:29.401Z] [34mprisma:query[39m SELECT COUNT(*) FROM (SELECT "public"."findings"."id" FROM "public"."findings" WHERE "public"."findings"."reviewId" = $1 OFFSET $2) AS "sub"
[LOG] [2026-06-17T11:16:29.460Z] [34mprisma:query[39m COMMIT
[HTTP] [2026-06-17T11:16:29.461Z] [0mGET /api/reviews/cmqhyqpi80003mofobds2k9wn/progress [36m304[0m 593.441 ms - -[0m
[LOG] [2026-06-17T11:16:30.930Z] [34mprisma:query[39m BEGIN
[LOG] [2026-06-17T11:16:30.994Z] [34mprisma:query[39m DEALLOCATE ALL
[LOG] [2026-06-17T11:16:31.094Z] [34mprisma:query[39m SELECT "public"."reviews"."id", "public"."reviews"."status", "public"."reviews"."stage", "public"."reviews"."uxScore" FROM "public"."reviews" WHERE ("public"."reviews"."id" = $1 AND 1=1) LIMIT $2 OFFSET $3
[LOG] [2026-06-17T11:16:31.149Z] [34mprisma:query[39m COMMIT
[LOG] [2026-06-17T11:16:31.195Z] [34mprisma:query[39m BEGIN
[LOG] [2026-06-17T11:16:31.242Z] [34mprisma:query[39m DEALLOCATE ALL
[LOG] [2026-06-17T11:16:31.351Z] [34mprisma:query[39m SELECT COUNT(*) FROM (SELECT "public"."findings"."id" FROM "public"."findings" WHERE "public"."findings"."reviewId" = $1 OFFSET $2) AS "sub"
[LOG] [2026-06-17T11:16:31.401Z] [34mprisma:query[39m COMMIT
[HTTP] [2026-06-17T11:16:31.401Z] [0mGET /api/reviews/cmqhyqpi80003mofobds2k9wn/progress [36m304[0m 532.676 ms - -[0m
[LOG] [2026-06-17T11:16:32.996Z] [34mprisma:query[39m BEGIN
[LOG] [2026-06-17T11:16:33.038Z] [34mprisma:query[39m DEALLOCATE ALL
[LOG] [2026-06-17T11:16:33.255Z] [34mprisma:query[39m SELECT "public"."reviews"."id", "public"."reviews"."status", "public"."reviews"."stage", "public"."reviews"."uxScore" FROM "public"."reviews" WHERE ("public"."reviews"."id" = $1 AND 1=1) LIMIT $2 OFFSET $3
[LOG] [2026-06-17T11:16:33.871Z] [34mprisma:query[39m COMMIT
[LOG] [2026-06-17T11:16:33.932Z] [34mprisma:query[39m BEGIN
[LOG] [2026-06-17T11:16:33.974Z] [34mprisma:query[39m DEALLOCATE ALL
[LOG] [2026-06-17T11:16:34.147Z] [34mprisma:query[39m SELECT COUNT(*) FROM (SELECT "public"."findings"."id" FROM "public"."findings" WHERE "public"."findings"."reviewId" = $1 OFFSET $2) AS "sub"
[LOG] [2026-06-17T11:16:34.196Z] [34mprisma:query[39m COMMIT
[HTTP] [2026-06-17T11:16:34.196Z] [0mGET /api/reviews/cmqhyqpi80003mofobds2k9wn/progress [36m304[0m 1328.431 ms - -[0m
[LOG] [2026-06-17T11:16:34.909Z] [34mprisma:query[39m BEGIN
[LOG] [2026-06-17T11:16:35.063Z] [34mprisma:query[39m DEALLOCATE ALL
[LOG] [2026-06-17T11:16:35.253Z] [34mprisma:query[39m SELECT "public"."reviews"."id", "public"."reviews"."status", "public"."reviews"."stage", "public"."reviews"."uxScore" FROM "public"."reviews" WHERE ("public"."reviews"."id" = $1 AND 1=1) LIMIT $2 OFFSET $3
[LOG] [2026-06-17T11:16:35.294Z] [34mprisma:query[39m COMMIT
[LOG] [2026-06-17T11:16:35.335Z] [34mprisma:query[39m BEGIN
[LOG] [2026-06-17T11:16:35.484Z] [34mprisma:query[39m DEALLOCATE ALL
[LOG] [2026-06-17T11:16:35.566Z] [34mprisma:query[39m SELECT COUNT(*) FROM (SELECT "public"."findings"."id" FROM "public"."findings" WHERE "public"."findings"."reviewId" = $1 OFFSET $2) AS "sub"
[LOG] [2026-06-17T11:16:35.715Z] [34mprisma:query[39m COMMIT
[HTTP] [2026-06-17T11:16:35.715Z] [0mGET /api/reviews/cmqhyqpi80003mofobds2k9wn/progress [36m304[0m 848.201 ms - -[0m
[LOG] [2026-06-17T11:16:36.929Z] [34mprisma:query[39m BEGIN
[LOG] [2026-06-17T11:16:36.971Z] [34mprisma:query[39m DEALLOCATE ALL
[LOG] [2026-06-17T11:16:37.173Z] [34mprisma:query[39m SELECT "public"."reviews"."id", "public"."reviews"."status", "public"."reviews"."stage", "public"."reviews"."uxScore" FROM "public"."reviews" WHERE ("public"."reviews"."id" = $1 AND 1=1) LIMIT $2 OFFSET $3
[LOG] [2026-06-17T11:16:37.223Z] [34mprisma:query[39m COMMIT
[LOG] [2026-06-17T11:16:37.383Z] [34mprisma:query[39m BEGIN
[LOG] [2026-06-17T11:16:37.436Z] [34mprisma:query[39m DEALLOCATE ALL
[LOG] [2026-06-17T11:16:37.611Z] [34mprisma:query[39m SELECT COUNT(*) FROM (SELECT "public"."findings"."id" FROM "public"."findings" WHERE "public"."findings"."reviewId" = $1 OFFSET $2) AS "sub"
[LOG] [2026-06-17T11:16:37.652Z] [34mprisma:query[39m COMMIT
[HTTP] [2026-06-17T11:16:37.653Z] [0mGET /api/reviews/cmqhyqpi80003mofobds2k9wn/progress [36m304[0m 784.851 ms - -[0m
[LOG] [2026-06-17T11:16:38.998Z] [34mprisma:query[39m BEGIN
[LOG] [2026-06-17T11:16:39.039Z] [34mprisma:query[39m DEALLOCATE ALL
[LOG] [2026-06-17T11:16:39.231Z] [34mprisma:query[39m SELECT "public"."reviews"."id", "public"."reviews"."status", "public"."reviews"."stage", "public"."reviews"."uxScore" FROM "public"."reviews" WHERE ("public"."reviews"."id" = $1 AND 1=1) LIMIT $2 OFFSET $3
[LOG] [2026-06-17T11:16:39.272Z] [34mprisma:query[39m COMMIT
[LOG] [2026-06-17T11:16:39.688Z] [34mprisma:query[39m BEGIN
[LOG] [2026-06-17T11:16:39.729Z] [34mprisma:query[39m DEALLOCATE ALL
[LOG] [2026-06-17T11:16:39.929Z] [34mprisma:query[39m SELECT COUNT(*) FROM (SELECT "public"."findings"."id" FROM "public"."findings" WHERE "public"."findings"."reviewId" = $1 OFFSET $2) AS "sub"
[LOG] [2026-06-17T11:16:39.970Z] [34mprisma:query[39m COMMIT
[HTTP] [2026-06-17T11:16:39.970Z] [0mGET /api/reviews/cmqhyqpi80003mofobds2k9wn/progress [36m304[0m 1103.154 ms - -[0m
[LOG] [2026-06-17T11:16:40.908Z] [34mprisma:query[39m SELECT 1
[LOG] [2026-06-17T11:16:40.949Z] [34mprisma:query[39m BEGIN
[LOG] [2026-06-17T11:16:40.991Z] [34mprisma:query[39m DEALLOCATE ALL
[LOG] [2026-06-17T11:16:41.074Z] [34mprisma:query[39m SELECT "public"."reviews"."id", "public"."reviews"."status", "public"."reviews"."stage", "public"."reviews"."uxScore" FROM "public"."reviews" WHERE ("public"."reviews"."id" = $1 AND 1=1) LIMIT $2 OFFSET $3
[LOG] [2026-06-17T11:16:41.116Z] [34mprisma:query[39m COMMIT
[LOG] [2026-06-17T11:16:41.158Z] [34mprisma:query[39m BEGIN
[LOG] [2026-06-17T11:16:41.199Z] [34mprisma:query[39m DEALLOCATE ALL
[LOG] [2026-06-17T11:16:41.281Z] [34mprisma:query[39m SELECT COUNT(*) FROM (SELECT "public"."findings"."id" FROM "public"."findings" WHERE "public"."findings"."reviewId" = $1 OFFSET $2) AS "sub"
[LOG] [2026-06-17T11:16:41.322Z] [34mprisma:query[39m COMMIT
[HTTP] [2026-06-17T11:16:41.322Z] [0mGET /api/reviews/cmqhyqpi80003mofobds2k9wn/progress [36m304[0m 455.245 ms - -[0m
[LOG] [2026-06-17T11:16:42.919Z] [34mprisma:query[39m BEGIN
[LOG] [2026-06-17T11:16:42.965Z] [34mprisma:query[39m DEALLOCATE ALL
[LOG] [2026-06-17T11:16:43.050Z] [34mprisma:query[39m SELECT "public"."reviews"."id", "public"."reviews"."status", "public"."reviews"."stage", "public"."reviews"."uxScore" FROM "public"."reviews" WHERE ("public"."reviews"."id" = $1 AND 1=1) LIMIT $2 OFFSET $3
[LOG] [2026-06-17T11:16:43.095Z] [34mprisma:query[39m COMMIT
[LOG] [2026-06-17T11:16:43.139Z] [34mprisma:query[39m BEGIN
[LOG] [2026-06-17T11:16:43.186Z] [34mprisma:query[39m DEALLOCATE ALL
[LOG] [2026-06-17T11:16:43.288Z] [34mprisma:query[39m SELECT COUNT(*) FROM (SELECT "public"."findings"."id" FROM "public"."findings" WHERE "public"."findings"."reviewId" = $1 OFFSET $2) AS "sub"
[LOG] [2026-06-17T11:16:43.339Z] [34mprisma:query[39m COMMIT
[HTTP] [2026-06-17T11:16:43.340Z] [0mGET /api/reviews/cmqhyqpi80003mofobds2k9wn/progress [36m304[0m 470.696 ms - -[0m
[LOG] [2026-06-17T11:16:44.914Z] [34mprisma:query[39m BEGIN
[LOG] [2026-06-17T11:16:44.968Z] [34mprisma:query[39m DEALLOCATE ALL
[LOG] [2026-06-17T11:16:45.142Z] [34mprisma:query[39m SELECT "public"."reviews"."id", "public"."reviews"."status", "public"."reviews"."stage", "public"."reviews"."uxScore" FROM "public"."reviews" WHERE ("public"."reviews"."id" = $1 AND 1=1) LIMIT $2 OFFSET $3
[LOG] [2026-06-17T11:16:45.188Z] [34mprisma:query[39m COMMIT
[LOG] [2026-06-17T11:16:45.328Z] [34mprisma:query[39m BEGIN
[LOG] [2026-06-17T11:16:45.370Z] [34mprisma:query[39m DEALLOCATE ALL
[LOG] [2026-06-17T11:16:45.561Z] [34mprisma:query[39m SELECT COUNT(*) FROM (SELECT "public"."findings"."id" FROM "public"."findings" WHERE "public"."findings"."reviewId" = $1 OFFSET $2) AS "sub"
[LOG] [2026-06-17T11:16:45.605Z] [34mprisma:query[39m COMMIT
[HTTP] [2026-06-17T11:16:45.606Z] [0mGET /api/reviews/cmqhyqpi80003mofobds2k9wn/progress [36m304[0m 738.841 ms - -[0m
[LOG] [2026-06-17T11:16:46.996Z] [34mprisma:query[39m BEGIN
[LOG] [2026-06-17T11:16:47.037Z] [34mprisma:query[39m DEALLOCATE ALL
[LOG] [2026-06-17T11:16:47.229Z] [34mprisma:query[39m SELECT "public"."reviews"."id", "public"."reviews"."status", "public"."reviews"."stage", "public"."reviews"."uxScore" FROM "public"."reviews" WHERE ("public"."reviews"."id" = $1 AND 1=1) LIMIT $2 OFFSET $3
[LOG] [2026-06-17T11:16:47.279Z] [34mprisma:query[39m COMMIT
[LOG] [2026-06-17T11:16:47.419Z] [34mprisma:query[39m BEGIN
[LOG] [2026-06-17T11:16:47.468Z] [34mprisma:query[39m DEALLOCATE ALL
[LOG] [2026-06-17T11:16:47.652Z] [34mprisma:query[39m SELECT COUNT(*) FROM (SELECT "public"."findings"."id" FROM "public"."findings" WHERE "public"."findings"."reviewId" = $1 OFFSET $2) AS "sub"
[LOG] [2026-06-17T11:16:47.652Z] [34mprisma:query[39m BEGIN
[LOG] [2026-06-17T11:16:47.693Z] [34mprisma:query[39m COMMIT
[HTTP] [2026-06-17T11:16:47.693Z] [0mGET /api/reviews/cmqhyqpi80003mofobds2k9wn/progress [36m304[0m 826.379 ms - -[0m
[LOG] [2026-06-17T11:16:47.693Z] [34mprisma:query[39m DEALLOCATE ALL
[LOG] [2026-06-17T11:16:47.893Z] [34mprisma:query[39m SELECT "public"."reviews"."id", "public"."reviews"."name", "public"."reviews"."product", "public"."reviews"."domain", "public"."reviews"."reviewType", "public"."reviews"."owner", "public"."reviews"."status", "public"."reviews"."stage", "public"."reviews"."uxScore", "public"."reviews"."criteria", "public"."reviews"."depth", "public"."reviews"."confidenceThreshold", "public"."reviews"."createdAt", "public"."reviews"."updatedAt", COALESCE("aggr_selection_0_Finding"."_aggr_count_findings", 0) AS "_aggr_count_findings" FROM "public"."reviews" LEFT JOIN (SELECT "public"."findings"."reviewId", COUNT(*) AS "_aggr_count_findings" FROM "public"."findings" WHERE 1=1 GROUP BY "public"."findings"."reviewId") AS "aggr_selection_0_Finding" ON ("public"."reviews"."id" = "aggr_selection_0_Finding"."reviewId") WHERE 1=1 ORDER BY "public"."reviews"."createdAt" DESC OFFSET $1
[LOG] [2026-06-17T11:16:47.935Z] [34mprisma:query[39m COMMIT
[HTTP] [2026-06-17T11:16:47.936Z] [0mGET /api/reviews [36m304[0m 945.025 ms - -[0m
[LOG] [2026-06-17T11:16:47.979Z] [34mprisma:query[39m BEGIN
[LOG] [2026-06-17T11:16:48.116Z] [34mprisma:query[39m DEALLOCATE ALL
[LOG] [2026-06-17T11:16:48.207Z] [34mprisma:query[39m SELECT "public"."reviews"."id", "public"."reviews"."name", "public"."reviews"."product", "public"."reviews"."domain", "public"."reviews"."reviewType", "public"."reviews"."owner", "public"."reviews"."status", "public"."reviews"."stage", "public"."reviews"."uxScore", "public"."reviews"."criteria", "public"."reviews"."depth", "public"."reviews"."confidenceThreshold", "public"."reviews"."createdAt", "public"."reviews"."updatedAt", COALESCE("aggr_selection_0_Finding"."_aggr_count_findings", 0) AS "_aggr_count_findings" FROM "public"."reviews" LEFT JOIN (SELECT "public"."findings"."reviewId", COUNT(*) AS "_aggr_count_findings" FROM "public"."findings" WHERE 1=1 GROUP BY "public"."findings"."reviewId") AS "aggr_selection_0_Finding" ON ("public"."reviews"."id" = "aggr_selection_0_Finding"."reviewId") WHERE 1=1 ORDER BY "public"."reviews"."createdAt" DESC OFFSET $1
[LOG] [2026-06-17T11:16:48.352Z] [34mprisma:query[39m COMMIT
[HTTP] [2026-06-17T11:16:48.352Z] [0mGET /api/reviews [36m304[0m 415.050 ms - -[0m
[LOG] [2026-06-17T11:16:48.918Z] [34mprisma:query[39m BEGIN
[LOG] [2026-06-17T11:16:49.077Z] [34mprisma:query[39m DEALLOCATE ALL
[LOG] [2026-06-17T11:16:49.264Z] [34mprisma:query[39m SELECT "public"."reviews"."id", "public"."reviews"."status", "public"."reviews"."stage", "public"."reviews"."uxScore" FROM "public"."reviews" WHERE ("public"."reviews"."id" = $1 AND 1=1) LIMIT $2 OFFSET $3
[LOG] [2026-06-17T11:16:49.306Z] [34mprisma:query[39m COMMIT
[LOG] [2026-06-17T11:16:49.349Z] [34mprisma:query[39m BEGIN
[LOG] [2026-06-17T11:16:49.501Z] [34mprisma:query[39m DEALLOCATE ALL
[LOG] [2026-06-17T11:16:49.585Z] [34mprisma:query[39m SELECT COUNT(*) FROM (SELECT "public"."findings"."id" FROM "public"."findings" WHERE "public"."findings"."reviewId" = $1 OFFSET $2) AS "sub"
[LOG] [2026-06-17T11:16:49.734Z] [34mprisma:query[39m COMMIT
[HTTP] [2026-06-17T11:16:49.734Z] [0mGET /api/reviews/cmqhyqpi80003mofobds2k9wn/progress [36m304[0m 865.906 ms - -[0m
[LOG] [2026-06-17T11:16:50.960Z] [34mprisma:query[39m BEGIN
[LOG] [2026-06-17T11:16:51.119Z] [34mprisma:query[39m DEALLOCATE ALL
[LOG] [2026-06-17T11:16:51.348Z] [34mprisma:query[39m SELECT "public"."reviews"."id", "public"."reviews"."status", "public"."reviews"."stage", "public"."reviews"."uxScore" FROM "public"."reviews" WHERE ("public"."reviews"."id" = $1 AND 1=1) LIMIT $2 OFFSET $3
[LOG] [2026-06-17T11:16:51.389Z] [34mprisma:query[39m COMMIT
[LOG] [2026-06-17T11:16:51.431Z] [34mprisma:query[39m BEGIN
[LOG] [2026-06-17T11:16:51.580Z] [34mprisma:query[39m DEALLOCATE ALL
[LOG] [2026-06-17T11:16:51.666Z] [34mprisma:query[39m SELECT COUNT(*) FROM (SELECT "public"."findings"."id" FROM "public"."findings" WHERE "public"."findings"."reviewId" = $1 OFFSET $2) AS "sub"
[LOG] [2026-06-17T11:16:51.816Z] [34mprisma:query[39m COMMIT
[HTTP] [2026-06-17T11:16:51.817Z] [0mGET /api/reviews/cmqhyqpi80003mofobds2k9wn/progress [36m304[0m 949.524 ms - -[0m
[LOG] [2026-06-17T11:16:53.012Z] [34mprisma:query[39m BEGIN
[LOG] [2026-06-17T11:16:53.065Z] [34mprisma:query[39m DEALLOCATE ALL
[LOG] [2026-06-17T11:16:53.265Z] [34mprisma:query[39m SELECT "public"."reviews"."id", "public"."reviews"."status", "public"."reviews"."stage", "public"."reviews"."uxScore" FROM "public"."reviews" WHERE ("public"."reviews"."id" = $1 AND 1=1) LIMIT $2 OFFSET $3
[LOG] [2026-06-17T11:16:53.307Z] [34mprisma:query[39m COMMIT
[LOG] [2026-06-17T11:16:53.365Z] [34mprisma:query[39m BEGIN
[LOG] [2026-06-17T11:16:53.429Z] [34mprisma:query[39m DEALLOCATE ALL
[LOG] [2026-06-17T11:16:53.517Z] [34mprisma:query[39m SELECT COUNT(*) FROM (SELECT "public"."findings"."id" FROM "public"."findings" WHERE "public"."findings"."reviewId" = $1 OFFSET $2) AS "sub"
[LOG] [2026-06-17T11:16:53.567Z] [34mprisma:query[39m COMMIT
[HTTP] [2026-06-17T11:16:53.568Z] [0mGET /api/reviews/cmqhyqpi80003mofobds2k9wn/progress [36m304[0m 699.946 ms - -[0m
[LOG] [2026-06-17T11:16:54.918Z] [34mprisma:query[39m BEGIN
[LOG] [2026-06-17T11:16:54.962Z] [34mprisma:query[39m DEALLOCATE ALL
[LOG] [2026-06-17T11:16:55.048Z] [34mprisma:query[39m SELECT "public"."reviews"."id", "public"."reviews"."status", "public"."reviews"."stage", "public"."reviews"."uxScore" FROM "public"."reviews" WHERE ("public"."reviews"."id" = $1 AND 1=1) LIMIT $2 OFFSET $3
[LOG] [2026-06-17T11:16:55.090Z] [34mprisma:query[39m COMMIT
[LOG] [2026-06-17T11:16:55.139Z] [34mprisma:query[39m BEGIN
[LOG] [2026-06-17T11:16:55.188Z] [34mprisma:query[39m DEALLOCATE ALL
[LOG] [2026-06-17T11:16:55.272Z] [34mprisma:query[39m SELECT COUNT(*) FROM (SELECT "public"."findings"."id" FROM "public"."findings" WHERE "public"."findings"."reviewId" = $1 OFFSET $2) AS "sub"
[LOG] [2026-06-17T11:16:55.329Z] [34mprisma:query[39m COMMIT
[HTTP] [2026-06-17T11:16:55.330Z] [0mGET /api/reviews/cmqhyqpi80003mofobds2k9wn/progress [36m304[0m 461.195 ms - -[0m
[LOG] [2026-06-17T11:16:56.910Z] [34mprisma:query[39m BEGIN
[LOG] [2026-06-17T11:16:56.956Z] [34mprisma:query[39m DEALLOCATE ALL
[LOG] [2026-06-17T11:16:57.043Z] [34mprisma:query[39m SELECT "public"."reviews"."id", "public"."reviews"."status", "public"."reviews"."stage", "public"."reviews"."uxScore" FROM "public"."reviews" WHERE ("public"."reviews"."id" = $1 AND 1=1) LIMIT $2 OFFSET $3
[LOG] [2026-06-17T11:16:57.087Z] [34mprisma:query[39m COMMIT
[LOG] [2026-06-17T11:16:57.137Z] [34mprisma:query[39m BEGIN
[LOG] [2026-06-17T11:16:57.178Z] [34mprisma:query[39m DEALLOCATE ALL
[LOG] [2026-06-17T11:16:57.264Z] [34mprisma:query[39m SELECT COUNT(*) FROM (SELECT "public"."findings"."id" FROM "public"."findings" WHERE "public"."findings"."reviewId" = $1 OFFSET $2) AS "sub"
[LOG] [2026-06-17T11:16:57.308Z] [34mprisma:query[39m COMMIT
[HTTP] [2026-06-17T11:16:57.309Z] [0mGET /api/reviews/cmqhyqpi80003mofobds2k9wn/progress [36m304[0m 441.476 ms - -[0m
[LOG] [2026-06-17T11:16:59.227Z] [34mprisma:query[39m BEGIN
[LOG] [2026-06-17T11:16:59.267Z] [34mprisma:query[39m DEALLOCATE ALL
[LOG] [2026-06-17T11:16:59.490Z] [34mprisma:query[39m SELECT "public"."reviews"."id", "public"."reviews"."status", "public"."reviews"."stage", "public"."reviews"."uxScore" FROM "public"."reviews" WHERE ("public"."reviews"."id" = $1 AND 1=1) LIMIT $2 OFFSET $3
[LOG] [2026-06-17T11:16:59.650Z] [34mprisma:query[39m COMMIT
[LOG] [2026-06-17T11:16:59.693Z] [34mprisma:query[39m BEGIN
[LOG] [2026-06-17T11:16:59.734Z] [34mprisma:query[39m DEALLOCATE ALL
[LOG] [2026-06-17T11:16:59.930Z] [34mprisma:query[39m SELECT COUNT(*) FROM (SELECT "public"."findings"."id" FROM "public"."findings" WHERE "public"."findings"."reviewId" = $1 OFFSET $2) AS "sub"
[LOG] [2026-06-17T11:16:59.972Z] [34mprisma:query[39m COMMIT
[HTTP] [2026-06-17T11:16:59.973Z] [0mGET /api/reviews/cmqhyqpi80003mofobds2k9wn/progress [36m304[0m 860.453 ms - -[0m
[LOG] [2026-06-17T11:17:01.157Z] [34mprisma:query[39m BEGIN
[LOG] [2026-06-17T11:17:01.282Z] [34mprisma:query[39m DEALLOCATE ALL
[LOG] [2026-06-17T11:17:01.381Z] [34mprisma:query[39m SELECT "public"."reviews"."id", "public"."reviews"."status", "public"."reviews"."stage", "public"."reviews"."uxScore" FROM "public"."reviews" WHERE ("public"."reviews"."id" = $1 AND 1=1) LIMIT $2 OFFSET $3
[LOG] [2026-06-17T11:17:01.564Z] [34mprisma:query[39m COMMIT
[LOG] [2026-06-17T11:17:01.610Z] [34mprisma:query[39m BEGIN
[LOG] [2026-06-17T11:17:01.756Z] [34mprisma:query[39m DEALLOCATE ALL
[LOG] [2026-06-17T11:17:01.969Z] [34mprisma:query[39m SELECT COUNT(*) FROM (SELECT "public"."findings"."id" FROM "public"."findings" WHERE "public"."findings"."reviewId" = $1 OFFSET $2) AS "sub"
[LOG] [2026-06-17T11:17:02.052Z] [34mprisma:query[39m COMMIT
[HTTP] [2026-06-17T11:17:02.052Z] [0mGET /api/reviews/cmqhyqpi80003mofobds2k9wn/progress [36m304[0m 941.588 ms - -[0m
[LOG] [2026-06-17T11:17:03.160Z] [34mprisma:query[39m SELECT 1
[LOG] [2026-06-17T11:17:03.202Z] [34mprisma:query[39m BEGIN
[LOG] [2026-06-17T11:17:03.358Z] [34mprisma:query[39m DEALLOCATE ALL
[LOG] [2026-06-17T11:17:03.460Z] [34mprisma:query[39m SELECT "public"."reviews"."id", "public"."reviews"."status", "public"."reviews"."stage", "public"."reviews"."uxScore" FROM "public"."reviews" WHERE ("public"."reviews"."id" = $1 AND 1=1) LIMIT $2 OFFSET $3
[LOG] [2026-06-17T11:17:03.586Z] [34mprisma:query[39m COMMIT
[LOG] [2026-06-17T11:17:03.635Z] [34mprisma:query[39m BEGIN
[LOG] [2026-06-17T11:17:03.678Z] [34mprisma:query[39m DEALLOCATE ALL
[LOG] [2026-06-17T11:17:03.866Z] [34mprisma:query[39m SELECT COUNT(*) FROM (SELECT "public"."findings"."id" FROM "public"."findings" WHERE "public"."findings"."reviewId" = $1 OFFSET $2) AS "sub"
[LOG] [2026-06-17T11:17:03.910Z] [34mprisma:query[39m COMMIT
[HTTP] [2026-06-17T11:17:03.910Z] [0mGET /api/reviews/cmqhyqpi80003mofobds2k9wn/progress [36m304[0m 797.857 ms - -[0m
[LOG] [2026-06-17T11:17:05.251Z] [34mprisma:query[39m BEGIN
[LOG] [2026-06-17T11:17:05.293Z] [34mprisma:query[39m DEALLOCATE ALL
[LOG] [2026-06-17T11:17:05.481Z] [34mprisma:query[39m SELECT "public"."reviews"."id", "public"."reviews"."status", "public"."reviews"."stage", "public"."reviews"."uxScore" FROM "public"."reviews" WHERE ("public"."reviews"."id" = $1 AND 1=1) LIMIT $2 OFFSET $3
[LOG] [2026-06-17T11:17:05.531Z] [34mprisma:query[39m COMMIT
[LOG] [2026-06-17T11:17:05.673Z] [34mprisma:query[39m BEGIN
[LOG] [2026-06-17T11:17:05.718Z] [34mprisma:query[39m DEALLOCATE ALL
[LOG] [2026-06-17T11:17:05.899Z] [34mprisma:query[39m SELECT COUNT(*) FROM (SELECT "public"."findings"."id" FROM "public"."findings" WHERE "public"."findings"."reviewId" = $1 OFFSET $2) AS "sub"
[LOG] [2026-06-17T11:17:05.948Z] [34mprisma:query[39m COMMIT
[HTTP] [2026-06-17T11:17:05.948Z] [0mGET /api/reviews/cmqhyqpi80003mofobds2k9wn/progress [36m304[0m 845.708 ms - -[0m
[LOG] [2026-06-17T11:17:07.148Z] [34mprisma:query[39m BEGIN
[LOG] [2026-06-17T11:17:07.190Z] [34mprisma:query[39m DEALLOCATE ALL
[LOG] [2026-06-17T11:17:07.295Z] [34mprisma:query[39m SELECT "public"."reviews"."id", "public"."reviews"."status", "public"."reviews"."stage", "public"."reviews"."uxScore" FROM "public"."reviews" WHERE ("public"."reviews"."id" = $1 AND 1=1) LIMIT $2 OFFSET $3
[LOG] [2026-06-17T11:17:07.343Z] [34mprisma:query[39m COMMIT
[LOG] [2026-06-17T11:17:07.391Z] [34mprisma:query[39m BEGIN
[LOG] [2026-06-17T11:17:07.436Z] [34mprisma:query[39m DEALLOCATE ALL
[LOG] [2026-06-17T11:17:07.538Z] [34mprisma:query[39m SELECT COUNT(*) FROM (SELECT "public"."findings"."id" FROM "public"."findings" WHERE "public"."findings"."reviewId" = $1 OFFSET $2) AS "sub"
[LOG] [2026-06-17T11:17:07.583Z] [34mprisma:query[39m COMMIT
[HTTP] [2026-06-17T11:17:07.584Z] [0mGET /api/reviews/cmqhyqpi80003mofobds2k9wn/progress [36m304[0m 479.135 ms - -[0m
[LOG] [2026-06-17T11:17:09.153Z] [34mprisma:query[39m BEGIN
[LOG] [2026-06-17T11:17:09.195Z] [34mprisma:query[39m DEALLOCATE ALL
[LOG] [2026-06-17T11:17:09.337Z] [34mprisma:query[39m SELECT "public"."reviews"."id", "public"."reviews"."status", "public"."reviews"."stage", "public"."reviews"."uxScore" FROM "public"."reviews" WHERE ("public"."reviews"."id" = $1 AND 1=1) LIMIT $2 OFFSET $3
[LOG] [2026-06-17T11:17:09.383Z] [34mprisma:query[39m COMMIT
[LOG] [2026-06-17T11:17:09.435Z] [34mprisma:query[39m BEGIN
[LOG] [2026-06-17T11:17:09.487Z] [34mprisma:query[39m DEALLOCATE ALL
[LOG] [2026-06-17T11:17:09.592Z] [34mprisma:query[39m SELECT COUNT(*) FROM (SELECT "public"."findings"."id" FROM "public"."findings" WHERE "public"."findings"."reviewId" = $1 OFFSET $2) AS "sub"
[LOG] [2026-06-17T11:17:09.634Z] [34mprisma:query[39m COMMIT
[HTTP] [2026-06-17T11:17:09.635Z] [0mGET /api/reviews/cmqhyqpi80003mofobds2k9wn/progress [36m304[0m 531.591 ms - -[0m
[LOG] [2026-06-17T11:17:11.163Z] [34mprisma:query[39m BEGIN
[LOG] [2026-06-17T11:17:11.209Z] [34mprisma:query[39m DEALLOCATE ALL
[LOG] [2026-06-17T11:17:11.312Z] [34mprisma:query[39m SELECT "public"."reviews"."id", "public"."reviews"."status", "public"."reviews"."stage", "public"."reviews"."uxScore" FROM "public"."reviews" WHERE ("public"."reviews"."id" = $1 AND 1=1) LIMIT $2 OFFSET $3
[LOG] [2026-06-17T11:17:11.368Z] [34mprisma:query[39m COMMIT
[LOG] [2026-06-17T11:17:11.783Z] [34mprisma:query[39m BEGIN
[LOG] [2026-06-17T11:17:11.826Z] [34mprisma:query[39m DEALLOCATE ALL
[LOG] [2026-06-17T11:17:11.995Z] [34mprisma:query[39m SELECT COUNT(*) FROM (SELECT "public"."findings"."id" FROM "public"."findings" WHERE "public"."findings"."reviewId" = $1 OFFSET $2) AS "sub"
[LOG] [2026-06-17T11:17:12.038Z] [34mprisma:query[39m COMMIT
[HTTP] [2026-06-17T11:17:12.038Z] [0mGET /api/reviews/cmqhyqpi80003mofobds2k9wn/progress [36m304[0m 927.448 ms - -[0m
[LOG] [2026-06-17T11:17:13.203Z] [34mprisma:query[39m BEGIN
[LOG] [2026-06-17T11:17:13.252Z] [34mprisma:query[39m DEALLOCATE ALL
[LOG] [2026-06-17T11:17:13.436Z] [34mprisma:query[39m SELECT "public"."reviews"."id", "public"."reviews"."status", "public"."reviews"."stage", "public"."reviews"."uxScore" FROM "public"."reviews" WHERE ("public"."reviews"."id" = $1 AND 1=1) LIMIT $2 OFFSET $3
[LOG] [2026-06-17T11:17:13.481Z] [34mprisma:query[39m COMMIT
[LOG] [2026-06-17T11:17:13.632Z] [34mprisma:query[39m BEGIN
[LOG] [2026-06-17T11:17:13.675Z] [34mprisma:query[39m DEALLOCATE ALL
[LOG] [2026-06-17T11:17:13.856Z] [34mprisma:query[39m SELECT COUNT(*) FROM (SELECT "public"."findings"."id" FROM "public"."findings" WHERE "public"."findings"."reviewId" = $1 OFFSET $2) AS "sub"
[LOG] [2026-06-17T11:17:13.900Z] [34mprisma:query[39m COMMIT
[HTTP] [2026-06-17T11:17:13.900Z] [0mGET /api/reviews/cmqhyqpi80003mofobds2k9wn/progress [36m304[0m 781.647 ms - -[0m
[LOG] [2026-06-17T11:17:15.242Z] [34mprisma:query[39m BEGIN
[LOG] [2026-06-17T11:17:15.297Z] [34mprisma:query[39m DEALLOCATE ALL
[LOG] [2026-06-17T11:17:15.485Z] [34mprisma:query[39m SELECT "public"."reviews"."id", "public"."reviews"."status", "public"."reviews"."stage", "public"."reviews"."uxScore" FROM "public"."reviews" WHERE ("public"."reviews"."id" = $1 AND 1=1) LIMIT $2 OFFSET $3
[LOG] [2026-06-17T11:17:15.538Z] [34mprisma:query[39m COMMIT
[LOG] [2026-06-17T11:17:15.583Z] [34mprisma:query[39m BEGIN
[LOG] [2026-06-17T11:17:15.745Z] [34mprisma:query[39m DEALLOCATE ALL
[LOG] [2026-06-17T11:17:15.935Z] [34mprisma:query[39m SELECT COUNT(*) FROM (SELECT "public"."findings"."id" FROM "public"."findings" WHERE "public"."findings"."reviewId" = $1 OFFSET $2) AS "sub"
[LOG] [2026-06-17T11:17:15.979Z] [34mprisma:query[39m COMMIT
[HTTP] [2026-06-17T11:17:15.980Z] [0mGET /api/reviews/cmqhyqpi80003mofobds2k9wn/progress [36m304[0m 865.390 ms - -[0m
[LOG] [2026-06-17T11:17:17.164Z] [34mprisma:query[39m BEGIN
[LOG] [2026-06-17T11:17:17.322Z] [34mprisma:query[39m DEALLOCATE ALL
[LOG] [2026-06-17T11:17:17.423Z] [34mprisma:query[39m SELECT "public"."reviews"."id", "public"."reviews"."status", "public"."reviews"."stage", "public"."reviews"."uxScore" FROM "public"."reviews" WHERE ("public"."reviews"."id" = $1 AND 1=1) LIMIT $2 OFFSET $3
[LOG] [2026-06-17T11:17:17.598Z] [34mprisma:query[39m COMMIT
[LOG] [2026-06-17T11:17:17.660Z] [34mprisma:query[39m BEGIN
[LOG] [2026-06-17T11:17:17.790Z] [34mprisma:query[39m DEALLOCATE ALL
[LOG] [2026-06-17T11:17:17.887Z] [34mprisma:query[39m SELECT COUNT(*) FROM (SELECT "public"."findings"."id" FROM "public"."findings" WHERE "public"."findings"."reviewId" = $1 OFFSET $2) AS "sub"
[LOG] [2026-06-17T11:17:18.015Z] [34mprisma:query[39m COMMIT
[HTTP] [2026-06-17T11:17:18.016Z] [0mGET /api/reviews/cmqhyqpi80003mofobds2k9wn/progress [36m304[0m 907.383 ms - -[0m
[LOG] [2026-06-17T11:17:19.219Z] [34mprisma:query[39m SELECT 1
[LOG] [2026-06-17T11:17:19.263Z] [34mprisma:query[39m BEGIN
[LOG] [2026-06-17T11:17:19.410Z] [34mprisma:query[39m DEALLOCATE ALL
[LOG] [2026-06-17T11:17:19.522Z] [34mprisma:query[39m SELECT "public"."reviews"."id", "public"."reviews"."status", "public"."reviews"."stage", "public"."reviews"."uxScore" FROM "public"."reviews" WHERE ("public"."reviews"."id" = $1 AND 1=1) LIMIT $2 OFFSET $3
[LOG] [2026-06-17T11:17:19.692Z] [34mprisma:query[39m COMMIT
[LOG] [2026-06-17T11:17:19.746Z] [34mprisma:query[39m BEGIN
[LOG] [2026-06-17T11:17:19.873Z] [34mprisma:query[39m DEALLOCATE ALL
[LOG] [2026-06-17T11:17:19.962Z] [34mprisma:query[39m SELECT COUNT(*) FROM (SELECT "public"."findings"."id" FROM "public"."findings" WHERE "public"."findings"."reviewId" = $1 OFFSET $2) AS "sub"
[LOG] [2026-06-17T11:17:20.012Z] [34mprisma:query[39m COMMIT
[HTTP] [2026-06-17T11:17:20.012Z] [0mGET /api/reviews/cmqhyqpi80003mofobds2k9wn/progress [36m304[0m 896.659 ms - -[0m
[LOG] [2026-06-17T11:17:21.160Z] [34mprisma:query[39m BEGIN
[LOG] [2026-06-17T11:17:21.209Z] [34mprisma:query[39m DEALLOCATE ALL
[LOG] [2026-06-17T11:17:21.303Z] [34mprisma:query[39m SELECT "public"."reviews"."id", "public"."reviews"."status", "public"."reviews"."stage", "public"."reviews"."uxScore" FROM "public"."reviews" WHERE ("public"."reviews"."id" = $1 AND 1=1) LIMIT $2 OFFSET $3
[LOG] [2026-06-17T11:17:21.350Z] [34mprisma:query[39m COMMIT
[LOG] [2026-06-17T11:17:21.408Z] [34mprisma:query[39m BEGIN
[LOG] [2026-06-17T11:17:21.456Z] [34mprisma:query[39m DEALLOCATE ALL
[LOG] [2026-06-17T11:17:21.562Z] [34mprisma:query[39m SELECT COUNT(*) FROM (SELECT "public"."findings"."id" FROM "public"."findings" WHERE "public"."findings"."reviewId" = $1 OFFSET $2) AS "sub"
[LOG] [2026-06-17T11:17:21.608Z] [34mprisma:query[39m COMMIT
[HTTP] [2026-06-17T11:17:21.608Z] [0mGET /api/reviews/cmqhyqpi80003mofobds2k9wn/progress [36m304[0m 502.116 ms - -[0m
[LOG] [2026-06-19T07:48:58.367Z] ✅ UXM Co-Pilot API running on http://localhost:4000
[HTTP] [2026-06-19T07:49:02.985Z] [0mGET / [33m404[0m 1.659 ms - 43[0m
[HTTP] [2026-06-19T07:49:03.241Z] [0mGET /favicon.ico [33m404[0m 0.810 ms - 43[0m
[LOG] [2026-06-19T07:51:02.870Z] ✅ UXM Co-Pilot API running on http://localhost:4000
[LOG] [2026-06-19T07:52:42.376Z] [34mprisma:query[39m BEGIN
[LOG] [2026-06-19T07:52:42.423Z] [34mprisma:query[39m DEALLOCATE ALL
[LOG] [2026-06-19T07:52:42.715Z] [34mprisma:query[39m BEGIN
[LOG] [2026-06-19T07:52:42.742Z] [34mprisma:query[39m BEGIN
[LOG] [2026-06-19T07:52:42.755Z] [34mprisma:query[39m SELECT "public"."findings"."id", "public"."findings"."reviewId", "public"."findings"."title", "public"."findings"."description", "public"."findings"."recommendation", "public"."findings"."severity"::text, "public"."findings"."area"::text, "public"."findings"."screen", "public"."findings"."principle", "public"."findings"."observation", "public"."findings"."why", "public"."findings"."businessImpact", "public"."findings"."a11yImpact", "public"."findings"."status"::text, "public"."findings"."confidence", "public"."findings"."notes", "public"."findings"."escalationReason", "public"."findings"."isAiGenerated", "public"."findings"."createdAt", "public"."findings"."updatedAt" FROM "public"."findings" WHERE "public"."findings"."status" <> CAST($1::text AS "public"."FindingStatus") OFFSET $2
[LOG] [2026-06-19T07:52:42.762Z] [34mprisma:query[39m DEALLOCATE ALL
[LOG] [2026-06-19T07:52:42.789Z] [34mprisma:query[39m DEALLOCATE ALL
[LOG] [2026-06-19T07:52:42.805Z] [34mprisma:query[39m COMMIT
[LOG] [2026-06-19T07:52:42.866Z] [34mprisma:query[39m SELECT "public"."reviews"."id", "public"."reviews"."name", "public"."reviews"."product", "public"."reviews"."domain", "public"."reviews"."reviewType", "public"."reviews"."owner", "public"."reviews"."status", "public"."reviews"."stage", "public"."reviews"."uxScore", "public"."reviews"."criteria", "public"."reviews"."depth", "public"."reviews"."confidenceThreshold", "public"."reviews"."createdAt", "public"."reviews"."updatedAt", COALESCE("aggr_selection_0_Finding"."_aggr_count_findings", 0) AS "_aggr_count_findings" FROM "public"."reviews" LEFT JOIN (SELECT "public"."findings"."reviewId", COUNT(*) AS "_aggr_count_findings" FROM "public"."findings" WHERE 1=1 GROUP BY "public"."findings"."reviewId") AS "aggr_selection_0_Finding" ON ("public"."reviews"."id" = "aggr_selection_0_Finding"."reviewId") WHERE 1=1 OFFSET $1
[LOG] [2026-06-19T07:52:42.889Z] [34mprisma:query[39m SELECT "public"."reviews"."id", "public"."reviews"."name", "public"."reviews"."product", "public"."reviews"."domain", "public"."reviews"."reviewType", "public"."reviews"."owner", "public"."reviews"."status", "public"."reviews"."stage", "public"."reviews"."uxScore", "public"."reviews"."criteria", "public"."reviews"."depth", "public"."reviews"."confidenceThreshold", "public"."reviews"."createdAt", "public"."reviews"."updatedAt", COALESCE("aggr_selection_0_Finding"."_aggr_count_findings", 0) AS "_aggr_count_findings" FROM "public"."reviews" LEFT JOIN (SELECT "public"."findings"."reviewId", COUNT(*) AS "_aggr_count_findings" FROM "public"."findings" WHERE 1=1 GROUP BY "public"."findings"."reviewId") AS "aggr_selection_0_Finding" ON ("public"."reviews"."id" = "aggr_selection_0_Finding"."reviewId") WHERE 1=1 ORDER BY "public"."reviews"."createdAt" DESC OFFSET $1
[LOG] [2026-06-19T07:52:42.913Z] [34mprisma:query[39m COMMIT
[HTTP] [2026-06-19T07:52:42.929Z] [0mGET /api/reviews/analytics [32m200[0m 1709.418 ms - -[0m
[LOG] [2026-06-19T07:52:42.937Z] [34mprisma:query[39m COMMIT
[HTTP] [2026-06-19T07:52:42.939Z] [0mGET /api/reviews [32m200[0m 1709.244 ms - -[0m
[LOG] [2026-06-19T07:52:42.989Z] [34mprisma:query[39m BEGIN
[LOG] [2026-06-19T07:52:42.989Z] [34mprisma:query[39m BEGIN
[LOG] [2026-06-19T07:52:42.989Z] [34mprisma:query[39m BEGIN
[LOG] [2026-06-19T07:52:43.043Z] [34mprisma:query[39m DEALLOCATE ALL
[LOG] [2026-06-19T07:52:43.043Z] [34mprisma:query[39m DEALLOCATE ALL
[LOG] [2026-06-19T07:52:43.043Z] [34mprisma:query[39m DEALLOCATE ALL
[LOG] [2026-06-19T07:52:43.137Z] [34mprisma:query[39m SELECT "public"."reviews"."id", "public"."reviews"."name", "public"."reviews"."product", "public"."reviews"."domain", "public"."reviews"."reviewType", "public"."reviews"."owner", "public"."reviews"."status", "public"."reviews"."stage", "public"."reviews"."uxScore", "public"."reviews"."criteria", "public"."reviews"."depth", "public"."reviews"."confidenceThreshold", "public"."reviews"."createdAt", "public"."reviews"."updatedAt", COALESCE("aggr_selection_0_Finding"."_aggr_count_findings", 0) AS "_aggr_count_findings" FROM "public"."reviews" LEFT JOIN (SELECT "public"."findings"."reviewId", COUNT(*) AS "_aggr_count_findings" FROM "public"."findings" WHERE 1=1 GROUP BY "public"."findings"."reviewId") AS "aggr_selection_0_Finding" ON ("public"."reviews"."id" = "aggr_selection_0_Finding"."reviewId") WHERE 1=1 OFFSET $1
[LOG] [2026-06-19T07:52:43.140Z] [34mprisma:query[39m SELECT "public"."reviews"."id", "public"."reviews"."name", "public"."reviews"."product", "public"."reviews"."domain", "public"."reviews"."reviewType", "public"."reviews"."owner", "public"."reviews"."status", "public"."reviews"."stage", "public"."reviews"."uxScore", "public"."reviews"."criteria", "public"."reviews"."depth", "public"."reviews"."confidenceThreshold", "public"."reviews"."createdAt", "public"."reviews"."updatedAt", COALESCE("aggr_selection_0_Finding"."_aggr_count_findings", 0) AS "_aggr_count_findings" FROM "public"."reviews" LEFT JOIN (SELECT "public"."findings"."reviewId", COUNT(*) AS "_aggr_count_findings" FROM "public"."findings" WHERE 1=1 GROUP BY "public"."findings"."reviewId") AS "aggr_selection_0_Finding" ON ("public"."reviews"."id" = "aggr_selection_0_Finding"."reviewId") WHERE 1=1 ORDER BY "public"."reviews"."createdAt" DESC OFFSET $1
[LOG] [2026-06-19T07:52:43.157Z] [34mprisma:query[39m SELECT "public"."findings"."id", "public"."findings"."reviewId", "public"."findings"."title", "public"."findings"."description", "public"."findings"."recommendation", "public"."findings"."severity"::text, "public"."findings"."area"::text, "public"."findings"."screen", "public"."findings"."principle", "public"."findings"."observation", "public"."findings"."why", "public"."findings"."businessImpact", "public"."findings"."a11yImpact", "public"."findings"."status"::text, "public"."findings"."confidence", "public"."findings"."notes", "public"."findings"."escalationReason", "public"."findings"."isAiGenerated", "public"."findings"."createdAt", "public"."findings"."updatedAt" FROM "public"."findings" WHERE "public"."findings"."status" <> CAST($1::text AS "public"."FindingStatus") OFFSET $2
[LOG] [2026-06-19T07:52:43.186Z] [34mprisma:query[39m COMMIT
[LOG] [2026-06-19T07:52:43.188Z] [34mprisma:query[39m COMMIT
[HTTP] [2026-06-19T07:52:43.190Z] [0mGET /api/reviews [36m304[0m 248.388 ms - -[0m
[LOG] [2026-06-19T07:52:43.204Z] [34mprisma:query[39m COMMIT
[HTTP] [2026-06-19T07:52:43.209Z] [0mGET /api/reviews/analytics [36m304[0m 277.552 ms - -[0m
[LOG] [2026-06-19T07:53:56.180Z] [34mprisma:query[39m SELECT 1
[LOG] [2026-06-19T07:53:56.227Z] [34mprisma:query[39m BEGIN
[LOG] [2026-06-19T07:53:56.273Z] [34mprisma:query[39m DEALLOCATE ALL
[LOG] [2026-06-19T07:53:56.373Z] [34mprisma:query[39m INSERT INTO "public"."reviews" ("id","name","product","domain","reviewType","owner","status","criteria","depth","confidenceThreshold","createdAt","updatedAt") VALUES ($1,$2,$3,$4,$5,$6,$7,$8,$9,$10,$11,$12) RETURNING "public"."reviews"."id", "public"."reviews"."name", "public"."reviews"."product", "public"."reviews"."domain", "public"."reviews"."reviewType", "public"."reviews"."owner", "public"."reviews"."status", "public"."reviews"."stage", "public"."reviews"."uxScore", "public"."reviews"."criteria", "public"."reviews"."depth", "public"."reviews"."confidenceThreshold", "public"."reviews"."createdAt", "public"."reviews"."updatedAt"
[LOG] [2026-06-19T07:53:56.424Z] [34mprisma:query[39m COMMIT
[HTTP] [2026-06-19T07:53:56.425Z] [0mPOST /api/reviews [32m201[0m 296.186 ms - 413[0m
[LOG] [2026-06-19T07:53:56.490Z] [34mprisma:query[39m BEGIN
[LOG] [2026-06-19T07:53:56.536Z] [34mprisma:query[39m DEALLOCATE ALL
[LOG] [2026-06-19T07:53:56.629Z] [34mprisma:query[39m SELECT "public"."reviews"."id", "public"."reviews"."name", "public"."reviews"."product", "public"."reviews"."domain", "public"."reviews"."reviewType", "public"."reviews"."owner", "public"."reviews"."status", "public"."reviews"."stage", "public"."reviews"."uxScore", "public"."reviews"."criteria", "public"."reviews"."depth", "public"."reviews"."confidenceThreshold", "public"."reviews"."createdAt", "public"."reviews"."updatedAt" FROM "public"."reviews" WHERE ("public"."reviews"."id" = $1 AND 1=1) LIMIT $2 OFFSET $3
[LOG] [2026-06-19T07:53:56.728Z] [34mprisma:query[39m SELECT "public"."findings"."id", "public"."findings"."reviewId", "public"."findings"."title", "public"."findings"."description", "public"."findings"."recommendation", "public"."findings"."severity"::text, "public"."findings"."area"::text, "public"."findings"."screen", "public"."findings"."principle", "public"."findings"."observation", "public"."findings"."why", "public"."findings"."businessImpact", "public"."findings"."a11yImpact", "public"."findings"."status"::text, "public"."findings"."confidence", "public"."findings"."notes", "public"."findings"."escalationReason", "public"."findings"."isAiGenerated", "public"."findings"."createdAt", "public"."findings"."updatedAt" FROM "public"."findings" WHERE "public"."findings"."reviewId" IN ($1) OFFSET $2
[LOG] [2026-06-19T07:53:56.824Z] [34mprisma:query[39m SELECT "public"."assets"."id", "public"."assets"."reviewId", "public"."assets"."name", "public"."assets"."mimeType", "public"."assets"."base64Data", "public"."assets"."contentText", "public"."assets"."sizeBytes", "public"."assets"."createdAt" FROM "public"."assets" WHERE "public"."assets"."reviewId" IN ($1) OFFSET $2
[LOG] [2026-06-19T07:53:56.921Z] [34mprisma:query[39m SELECT "public"."reports"."id", "public"."reports"."reviewId", "public"."reports"."name", "public"."reports"."template", "public"."reports"."executiveSummary", "public"."reports"."contentMd", "public"."reports"."status", "public"."reports"."createdBy", "public"."reports"."createdAt", "public"."reports"."updatedAt" FROM "public"."reports" WHERE "public"."reports"."reviewId" IN ($1) ORDER BY "public"."reports"."createdAt" DESC OFFSET $2
[LOG] [2026-06-19T07:53:56.968Z] [34mprisma:query[39m COMMIT
[LOG] [2026-06-19T07:53:57.020Z] [34mprisma:query[39m BEGIN
[LOG] [2026-06-19T07:53:57.066Z] [34mprisma:query[39m DEALLOCATE ALL
[LOG] [2026-06-19T07:53:57.625Z] [34mprisma:query[39m INSERT INTO "public"."assets" ("id","reviewId","name","mimeType","base64Data","contentText","sizeBytes","createdAt") VALUES ($1,$2,$3,$4,$5,$6,$7,$8) RETURNING "public"."assets"."id", "public"."assets"."reviewId", "public"."assets"."name", "public"."assets"."mimeType", "public"."assets"."base64Data", "public"."assets"."contentText", "public"."assets"."sizeBytes", "public"."assets"."createdAt"
[LOG] [2026-06-19T07:53:57.671Z] [34mprisma:query[39m COMMIT
[HTTP] [2026-06-19T07:53:57.685Z] [0mPOST /api/reviews/cmqkmu85x0000gszuy607wwug/assets [32m201[0m 1236.672 ms - -[0m
[LOG] [2026-06-19T07:53:57.739Z] [34mprisma:query[39m BEGIN
[LOG] [2026-06-19T07:53:57.785Z] [34mprisma:query[39m DEALLOCATE ALL
[LOG] [2026-06-19T07:53:57.880Z] [34mprisma:query[39m SELECT "public"."reviews"."id", "public"."reviews"."name", "public"."reviews"."product", "public"."reviews"."domain", "public"."reviews"."reviewType", "public"."reviews"."owner", "public"."reviews"."status", "public"."reviews"."stage", "public"."reviews"."uxScore", "public"."reviews"."criteria", "public"."reviews"."depth", "public"."reviews"."confidenceThreshold", "public"."reviews"."createdAt", "public"."reviews"."updatedAt" FROM "public"."reviews" WHERE ("public"."reviews"."id" = $1 AND 1=1) LIMIT $2 OFFSET $3
[LOG] [2026-06-19T07:53:57.974Z] [34mprisma:query[39m SELECT "public"."findings"."id", "public"."findings"."reviewId", "public"."findings"."title", "public"."findings"."description", "public"."findings"."recommendation", "public"."findings"."severity"::text, "public"."findings"."area"::text, "public"."findings"."screen", "public"."findings"."principle", "public"."findings"."observation", "public"."findings"."why", "public"."findings"."businessImpact", "public"."findings"."a11yImpact", "public"."findings"."status"::text, "public"."findings"."confidence", "public"."findings"."notes", "public"."findings"."escalationReason", "public"."findings"."isAiGenerated", "public"."findings"."createdAt", "public"."findings"."updatedAt" FROM "public"."findings" WHERE "public"."findings"."reviewId" IN ($1) OFFSET $2
[LOG] [2026-06-19T07:53:58.086Z] [34mprisma:query[39m SELECT "public"."assets"."id", "public"."assets"."reviewId", "public"."assets"."name", "public"."assets"."mimeType", "public"."assets"."base64Data", "public"."assets"."contentText", "public"."assets"."sizeBytes", "public"."assets"."createdAt" FROM "public"."assets" WHERE "public"."assets"."reviewId" IN ($1) OFFSET $2
[LOG] [2026-06-19T07:53:58.180Z] [34mprisma:query[39m SELECT "public"."reports"."id", "public"."reports"."reviewId", "public"."reports"."name", "public"."reports"."template", "public"."reports"."executiveSummary", "public"."reports"."contentMd", "public"."reports"."status", "public"."reports"."createdBy", "public"."reports"."createdAt", "public"."reports"."updatedAt" FROM "public"."reports" WHERE "public"."reports"."reviewId" IN ($1) ORDER BY "public"."reports"."createdAt" DESC OFFSET $2
[LOG] [2026-06-19T07:53:58.229Z] [34mprisma:query[39m COMMIT
[LOG] [2026-06-19T07:53:58.281Z] [34mprisma:query[39m BEGIN
[LOG] [2026-06-19T07:53:58.326Z] [34mprisma:query[39m DEALLOCATE ALL
[LOG] [2026-06-19T07:53:58.424Z] [34mprisma:query[39m UPDATE "public"."reviews" SET "status" = $1, "stage" = $2, "updatedAt" = $3 WHERE ("public"."reviews"."id" = $4 AND 1=1) RETURNING "public"."reviews"."id", "public"."reviews"."name", "public"."reviews"."product", "public"."reviews"."domain", "public"."reviews"."reviewType", "public"."reviews"."owner", "public"."reviews"."status", "public"."reviews"."stage", "public"."reviews"."uxScore", "public"."reviews"."criteria", "public"."reviews"."depth", "public"."reviews"."confidenceThreshold", "public"."reviews"."createdAt", "public"."reviews"."updatedAt"
[LOG] [2026-06-19T07:53:58.474Z] [34mprisma:query[39m COMMIT
[HTTP] [2026-06-19T07:53:58.475Z] [0mPOST /api/reviews/cmqkmu85x0000gszuy607wwug/start [32m200[0m 784.069 ms - 40[0m
[LOG] [2026-06-19T07:54:01.988Z] [34mprisma:query[39m BEGIN
[LOG] [2026-06-19T07:54:01.995Z] [34mprisma:query[39m SELECT 1
[LOG] [2026-06-19T07:54:02.036Z] [34mprisma:query[39m DEALLOCATE ALL
[LOG] [2026-06-19T07:54:02.044Z] [34mprisma:query[39m BEGIN
[LOG] [2026-06-19T07:54:02.091Z] [34mprisma:query[39m DEALLOCATE ALL
[LOG] [2026-06-19T07:54:02.130Z] [34mprisma:query[39m SELECT "public"."reviews"."id", "public"."reviews"."name", "public"."reviews"."product", "public"."reviews"."domain", "public"."reviews"."reviewType", "public"."reviews"."owner", "public"."reviews"."status", "public"."reviews"."stage", "public"."reviews"."uxScore", "public"."reviews"."criteria", "public"."reviews"."depth", "public"."reviews"."confidenceThreshold", "public"."reviews"."createdAt", "public"."reviews"."updatedAt" FROM "public"."reviews" WHERE ("public"."reviews"."id" = $1 AND 1=1) LIMIT $2 OFFSET $3
[LOG] [2026-06-19T07:54:02.258Z] [34mprisma:query[39m COMMIT
[LOG] [2026-06-19T07:54:02.258Z] [34mprisma:query[39m SELECT "public"."reviews"."id", "public"."reviews"."status", "public"."reviews"."stage", "public"."reviews"."uxScore" FROM "public"."reviews" WHERE ("public"."reviews"."id" = $1 AND 1=1) LIMIT $2 OFFSET $3
[LOG] [2026-06-19T07:54:02.309Z] [34mprisma:query[39m COMMIT
[LOG] [2026-06-19T07:54:02.310Z] [34mprisma:query[39m BEGIN
[LOG] [2026-06-19T07:54:02.355Z] [34mprisma:query[39m DEALLOCATE ALL
[LOG] [2026-06-19T07:54:02.358Z] [34mprisma:query[39m BEGIN
[LOG] [2026-06-19T07:54:02.405Z] [34mprisma:query[39m DEALLOCATE ALL
[LOG] [2026-06-19T07:54:02.508Z] [34mprisma:query[39m SELECT COUNT(*) FROM (SELECT "public"."findings"."id" FROM "public"."findings" WHERE "public"."findings"."reviewId" = $1 OFFSET $2) AS "sub"
[LOG] [2026-06-19T07:54:02.605Z] [34mprisma:query[39m COMMIT
[HTTP] [2026-06-19T07:54:02.607Z] [0mGET /api/reviews/cmqkmu85x0000gszuy607wwug/progress [32m200[0m 659.690 ms - 105[0m
[LOG] [2026-06-19T07:54:02.656Z] [34mprisma:query[39m BEGIN
[LOG] [2026-06-19T07:54:02.706Z] [34mprisma:query[39m DEALLOCATE ALL
[LOG] [2026-06-19T07:54:02.853Z] [34mprisma:query[39m SELECT "public"."reviews"."id", "public"."reviews"."status", "public"."reviews"."stage", "public"."reviews"."uxScore" FROM "public"."reviews" WHERE ("public"."reviews"."id" = $1 AND 1=1) LIMIT $2 OFFSET $3
[LOG] [2026-06-19T07:54:02.914Z] [34mprisma:query[39m SELECT "public"."assets"."id", "public"."assets"."reviewId", "public"."assets"."name", "public"."assets"."mimeType", "public"."assets"."base64Data", "public"."assets"."contentText", "public"."assets"."sizeBytes", "public"."assets"."createdAt" FROM "public"."assets" WHERE "public"."assets"."reviewId" = $1 OFFSET $2
[LOG] [2026-06-19T07:54:02.914Z] [34mprisma:query[39m COMMIT
[LOG] [2026-06-19T07:54:02.963Z] [34mprisma:query[39m COMMIT
[LOG] [2026-06-19T07:54:02.965Z] [34mprisma:query[39m BEGIN
[LOG] [2026-06-19T07:54:03.018Z] [34mprisma:query[39m DEALLOCATE ALL
[LOG] [2026-06-19T07:54:03.019Z] [34mprisma:query[39m BEGIN
[LOG] [2026-06-19T07:54:03.101Z] [34mprisma:query[39m DEALLOCATE ALL
[LOG] [2026-06-19T07:54:03.150Z] [34mprisma:query[39m SELECT COUNT(*) FROM (SELECT "public"."findings"."id" FROM "public"."findings" WHERE "public"."findings"."reviewId" = $1 OFFSET $2) AS "sub"
[LOG] [2026-06-19T07:54:03.210Z] [34mprisma:query[39m UPDATE "public"."reviews" SET "stage" = $1, "updatedAt" = $2 WHERE ("public"."reviews"."id" = $3 AND 1=1) RETURNING "public"."reviews"."id", "public"."reviews"."name", "public"."reviews"."product", "public"."reviews"."domain", "public"."reviews"."reviewType", "public"."reviews"."owner", "public"."reviews"."status", "public"."reviews"."stage", "public"."reviews"."uxScore", "public"."reviews"."criteria", "public"."reviews"."depth", "public"."reviews"."confidenceThreshold", "public"."reviews"."createdAt", "public"."reviews"."updatedAt"
[LOG] [2026-06-19T07:54:03.210Z] [34mprisma:query[39m COMMIT
[HTTP] [2026-06-19T07:54:03.211Z] [0mGET /api/reviews/cmqkmu85x0000gszuy607wwug/progress [36m304[0m 602.706 ms - -[0m
[LOG] [2026-06-19T07:54:03.257Z] [34mprisma:query[39m COMMIT
[LOG] [2026-06-19T07:54:04.526Z] [34mprisma:query[39m BEGIN
[LOG] [2026-06-19T07:54:04.592Z] [34mprisma:query[39m DEALLOCATE ALL
[LOG] [2026-06-19T07:54:04.688Z] [34mprisma:query[39m SELECT "public"."reviews"."id", "public"."reviews"."status", "public"."reviews"."stage", "public"."reviews"."uxScore" FROM "public"."reviews" WHERE ("public"."reviews"."id" = $1 AND 1=1) LIMIT $2 OFFSET $3
[LOG] [2026-06-19T07:54:04.734Z] [34mprisma:query[39m COMMIT
[LOG] [2026-06-19T07:54:04.784Z] [34mprisma:query[39m BEGIN
[LOG] [2026-06-19T07:54:04.830Z] [34mprisma:query[39m DEALLOCATE ALL
[LOG] [2026-06-19T07:54:04.936Z] [34mprisma:query[39m SELECT COUNT(*) FROM (SELECT "public"."findings"."id" FROM "public"."findings" WHERE "public"."findings"."reviewId" = $1 OFFSET $2) AS "sub"
[LOG] [2026-06-19T07:54:04.983Z] [34mprisma:query[39m COMMIT
[HTTP] [2026-06-19T07:54:04.984Z] [0mGET /api/reviews/cmqkmu85x0000gszuy607wwug/progress [36m304[0m 504.076 ms - -[0m
[LOG] [2026-06-19T07:54:06.527Z] [34mprisma:query[39m BEGIN
[LOG] [2026-06-19T07:54:06.572Z] [34mprisma:query[39m DEALLOCATE ALL
[LOG] [2026-06-19T07:54:06.693Z] [34mprisma:query[39m SELECT "public"."reviews"."id", "public"."reviews"."status", "public"."reviews"."stage", "public"."reviews"."uxScore" FROM "public"."reviews" WHERE ("public"."reviews"."id" = $1 AND 1=1) LIMIT $2 OFFSET $3
[LOG] [2026-06-19T07:54:06.741Z] [34mprisma:query[39m COMMIT
[LOG] [2026-06-19T07:54:06.789Z] [34mprisma:query[39m BEGIN
[LOG] [2026-06-19T07:54:06.846Z] [34mprisma:query[39m DEALLOCATE ALL
[LOG] [2026-06-19T07:54:06.941Z] [34mprisma:query[39m SELECT COUNT(*) FROM (SELECT "public"."findings"."id" FROM "public"."findings" WHERE "public"."findings"."reviewId" = $1 OFFSET $2) AS "sub"
[LOG] [2026-06-19T07:54:06.987Z] [34mprisma:query[39m COMMIT
[HTTP] [2026-06-19T07:54:06.989Z] [0mGET /api/reviews/cmqkmu85x0000gszuy607wwug/progress [36m304[0m 509.212 ms - -[0m
[LOG] [2026-06-19T07:54:08.529Z] [34mprisma:query[39m BEGIN
[LOG] [2026-06-19T07:54:08.577Z] [34mprisma:query[39m DEALLOCATE ALL
[LOG] [2026-06-19T07:54:08.671Z] [34mprisma:query[39m SELECT "public"."reviews"."id", "public"."reviews"."status", "public"."reviews"."stage", "public"."reviews"."uxScore" FROM "public"."reviews" WHERE ("public"."reviews"."id" = $1 AND 1=1) LIMIT $2 OFFSET $3
[LOG] [2026-06-19T07:54:08.724Z] [34mprisma:query[39m COMMIT
[LOG] [2026-06-19T07:54:08.772Z] [34mprisma:query[39m BEGIN
[LOG] [2026-06-19T07:54:08.819Z] [34mprisma:query[39m DEALLOCATE ALL
[LOG] [2026-06-19T07:54:08.913Z] [34mprisma:query[39m SELECT COUNT(*) FROM (SELECT "public"."findings"."id" FROM "public"."findings" WHERE "public"."findings"."reviewId" = $1 OFFSET $2) AS "sub"
[LOG] [2026-06-19T07:54:08.963Z] [34mprisma:query[39m COMMIT
[HTTP] [2026-06-19T07:54:08.964Z] [0mGET /api/reviews/cmqkmu85x0000gszuy607wwug/progress [36m304[0m 483.722 ms - -[0m
[LOG] [2026-06-19T07:54:10.526Z] [34mprisma:query[39m BEGIN
[LOG] [2026-06-19T07:54:10.574Z] [34mprisma:query[39m DEALLOCATE ALL
[LOG] [2026-06-19T07:54:10.667Z] [34mprisma:query[39m SELECT "public"."reviews"."id", "public"."reviews"."status", "public"."reviews"."stage", "public"."reviews"."uxScore" FROM "public"."reviews" WHERE ("public"."reviews"."id" = $1 AND 1=1) LIMIT $2 OFFSET $3
[LOG] [2026-06-19T07:54:10.715Z] [34mprisma:query[39m COMMIT
[LOG] [2026-06-19T07:54:10.763Z] [34mprisma:query[39m BEGIN
[LOG] [2026-06-19T07:54:10.809Z] [34mprisma:query[39m DEALLOCATE ALL
[LOG] [2026-06-19T07:54:10.856Z] [34mprisma:query[39m BEGIN
[LOG] [2026-06-19T07:54:10.903Z] [34mprisma:query[39m SELECT COUNT(*) FROM (SELECT "public"."findings"."id" FROM "public"."findings" WHERE "public"."findings"."reviewId" = $1 OFFSET $2) AS "sub"
[LOG] [2026-06-19T07:54:10.904Z] [34mprisma:query[39m DEALLOCATE ALL
[LOG] [2026-06-19T07:54:10.950Z] [34mprisma:query[39m COMMIT
[HTTP] [2026-06-19T07:54:10.950Z] [0mGET /api/reviews/cmqkmu85x0000gszuy607wwug/progress [36m304[0m 471.452 ms - -[0m
[LOG] [2026-06-19T07:54:11.015Z] [34mprisma:query[39m UPDATE "public"."reviews" SET "stage" = $1, "updatedAt" = $2 WHERE ("public"."reviews"."id" = $3 AND 1=1) RETURNING "public"."reviews"."id", "public"."reviews"."name", "public"."reviews"."product", "public"."reviews"."domain", "public"."reviews"."reviewType", "public"."reviews"."owner", "public"."reviews"."status", "public"."reviews"."stage", "public"."reviews"."uxScore", "public"."reviews"."criteria", "public"."reviews"."depth", "public"."reviews"."confidenceThreshold", "public"."reviews"."createdAt", "public"."reviews"."updatedAt"
[LOG] [2026-06-19T07:54:11.063Z] [34mprisma:query[39m COMMIT
[LOG] [2026-06-19T07:54:12.527Z] [34mprisma:query[39m BEGIN
[LOG] [2026-06-19T07:54:12.576Z] [34mprisma:query[39m DEALLOCATE ALL
[LOG] [2026-06-19T07:54:12.683Z] [34mprisma:query[39m SELECT "public"."reviews"."id", "public"."reviews"."status", "public"."reviews"."stage", "public"."reviews"."uxScore" FROM "public"."reviews" WHERE ("public"."reviews"."id" = $1 AND 1=1) LIMIT $2 OFFSET $3
[LOG] [2026-06-19T07:54:12.729Z] [34mprisma:query[39m COMMIT
[LOG] [2026-06-19T07:54:12.777Z] [34mprisma:query[39m BEGIN
[LOG] [2026-06-19T07:54:12.825Z] [34mprisma:query[39m DEALLOCATE ALL
[LOG] [2026-06-19T07:54:12.923Z] [34mprisma:query[39m SELECT COUNT(*) FROM (SELECT "public"."findings"."id" FROM "public"."findings" WHERE "public"."findings"."reviewId" = $1 OFFSET $2) AS "sub"
[LOG] [2026-06-19T07:54:12.975Z] [34mprisma:query[39m COMMIT
[HTTP] [2026-06-19T07:54:12.976Z] [0mGET /api/reviews/cmqkmu85x0000gszuy607wwug/progress [32m200[0m 497.022 ms - 108[0m
[LOG] [2026-06-19T07:54:14.529Z] [34mprisma:query[39m BEGIN
[LOG] [2026-06-19T07:54:14.576Z] [34mprisma:query[39m DEALLOCATE ALL
[LOG] [2026-06-19T07:54:14.698Z] [34mprisma:query[39m SELECT "public"."reviews"."id", "public"."reviews"."status", "public"."reviews"."stage", "public"."reviews"."uxScore" FROM "public"."reviews" WHERE ("public"."reviews"."id" = $1 AND 1=1) LIMIT $2 OFFSET $3
[LOG] [2026-06-19T07:54:14.745Z] [34mprisma:query[39m COMMIT
[LOG] [2026-06-19T07:54:14.793Z] [34mprisma:query[39m BEGIN
[LOG] [2026-06-19T07:54:14.841Z] [34mprisma:query[39m DEALLOCATE ALL
[LOG] [2026-06-19T07:54:14.962Z] [34mprisma:query[39m SELECT COUNT(*) FROM (SELECT "public"."findings"."id" FROM "public"."findings" WHERE "public"."findings"."reviewId" = $1 OFFSET $2) AS "sub"
[LOG] [2026-06-19T07:54:15.010Z] [34mprisma:query[39m COMMIT
[HTTP] [2026-06-19T07:54:15.010Z] [0mGET /api/reviews/cmqkmu85x0000gszuy607wwug/progress [36m304[0m 529.511 ms - -[0m
[LOG] [2026-06-19T07:54:16.529Z] [34mprisma:query[39m BEGIN
[LOG] [2026-06-19T07:54:16.588Z] [34mprisma:query[39m DEALLOCATE ALL
[LOG] [2026-06-19T07:54:16.690Z] [34mprisma:query[39m SELECT "public"."reviews"."id", "public"."reviews"."status", "public"."reviews"."stage", "public"."reviews"."uxScore" FROM "public"."reviews" WHERE ("public"."reviews"."id" = $1 AND 1=1) LIMIT $2 OFFSET $3
[LOG] [2026-06-19T07:54:16.738Z] [34mprisma:query[39m COMMIT
[LOG] [2026-06-19T07:54:16.786Z] [34mprisma:query[39m BEGIN
[LOG] [2026-06-19T07:54:16.833Z] [34mprisma:query[39m DEALLOCATE ALL
[LOG] [2026-06-19T07:54:16.929Z] [34mprisma:query[39m SELECT COUNT(*) FROM (SELECT "public"."findings"."id" FROM "public"."findings" WHERE "public"."findings"."reviewId" = $1 OFFSET $2) AS "sub"
[LOG] [2026-06-19T07:54:16.976Z] [34mprisma:query[39m COMMIT
[HTTP] [2026-06-19T07:54:16.977Z] [0mGET /api/reviews/cmqkmu85x0000gszuy607wwug/progress [36m304[0m 496.895 ms - -[0m
[LOG] [2026-06-19T07:54:18.530Z] [34mprisma:query[39m SELECT 1
[LOG] [2026-06-19T07:54:18.575Z] [34mprisma:query[39m BEGIN
[LOG] [2026-06-19T07:54:18.624Z] [34mprisma:query[39m DEALLOCATE ALL
[LOG] [2026-06-19T07:54:18.723Z] [34mprisma:query[39m SELECT "public"."reviews"."id", "public"."reviews"."status", "public"."reviews"."stage", "public"."reviews"."uxScore" FROM "public"."reviews" WHERE ("public"."reviews"."id" = $1 AND 1=1) LIMIT $2 OFFSET $3
[LOG] [2026-06-19T07:54:18.772Z] [34mprisma:query[39m COMMIT
[LOG] [2026-06-19T07:54:18.820Z] [34mprisma:query[39m BEGIN
[LOG] [2026-06-19T07:54:18.868Z] [34mprisma:query[39m DEALLOCATE ALL
[LOG] [2026-06-19T07:54:18.962Z] [34mprisma:query[39m SELECT COUNT(*) FROM (SELECT "public"."findings"."id" FROM "public"."findings" WHERE "public"."findings"."reviewId" = $1 OFFSET $2) AS "sub"
[LOG] [2026-06-19T07:54:19.010Z] [34mprisma:query[39m COMMIT
[HTTP] [2026-06-19T07:54:19.010Z] [0mGET /api/reviews/cmqkmu85x0000gszuy607wwug/progress [36m304[0m 530.933 ms - -[0m
[LOG] [2026-06-19T07:54:20.530Z] [34mprisma:query[39m BEGIN
[LOG] [2026-06-19T07:54:20.832Z] [34mprisma:query[39m DEALLOCATE ALL
[LOG] [2026-06-19T07:54:20.942Z] [34mprisma:query[39m SELECT "public"."reviews"."id", "public"."reviews"."status", "public"."reviews"."stage", "public"."reviews"."uxScore" FROM "public"."reviews" WHERE ("public"."reviews"."id" = $1 AND 1=1) LIMIT $2 OFFSET $3
[LOG] [2026-06-19T07:54:21.009Z] [34mprisma:query[39m COMMIT
[LOG] [2026-06-19T07:54:21.058Z] [34mprisma:query[39m BEGIN
[LOG] [2026-06-19T07:54:21.105Z] [34mprisma:query[39m DEALLOCATE ALL
[LOG] [2026-06-19T07:54:21.199Z] [34mprisma:query[39m SELECT COUNT(*) FROM (SELECT "public"."findings"."id" FROM "public"."findings" WHERE "public"."findings"."reviewId" = $1 OFFSET $2) AS "sub"
[LOG] [2026-06-19T07:54:21.252Z] [34mprisma:query[39m COMMIT
[HTTP] [2026-06-19T07:54:21.255Z] [0mGET /api/reviews/cmqkmu85x0000gszuy607wwug/progress [36m304[0m 771.295 ms - -[0m
[LOG] [2026-06-19T07:54:22.527Z] [34mprisma:query[39m BEGIN
[LOG] [2026-06-19T07:54:22.581Z] [34mprisma:query[39m DEALLOCATE ALL
[LOG] [2026-06-19T07:54:22.675Z] [34mprisma:query[39m SELECT "public"."reviews"."id", "public"."reviews"."status", "public"."reviews"."stage", "public"."reviews"."uxScore" FROM "public"."reviews" WHERE ("public"."reviews"."id" = $1 AND 1=1) LIMIT $2 OFFSET $3
[LOG] [2026-06-19T07:54:22.725Z] [34mprisma:query[39m COMMIT
[LOG] [2026-06-19T07:54:22.782Z] [34mprisma:query[39m BEGIN
[LOG] [2026-06-19T07:54:22.831Z] [34mprisma:query[39m DEALLOCATE ALL
[LOG] [2026-06-19T07:54:22.926Z] [34mprisma:query[39m SELECT COUNT(*) FROM (SELECT "public"."findings"."id" FROM "public"."findings" WHERE "public"."findings"."reviewId" = $1 OFFSET $2) AS "sub"
[LOG] [2026-06-19T07:54:22.975Z] [34mprisma:query[39m COMMIT
[HTTP] [2026-06-19T07:54:22.977Z] [0mGET /api/reviews/cmqkmu85x0000gszuy607wwug/progress [36m304[0m 496.658 ms - -[0m
[LOG] [2026-06-19T07:54:24.606Z] [34mprisma:query[39m BEGIN
[LOG] [2026-06-19T07:54:24.664Z] [34mprisma:query[39m DEALLOCATE ALL
[LOG] [2026-06-19T07:54:24.883Z] [34mprisma:query[39m SELECT "public"."reviews"."id", "public"."reviews"."status", "public"."reviews"."stage", "public"."reviews"."uxScore" FROM "public"."reviews" WHERE ("public"."reviews"."id" = $1 AND 1=1) LIMIT $2 OFFSET $3
[LOG] [2026-06-19T07:54:25.011Z] [34mprisma:query[39m COMMIT
[LOG] [2026-06-19T07:54:25.058Z] [34mprisma:query[39m BEGIN
[LOG] [2026-06-19T07:54:25.106Z] [34mprisma:query[39m DEALLOCATE ALL
[LOG] [2026-06-19T07:54:25.212Z] [34mprisma:query[39m SELECT COUNT(*) FROM (SELECT "public"."findings"."id" FROM "public"."findings" WHERE "public"."findings"."reviewId" = $1 OFFSET $2) AS "sub"
[LOG] [2026-06-19T07:54:25.262Z] [34mprisma:query[39m COMMIT
[HTTP] [2026-06-19T07:54:25.262Z] [0mGET /api/reviews/cmqkmu85x0000gszuy607wwug/progress [36m304[0m 783.571 ms - -[0m
[LOG] [2026-06-19T07:54:26.567Z] [34mprisma:query[39m BEGIN
[LOG] [2026-06-19T07:54:26.685Z] [34mprisma:query[39m DEALLOCATE ALL
[LOG] [2026-06-19T07:54:26.810Z] [34mprisma:query[39m SELECT "public"."reviews"."id", "public"."reviews"."status", "public"."reviews"."stage", "public"."reviews"."uxScore" FROM "public"."reviews" WHERE ("public"."reviews"."id" = $1 AND 1=1) LIMIT $2 OFFSET $3
[LOG] [2026-06-19T07:54:27.096Z] [34mprisma:query[39m COMMIT
[LOG] [2026-06-19T07:54:27.188Z] [34mprisma:query[39m BEGIN
[LOG] [2026-06-19T07:54:27.241Z] [34mprisma:query[39m DEALLOCATE ALL
[LOG] [2026-06-19T07:54:27.386Z] [34mprisma:query[39m SELECT COUNT(*) FROM (SELECT "public"."findings"."id" FROM "public"."findings" WHERE "public"."findings"."reviewId" = $1 OFFSET $2) AS "sub"
[LOG] [2026-06-19T07:54:27.446Z] [34mprisma:query[39m COMMIT
[HTTP] [2026-06-19T07:54:27.446Z] [0mGET /api/reviews/cmqkmu85x0000gszuy607wwug/progress [36m304[0m 964.670 ms - -[0m
[LOG] [2026-06-19T07:54:27.653Z] [34mprisma:query[39m BEGIN
[LOG] [2026-06-19T07:54:27.705Z] [34mprisma:query[39m DEALLOCATE ALL
[LOG] [2026-06-19T07:54:27.842Z] [34mprisma:query[39m INSERT INTO "public"."findings" ("id","reviewId","title","description","recommendation","severity","area","screen","principle","observation","why","businessImpact","a11yImpact","status","confidence","isAiGenerated","createdAt","updatedAt") VALUES ($1,$2,$3,$4,$5,CAST($6::text AS "public"."Severity"),CAST($7::text AS "public"."ReviewArea"),$8,$9,$10,$11,$12,$13,CAST($14::text AS "public"."FindingStatus"),$15,$16,$17,$18) RETURNING "public"."findings"."id", "public"."findings"."reviewId", "public"."findings"."title", "public"."findings"."description", "public"."findings"."recommendation", "public"."findings"."severity"::text, "public"."findings"."area"::text, "public"."findings"."screen", "public"."findings"."principle", "public"."findings"."observation", "public"."findings"."why", "public"."findings"."businessImpact", "public"."findings"."a11yImpact", "public"."findings"."status"::text, "public"."findings"."confidence", "public"."findings"."notes", "public"."findings"."escalationReason", "public"."findings"."isAiGenerated", "public"."findings"."createdAt", "public"."findings"."updatedAt"
[LOG] [2026-06-19T07:54:27.908Z] [34mprisma:query[39m COMMIT
[LOG] [2026-06-19T07:54:27.962Z] [34mprisma:query[39m BEGIN
[LOG] [2026-06-19T07:54:28.184Z] [34mprisma:query[39m DEALLOCATE ALL
[LOG] [2026-06-19T07:54:28.342Z] [34mprisma:query[39m INSERT INTO "public"."findings" ("id","reviewId","title","description","recommendation","severity","area","screen","principle","observation","why","businessImpact","a11yImpact","status","confidence","isAiGenerated","createdAt","updatedAt") VALUES ($1,$2,$3,$4,$5,CAST($6::text AS "public"."Severity"),CAST($7::text AS "public"."ReviewArea"),$8,$9,$10,$11,$12,$13,CAST($14::text AS "public"."FindingStatus"),$15,$16,$17,$18) RETURNING "public"."findings"."id", "public"."findings"."reviewId", "public"."findings"."title", "public"."findings"."description", "public"."findings"."recommendation", "public"."findings"."severity"::text, "public"."findings"."area"::text, "public"."findings"."screen", "public"."findings"."principle", "public"."findings"."observation", "public"."findings"."why", "public"."findings"."businessImpact", "public"."findings"."a11yImpact", "public"."findings"."status"::text, "public"."findings"."confidence", "public"."findings"."notes", "public"."findings"."escalationReason", "public"."findings"."isAiGenerated", "public"."findings"."createdAt", "public"."findings"."updatedAt"
[LOG] [2026-06-19T07:54:28.587Z] [34mprisma:query[39m COMMIT
[LOG] [2026-06-19T07:54:28.601Z] [34mprisma:query[39m SELECT 1
[LOG] [2026-06-19T07:54:28.648Z] [34mprisma:query[39m BEGIN
[LOG] [2026-06-19T07:54:28.668Z] [34mprisma:query[39m BEGIN
[LOG] [2026-06-19T07:54:28.724Z] [34mprisma:query[39m DEALLOCATE ALL
[LOG] [2026-06-19T07:54:28.724Z] [34mprisma:query[39m DEALLOCATE ALL
[LOG] [2026-06-19T07:54:28.897Z] [34mprisma:query[39m SELECT "public"."reviews"."id", "public"."reviews"."status", "public"."reviews"."stage", "public"."reviews"."uxScore" FROM "public"."reviews" WHERE ("public"."reviews"."id" = $1 AND 1=1) LIMIT $2 OFFSET $3
[LOG] [2026-06-19T07:54:28.898Z] [34mprisma:query[39m INSERT INTO "public"."findings" ("id","reviewId","title","description","recommendation","severity","area","screen","principle","observation","why","businessImpact","a11yImpact","status","confidence","isAiGenerated","createdAt","updatedAt") VALUES ($1,$2,$3,$4,$5,CAST($6::text AS "public"."Severity"),CAST($7::text AS "public"."ReviewArea"),$8,$9,$10,$11,$12,$13,CAST($14::text AS "public"."FindingStatus"),$15,$16,$17,$18) RETURNING "public"."findings"."id", "public"."findings"."reviewId", "public"."findings"."title", "public"."findings"."description", "public"."findings"."recommendation", "public"."findings"."severity"::text, "public"."findings"."area"::text, "public"."findings"."screen", "public"."findings"."principle", "public"."findings"."observation", "public"."findings"."why", "public"."findings"."businessImpact", "public"."findings"."a11yImpact", "public"."findings"."status"::text, "public"."findings"."confidence", "public"."findings"."notes", "public"."findings"."escalationReason", "public"."findings"."isAiGenerated", "public"."findings"."createdAt", "public"."findings"."updatedAt"
[LOG] [2026-06-19T07:54:28.956Z] [34mprisma:query[39m COMMIT
[LOG] [2026-06-19T07:54:28.957Z] [34mprisma:query[39m COMMIT
[LOG] [2026-06-19T07:54:29.003Z] [34mprisma:query[39m BEGIN
[LOG] [2026-06-19T07:54:29.028Z] [34mprisma:query[39m BEGIN
[LOG] [2026-06-19T07:54:29.050Z] [34mprisma:query[39m DEALLOCATE ALL
[LOG] [2026-06-19T07:54:29.076Z] [34mprisma:query[39m DEALLOCATE ALL
[LOG] [2026-06-19T07:54:29.145Z] [34mprisma:query[39m SELECT COUNT(*) FROM (SELECT "public"."findings"."id" FROM "public"."findings" WHERE "public"."findings"."reviewId" = $1 OFFSET $2) AS "sub"
[LOG] [2026-06-19T07:54:29.184Z] [34mprisma:query[39m INSERT INTO "public"."findings" ("id","reviewId","title","description","recommendation","severity","area","screen","principle","observation","why","businessImpact","a11yImpact","status","confidence","isAiGenerated","createdAt","updatedAt") VALUES ($1,$2,$3,$4,$5,CAST($6::text AS "public"."Severity"),CAST($7::text AS "public"."ReviewArea"),$8,$9,$10,$11,$12,$13,CAST($14::text AS "public"."FindingStatus"),$15,$16,$17,$18) RETURNING "public"."findings"."id", "public"."findings"."reviewId", "public"."findings"."title", "public"."findings"."description", "public"."findings"."recommendation", "public"."findings"."severity"::text, "public"."findings"."area"::text, "public"."findings"."screen", "public"."findings"."principle", "public"."findings"."observation", "public"."findings"."why", "public"."findings"."businessImpact", "public"."findings"."a11yImpact", "public"."findings"."status"::text, "public"."findings"."confidence", "public"."findings"."notes", "public"."findings"."escalationReason", "public"."findings"."isAiGenerated", "public"."findings"."createdAt", "public"."findings"."updatedAt"
[LOG] [2026-06-19T07:54:29.191Z] [34mprisma:query[39m COMMIT
[HTTP] [2026-06-19T07:54:29.192Z] [0mGET /api/reviews/cmqkmu85x0000gszuy607wwug/progress [32m200[0m 712.178 ms - 108[0m
[LOG] [2026-06-19T07:54:29.236Z] [34mprisma:query[39m COMMIT
[LOG] [2026-06-19T07:54:29.285Z] [34mprisma:query[39m BEGIN
[LOG] [2026-06-19T07:54:29.333Z] [34mprisma:query[39m DEALLOCATE ALL
[LOG] [2026-06-19T07:54:29.433Z] [34mprisma:query[39m UPDATE "public"."reviews" SET "stage" = $1, "updatedAt" = $2 WHERE ("public"."reviews"."id" = $3 AND 1=1) RETURNING "public"."reviews"."id", "public"."reviews"."name", "public"."reviews"."product", "public"."reviews"."domain", "public"."reviews"."reviewType", "public"."reviews"."owner", "public"."reviews"."status", "public"."reviews"."stage", "public"."reviews"."uxScore", "public"."reviews"."criteria", "public"."reviews"."depth", "public"."reviews"."confidenceThreshold", "public"."reviews"."createdAt", "public"."reviews"."updatedAt"
[LOG] [2026-06-19T07:54:29.483Z] [34mprisma:query[39m COMMIT
[LOG] [2026-06-19T07:54:30.543Z] [34mprisma:query[39m BEGIN
[LOG] [2026-06-19T07:54:30.857Z] [34mprisma:query[39m DEALLOCATE ALL
[LOG] [2026-06-19T07:54:31.057Z] [34mprisma:query[39m SELECT "public"."reviews"."id", "public"."reviews"."status", "public"."reviews"."stage", "public"."reviews"."uxScore" FROM "public"."reviews" WHERE ("public"."reviews"."id" = $1 AND 1=1) LIMIT $2 OFFSET $3
[LOG] [2026-06-19T07:54:31.132Z] [34mprisma:query[39m COMMIT
[LOG] [2026-06-19T07:54:31.228Z] [34mprisma:query[39m BEGIN
[LOG] [2026-06-19T07:54:31.375Z] [34mprisma:query[39m DEALLOCATE ALL
[LOG] [2026-06-19T07:54:31.568Z] [34mprisma:query[39m SELECT COUNT(*) FROM (SELECT "public"."findings"."id" FROM "public"."findings" WHERE "public"."findings"."reviewId" = $1 OFFSET $2) AS "sub"
[LOG] [2026-06-19T07:54:31.639Z] [34mprisma:query[39m COMMIT
[HTTP] [2026-06-19T07:54:31.640Z] [0mGET /api/reviews/cmqkmu85x0000gszuy607wwug/progress [32m200[0m 1159.588 ms - 113[0m
[LOG] [2026-06-19T07:54:32.591Z] [34mprisma:query[39m BEGIN
[LOG] [2026-06-19T07:54:32.666Z] [34mprisma:query[39m DEALLOCATE ALL
[LOG] [2026-06-19T07:54:32.847Z] [34mprisma:query[39m SELECT "public"."reviews"."id", "public"."reviews"."status", "public"."reviews"."stage", "public"."reviews"."uxScore" FROM "public"."reviews" WHERE ("public"."reviews"."id" = $1 AND 1=1) LIMIT $2 OFFSET $3
[LOG] [2026-06-19T07:54:32.893Z] [34mprisma:query[39m COMMIT
[LOG] [2026-06-19T07:54:32.941Z] [34mprisma:query[39m BEGIN
[LOG] [2026-06-19T07:54:33.001Z] [34mprisma:query[39m DEALLOCATE ALL
[LOG] [2026-06-19T07:54:33.206Z] [34mprisma:query[39m SELECT COUNT(*) FROM (SELECT "public"."findings"."id" FROM "public"."findings" WHERE "public"."findings"."reviewId" = $1 OFFSET $2) AS "sub"
[LOG] [2026-06-19T07:54:33.296Z] [34mprisma:query[39m COMMIT
[HTTP] [2026-06-19T07:54:33.298Z] [0mGET /api/reviews/cmqkmu85x0000gszuy607wwug/progress [36m304[0m 812.710 ms - -[0m
[LOG] [2026-06-19T07:54:34.958Z] [34mprisma:query[39m SELECT 1
[LOG] [2026-06-19T07:54:35.064Z] [34mprisma:query[39m BEGIN
[LOG] [2026-06-19T07:54:35.390Z] [34mprisma:query[39m DEALLOCATE ALL
[LOG] [2026-06-19T07:54:35.563Z] [34mprisma:query[39m SELECT "public"."reviews"."id", "public"."reviews"."status", "public"."reviews"."stage", "public"."reviews"."uxScore" FROM "public"."reviews" WHERE ("public"."reviews"."id" = $1 AND 1=1) LIMIT $2 OFFSET $3
[LOG] [2026-06-19T07:54:35.675Z] [34mprisma:query[39m COMMIT
[LOG] [2026-06-19T07:54:35.725Z] [34mprisma:query[39m BEGIN
[LOG] [2026-06-19T07:54:35.869Z] [34mprisma:query[39m DEALLOCATE ALL
[LOG] [2026-06-19T07:54:35.998Z] [34mprisma:query[39m SELECT COUNT(*) FROM (SELECT "public"."findings"."id" FROM "public"."findings" WHERE "public"."findings"."reviewId" = $1 OFFSET $2) AS "sub"
[LOG] [2026-06-19T07:54:36.075Z] [34mprisma:query[39m COMMIT
[HTTP] [2026-06-19T07:54:36.077Z] [0mGET /api/reviews/cmqkmu85x0000gszuy607wwug/progress [36m304[0m 1259.271 ms - -[0m
[LOG] [2026-06-19T07:54:36.895Z] [34mprisma:query[39m BEGIN
[LOG] [2026-06-19T07:54:36.996Z] [34mprisma:query[39m DEALLOCATE ALL
[LOG] [2026-06-19T07:54:37.201Z] [34mprisma:query[39m SELECT "public"."reviews"."id", "public"."reviews"."status", "public"."reviews"."stage", "public"."reviews"."uxScore" FROM "public"."reviews" WHERE ("public"."reviews"."id" = $1 AND 1=1) LIMIT $2 OFFSET $3
[LOG] [2026-06-19T07:54:37.314Z] [34mprisma:query[39m COMMIT
[LOG] [2026-06-19T07:54:37.410Z] [34mprisma:query[39m BEGIN
[LOG] [2026-06-19T07:54:37.508Z] [34mprisma:query[39m DEALLOCATE ALL
[LOG] [2026-06-19T07:54:37.712Z] [34mprisma:query[39m SELECT COUNT(*) FROM (SELECT "public"."findings"."id" FROM "public"."findings" WHERE "public"."findings"."reviewId" = $1 OFFSET $2) AS "sub"
[LOG] [2026-06-19T07:54:37.814Z] [34mprisma:query[39m COMMIT
[HTTP] [2026-06-19T07:54:37.815Z] [0mGET /api/reviews/cmqkmu85x0000gszuy607wwug/progress [36m304[0m 994.685 ms - -[0m
[LOG] [2026-06-19T07:54:38.905Z] [34mprisma:query[39m BEGIN
[LOG] [2026-06-19T07:54:39.043Z] [34mprisma:query[39m DEALLOCATE ALL
[LOG] [2026-06-19T07:54:39.212Z] [34mprisma:query[39m SELECT "public"."reviews"."id", "public"."reviews"."status", "public"."reviews"."stage", "public"."reviews"."uxScore" FROM "public"."reviews" WHERE ("public"."reviews"."id" = $1 AND 1=1) LIMIT $2 OFFSET $3
[LOG] [2026-06-19T07:54:39.357Z] [34mprisma:query[39m COMMIT
[LOG] [2026-06-19T07:54:39.761Z] [34mprisma:query[39m BEGIN
[LOG] [2026-06-19T07:54:39.842Z] [34mprisma:query[39m DEALLOCATE ALL
[LOG] [2026-06-19T07:54:40.068Z] [34mprisma:query[39m SELECT COUNT(*) FROM (SELECT "public"."findings"."id" FROM "public"."findings" WHERE "public"."findings"."reviewId" = $1 OFFSET $2) AS "sub"
[LOG] [2026-06-19T07:54:40.170Z] [34mprisma:query[39m COMMIT
[HTTP] [2026-06-19T07:54:40.172Z] [0mGET /api/reviews/cmqkmu85x0000gszuy607wwug/progress [36m304[0m 1345.872 ms - -[0m
[LOG] [2026-06-19T07:54:40.886Z] [34mprisma:query[39m BEGIN
[LOG] [2026-06-19T07:54:40.989Z] [34mprisma:query[39m DEALLOCATE ALL
[LOG] [2026-06-19T07:54:41.091Z] [34mprisma:query[39m SELECT "public"."reviews"."id", "public"."reviews"."status", "public"."reviews"."stage", "public"."reviews"."uxScore" FROM "public"."reviews" WHERE ("public"."reviews"."id" = $1 AND 1=1) LIMIT $2 OFFSET $3
[LOG] [2026-06-19T07:54:41.144Z] [34mprisma:query[39m COMMIT
[LOG] [2026-06-19T07:54:41.296Z] [34mprisma:query[39m BEGIN
[LOG] [2026-06-19T07:54:41.348Z] [34mprisma:query[39m DEALLOCATE ALL
[LOG] [2026-06-19T07:54:41.501Z] [34mprisma:query[39m SELECT COUNT(*) FROM (SELECT "public"."findings"."id" FROM "public"."findings" WHERE "public"."findings"."reviewId" = $1 OFFSET $2) AS "sub"
[LOG] [2026-06-19T07:54:41.550Z] [34mprisma:query[39m COMMIT
[HTTP] [2026-06-19T07:54:41.551Z] [0mGET /api/reviews/cmqkmu85x0000gszuy607wwug/progress [36m304[0m 736.472 ms - -[0m
[LOG] [2026-06-19T07:54:43.051Z] [34mprisma:query[39m BEGIN
[LOG] [2026-06-19T07:54:43.151Z] [34mprisma:query[39m DEALLOCATE ALL
[LOG] [2026-06-19T07:54:43.346Z] [34mprisma:query[39m SELECT "public"."reviews"."id", "public"."reviews"."status", "public"."reviews"."stage", "public"."reviews"."uxScore" FROM "public"."reviews" WHERE ("public"."reviews"."id" = $1 AND 1=1) LIMIT $2 OFFSET $3
[LOG] [2026-06-19T07:54:43.448Z] [34mprisma:query[39m COMMIT
[LOG] [2026-06-19T07:54:43.497Z] [34mprisma:query[39m BEGIN
[LOG] [2026-06-19T07:54:43.651Z] [34mprisma:query[39m DEALLOCATE ALL
[LOG] [2026-06-19T07:54:43.856Z] [34mprisma:query[39m SELECT COUNT(*) FROM (SELECT "public"."findings"."id" FROM "public"."findings" WHERE "public"."findings"."reviewId" = $1 OFFSET $2) AS "sub"
[LOG] [2026-06-19T07:54:43.974Z] [34mprisma:query[39m COMMIT
[HTTP] [2026-06-19T07:54:43.975Z] [0mGET /api/reviews/cmqkmu85x0000gszuy607wwug/progress [36m304[0m 1150.947 ms - -[0m
[LOG] [2026-06-19T07:54:44.982Z] [34mprisma:query[39m BEGIN
[LOG] [2026-06-19T07:54:45.086Z] [34mprisma:query[39m DEALLOCATE ALL
[LOG] [2026-06-19T07:54:45.289Z] [34mprisma:query[39m SELECT "public"."reviews"."id", "public"."reviews"."status", "public"."reviews"."stage", "public"."reviews"."uxScore" FROM "public"."reviews" WHERE ("public"."reviews"."id" = $1 AND 1=1) LIMIT $2 OFFSET $3
[LOG] [2026-06-19T07:54:45.391Z] [34mprisma:query[39m COMMIT
[LOG] [2026-06-19T07:54:45.496Z] [34mprisma:query[39m BEGIN
[LOG] [2026-06-19T07:54:45.596Z] [34mprisma:query[39m DEALLOCATE ALL
[LOG] [2026-06-19T07:54:45.699Z] [34mprisma:query[39m SELECT COUNT(*) FROM (SELECT "public"."findings"."id" FROM "public"."findings" WHERE "public"."findings"."reviewId" = $1 OFFSET $2) AS "sub"
[LOG] [2026-06-19T07:54:45.755Z] [34mprisma:query[39m COMMIT
[HTTP] [2026-06-19T07:54:45.756Z] [0mGET /api/reviews/cmqkmu85x0000gszuy607wwug/progress [36m304[0m 924.819 ms - -[0m
[LOG] [2026-06-19T07:54:46.928Z] [34mprisma:query[39m BEGIN
[LOG] [2026-06-19T07:54:47.032Z] [34mprisma:query[39m DEALLOCATE ALL
[LOG] [2026-06-19T07:54:47.234Z] [34mprisma:query[39m SELECT "public"."reviews"."id", "public"."reviews"."status", "public"."reviews"."stage", "public"."reviews"."uxScore" FROM "public"."reviews" WHERE ("public"."reviews"."id" = $1 AND 1=1) LIMIT $2 OFFSET $3
[LOG] [2026-06-19T07:54:47.337Z] [34mprisma:query[39m COMMIT
[LOG] [2026-06-19T07:54:47.440Z] [34mprisma:query[39m BEGIN
[LOG] [2026-06-19T07:54:47.542Z] [34mprisma:query[39m DEALLOCATE ALL
[LOG] [2026-06-19T07:54:47.747Z] [34mprisma:query[39m SELECT COUNT(*) FROM (SELECT "public"."findings"."id" FROM "public"."findings" WHERE "public"."findings"."reviewId" = $1 OFFSET $2) AS "sub"
[LOG] [2026-06-19T07:54:47.849Z] [34mprisma:query[39m COMMIT
[HTTP] [2026-06-19T07:54:47.850Z] [0mGET /api/reviews/cmqkmu85x0000gszuy607wwug/progress [36m304[0m 1027.458 ms - -[0m
[LOG] [2026-06-19T07:54:48.976Z] [34mprisma:query[39m BEGIN
[LOG] [2026-06-19T07:54:49.079Z] [34mprisma:query[39m DEALLOCATE ALL
[LOG] [2026-06-19T07:54:49.287Z] [34mprisma:query[39m SELECT "public"."reviews"."id", "public"."reviews"."status", "public"."reviews"."stage", "public"."reviews"."uxScore" FROM "public"."reviews" WHERE ("public"."reviews"."id" = $1 AND 1=1) LIMIT $2 OFFSET $3
[LOG] [2026-06-19T07:54:49.387Z] [34mprisma:query[39m COMMIT
[LOG] [2026-06-19T07:54:49.487Z] [34mprisma:query[39m BEGIN
[LOG] [2026-06-19T07:54:49.590Z] [34mprisma:query[39m DEALLOCATE ALL
[LOG] [2026-06-19T07:54:49.794Z] [34mprisma:query[39m SELECT COUNT(*) FROM (SELECT "public"."findings"."id" FROM "public"."findings" WHERE "public"."findings"."reviewId" = $1 OFFSET $2) AS "sub"
[LOG] [2026-06-19T07:54:49.897Z] [34mprisma:query[39m COMMIT
[HTTP] [2026-06-19T07:54:49.897Z] [0mGET /api/reviews/cmqkmu85x0000gszuy607wwug/progress [36m304[0m 1077.618 ms - -[0m
[LOG] [2026-06-19T07:54:50.867Z] [34mprisma:query[39m SELECT 1
[LOG] [2026-06-19T07:54:50.914Z] [34mprisma:query[39m BEGIN
[LOG] [2026-06-19T07:54:51.023Z] [34mprisma:query[39m DEALLOCATE ALL
[LOG] [2026-06-19T07:54:51.240Z] [34mprisma:query[39m SELECT "public"."reviews"."id", "public"."reviews"."status", "public"."reviews"."stage", "public"."reviews"."uxScore" FROM "public"."reviews" WHERE ("public"."reviews"."id" = $1 AND 1=1) LIMIT $2 OFFSET $3
[LOG] [2026-06-19T07:54:51.331Z] [34mprisma:query[39m COMMIT
[LOG] [2026-06-19T07:54:51.438Z] [34mprisma:query[39m BEGIN
[LOG] [2026-06-19T07:54:51.537Z] [34mprisma:query[39m DEALLOCATE ALL
[LOG] [2026-06-19T07:54:51.748Z] [34mprisma:query[39m SELECT COUNT(*) FROM (SELECT "public"."findings"."id" FROM "public"."findings" WHERE "public"."findings"."reviewId" = $1 OFFSET $2) AS "sub"
[LOG] [2026-06-19T07:54:51.861Z] [34mprisma:query[39m COMMIT
[HTTP] [2026-06-19T07:54:51.862Z] [0mGET /api/reviews/cmqkmu85x0000gszuy607wwug/progress [36m304[0m 1042.068 ms - -[0m
[LOG] [2026-06-19T07:54:52.968Z] [34mprisma:query[39m BEGIN
[LOG] [2026-06-19T07:54:53.071Z] [34mprisma:query[39m DEALLOCATE ALL
[LOG] [2026-06-19T07:54:53.277Z] [34mprisma:query[39m SELECT "public"."reviews"."id", "public"."reviews"."status", "public"."reviews"."stage", "public"."reviews"."uxScore" FROM "public"."reviews" WHERE ("public"."reviews"."id" = $1 AND 1=1) LIMIT $2 OFFSET $3
[LOG] [2026-06-19T07:54:53.379Z] [34mprisma:query[39m COMMIT
[LOG] [2026-06-19T07:54:53.481Z] [34mprisma:query[39m BEGIN
[LOG] [2026-06-19T07:54:53.583Z] [34mprisma:query[39m DEALLOCATE ALL
[LOG] [2026-06-19T07:54:53.783Z] [34mprisma:query[39m SELECT COUNT(*) FROM (SELECT "public"."findings"."id" FROM "public"."findings" WHERE "public"."findings"."reviewId" = $1 OFFSET $2) AS "sub"
[LOG] [2026-06-19T07:54:53.905Z] [34mprisma:query[39m COMMIT
[HTTP] [2026-06-19T07:54:53.906Z] [0mGET /api/reviews/cmqkmu85x0000gszuy607wwug/progress [36m304[0m 1080.600 ms - -[0m
[LOG] [2026-06-19T07:54:54.915Z] [34mprisma:query[39m BEGIN
[LOG] [2026-06-19T07:54:55.017Z] [34mprisma:query[39m DEALLOCATE ALL
[LOG] [2026-06-19T07:54:55.221Z] [34mprisma:query[39m SELECT "public"."reviews"."id", "public"."reviews"."status", "public"."reviews"."stage", "public"."reviews"."uxScore" FROM "public"."reviews" WHERE ("public"."reviews"."id" = $1 AND 1=1) LIMIT $2 OFFSET $3
[LOG] [2026-06-19T07:54:55.324Z] [34mprisma:query[39m COMMIT
[LOG] [2026-06-19T07:54:55.427Z] [34mprisma:query[39m BEGIN
[LOG] [2026-06-19T07:54:55.529Z] [34mprisma:query[39m DEALLOCATE ALL
[LOG] [2026-06-19T07:54:55.734Z] [34mprisma:query[39m SELECT COUNT(*) FROM (SELECT "public"."findings"."id" FROM "public"."findings" WHERE "public"."findings"."reviewId" = $1 OFFSET $2) AS "sub"
[LOG] [2026-06-19T07:54:55.837Z] [34mprisma:query[39m COMMIT
[HTTP] [2026-06-19T07:54:55.837Z] [0mGET /api/reviews/cmqkmu85x0000gszuy607wwug/progress [36m304[0m 1010.256 ms - -[0m
[LOG] [2026-06-19T07:54:56.889Z] [34mprisma:query[39m BEGIN
[LOG] [2026-06-19T07:54:56.964Z] [34mprisma:query[39m DEALLOCATE ALL
[LOG] [2026-06-19T07:54:57.168Z] [34mprisma:query[39m SELECT "public"."reviews"."id", "public"."reviews"."status", "public"."reviews"."stage", "public"."reviews"."uxScore" FROM "public"."reviews" WHERE ("public"."reviews"."id" = $1 AND 1=1) LIMIT $2 OFFSET $3
[LOG] [2026-06-19T07:54:57.228Z] [34mprisma:query[39m COMMIT
[LOG] [2026-06-19T07:54:57.277Z] [34mprisma:query[39m BEGIN
[LOG] [2026-06-19T07:54:57.344Z] [34mprisma:query[39m DEALLOCATE ALL
[LOG] [2026-06-19T07:54:57.566Z] [34mprisma:query[39m SELECT COUNT(*) FROM (SELECT "public"."findings"."id" FROM "public"."findings" WHERE "public"."findings"."reviewId" = $1 OFFSET $2) AS "sub"
[LOG] [2026-06-19T07:54:57.567Z] [34mprisma:query[39m SELECT 1
[LOG] [2026-06-19T07:54:57.680Z] [34mprisma:query[39m BEGIN
[LOG] [2026-06-19T07:54:57.680Z] [34mprisma:query[39m COMMIT
[HTTP] [2026-06-19T07:54:57.681Z] [0mGET /api/reviews/cmqkmu85x0000gszuy607wwug/progress [36m304[0m 860.241 ms - -[0m
[LOG] [2026-06-19T07:54:57.789Z] [34mprisma:query[39m DEALLOCATE ALL
[LOG] [2026-06-19T07:54:57.998Z] [34mprisma:query[39m INSERT INTO "public"."findings" ("id","reviewId","title","description","recommendation","severity","area","screen","principle","observation","why","businessImpact","a11yImpact","status","confidence","isAiGenerated","createdAt","updatedAt") VALUES ($1,$2,$3,$4,$5,CAST($6::text AS "public"."Severity"),CAST($7::text AS "public"."ReviewArea"),$8,$9,$10,$11,$12,$13,CAST($14::text AS "public"."FindingStatus"),$15,$16,$17,$18) RETURNING "public"."findings"."id", "public"."findings"."reviewId", "public"."findings"."title", "public"."findings"."description", "public"."findings"."recommendation", "public"."findings"."severity"::text, "public"."findings"."area"::text, "public"."findings"."screen", "public"."findings"."principle", "public"."findings"."observation", "public"."findings"."why", "public"."findings"."businessImpact", "public"."findings"."a11yImpact", "public"."findings"."status"::text, "public"."findings"."confidence", "public"."findings"."notes", "public"."findings"."escalationReason", "public"."findings"."isAiGenerated", "public"."findings"."createdAt", "public"."findings"."updatedAt"
[LOG] [2026-06-19T07:54:58.092Z] [34mprisma:query[39m COMMIT
[LOG] [2026-06-19T07:54:58.146Z] [34mprisma:query[39m BEGIN
[LOG] [2026-06-19T07:54:58.209Z] [34mprisma:query[39m DEALLOCATE ALL
[LOG] [2026-06-19T07:54:58.372Z] [34mprisma:query[39m INSERT INTO "public"."findings" ("id","reviewId","title","description","recommendation","severity","area","screen","principle","observation","why","businessImpact","a11yImpact","status","confidence","isAiGenerated","createdAt","updatedAt") VALUES ($1,$2,$3,$4,$5,CAST($6::text AS "public"."Severity"),CAST($7::text AS "public"."ReviewArea"),$8,$9,$10,$11,$12,$13,CAST($14::text AS "public"."FindingStatus"),$15,$16,$17,$18) RETURNING "public"."findings"."id", "public"."findings"."reviewId", "public"."findings"."title", "public"."findings"."description", "public"."findings"."recommendation", "public"."findings"."severity"::text, "public"."findings"."area"::text, "public"."findings"."screen", "public"."findings"."principle", "public"."findings"."observation", "public"."findings"."why", "public"."findings"."businessImpact", "public"."findings"."a11yImpact", "public"."findings"."status"::text, "public"."findings"."confidence", "public"."findings"."notes", "public"."findings"."escalationReason", "public"."findings"."isAiGenerated", "public"."findings"."createdAt", "public"."findings"."updatedAt"
[LOG] [2026-06-19T07:54:58.499Z] [34mprisma:query[39m COMMIT
[LOG] [2026-06-19T07:54:58.603Z] [34mprisma:query[39m BEGIN
[LOG] [2026-06-19T07:54:58.707Z] [34mprisma:query[39m DEALLOCATE ALL
[LOG] [2026-06-19T07:54:58.909Z] [34mprisma:query[39m INSERT INTO "public"."findings" ("id","reviewId","title","description","recommendation","severity","area","screen","principle","observation","why","businessImpact","a11yImpact","status","confidence","isAiGenerated","createdAt","updatedAt") VALUES ($1,$2,$3,$4,$5,CAST($6::text AS "public"."Severity"),CAST($7::text AS "public"."ReviewArea"),$8,$9,$10,$11,$12,$13,CAST($14::text AS "public"."FindingStatus"),$15,$16,$17,$18) RETURNING "public"."findings"."id", "public"."findings"."reviewId", "public"."findings"."title", "public"."findings"."description", "public"."findings"."recommendation", "public"."findings"."severity"::text, "public"."findings"."area"::text, "public"."findings"."screen", "public"."findings"."principle", "public"."findings"."observation", "public"."findings"."why", "public"."findings"."businessImpact", "public"."findings"."a11yImpact", "public"."findings"."status"::text, "public"."findings"."confidence", "public"."findings"."notes", "public"."findings"."escalationReason", "public"."findings"."isAiGenerated", "public"."findings"."createdAt", "public"."findings"."updatedAt"
[LOG] [2026-06-19T07:54:58.909Z] [34mprisma:query[39m BEGIN
[LOG] [2026-06-19T07:54:59.012Z] [34mprisma:query[39m COMMIT
[LOG] [2026-06-19T07:54:59.012Z] [34mprisma:query[39m DEALLOCATE ALL
[LOG] [2026-06-19T07:54:59.114Z] [34mprisma:query[39m BEGIN
[LOG] [2026-06-19T07:54:59.217Z] [34mprisma:query[39m DEALLOCATE ALL
[LOG] [2026-06-19T07:54:59.236Z] [34mprisma:query[39m SELECT "public"."reviews"."id", "public"."reviews"."status", "public"."reviews"."stage", "public"."reviews"."uxScore" FROM "public"."reviews" WHERE ("public"."reviews"."id" = $1 AND 1=1) LIMIT $2 OFFSET $3
[LOG] [2026-06-19T07:54:59.319Z] [34mprisma:query[39m COMMIT
[LOG] [2026-06-19T07:54:59.422Z] [34mprisma:query[39m BEGIN
[LOG] [2026-06-19T07:54:59.422Z] [34mprisma:query[39m INSERT INTO "public"."findings" ("id","reviewId","title","description","recommendation","severity","area","screen","principle","observation","why","businessImpact","a11yImpact","status","confidence","isAiGenerated","createdAt","updatedAt") VALUES ($1,$2,$3,$4,$5,CAST($6::text AS "public"."Severity"),CAST($7::text AS "public"."ReviewArea"),$8,$9,$10,$11,$12,$13,CAST($14::text AS "public"."FindingStatus"),$15,$16,$17,$18) RETURNING "public"."findings"."id", "public"."findings"."reviewId", "public"."findings"."title", "public"."findings"."description", "public"."findings"."recommendation", "public"."findings"."severity"::text, "public"."findings"."area"::text, "public"."findings"."screen", "public"."findings"."principle", "public"."findings"."observation", "public"."findings"."why", "public"."findings"."businessImpact", "public"."findings"."a11yImpact", "public"."findings"."status"::text, "public"."findings"."confidence", "public"."findings"."notes", "public"."findings"."escalationReason", "public"."findings"."isAiGenerated", "public"."findings"."createdAt", "public"."findings"."updatedAt"
[LOG] [2026-06-19T07:54:59.523Z] [34mprisma:query[39m DEALLOCATE ALL
[LOG] [2026-06-19T07:54:59.626Z] [34mprisma:query[39m COMMIT
[LOG] [2026-06-19T07:54:59.729Z] [34mprisma:query[39m BEGIN
[LOG] [2026-06-19T07:54:59.729Z] [34mprisma:query[39m SELECT COUNT(*) FROM (SELECT "public"."findings"."id" FROM "public"."findings" WHERE "public"."findings"."reviewId" = $1 OFFSET $2) AS "sub"
[LOG] [2026-06-19T07:54:59.808Z] [34mprisma:query[39m DEALLOCATE ALL
[LOG] [2026-06-19T07:54:59.808Z] [34mprisma:query[39m COMMIT
[HTTP] [2026-06-19T07:54:59.809Z] [0mGET /api/reviews/cmqkmu85x0000gszuy607wwug/progress [32m200[0m 986.283 ms - 113[0m
[LOG] [2026-06-19T07:54:59.934Z] [34mprisma:query[39m INSERT INTO "public"."findings" ("id","reviewId","title","description","recommendation","severity","area","screen","principle","observation","why","businessImpact","a11yImpact","status","confidence","isAiGenerated","createdAt","updatedAt") VALUES ($1,$2,$3,$4,$5,CAST($6::text AS "public"."Severity"),CAST($7::text AS "public"."ReviewArea"),$8,$9,$10,$11,$12,$13,CAST($14::text AS "public"."FindingStatus"),$15,$16,$17,$18) RETURNING "public"."findings"."id", "public"."findings"."reviewId", "public"."findings"."title", "public"."findings"."description", "public"."findings"."recommendation", "public"."findings"."severity"::text, "public"."findings"."area"::text, "public"."findings"."screen", "public"."findings"."principle", "public"."findings"."observation", "public"."findings"."why", "public"."findings"."businessImpact", "public"."findings"."a11yImpact", "public"."findings"."status"::text, "public"."findings"."confidence", "public"."findings"."notes", "public"."findings"."escalationReason", "public"."findings"."isAiGenerated", "public"."findings"."createdAt", "public"."findings"."updatedAt"
[LOG] [2026-06-19T07:54:59.979Z] [34mprisma:query[39m COMMIT
[LOG] [2026-06-19T07:55:00.138Z] [34mprisma:query[39m BEGIN
[LOG] [2026-06-19T07:55:00.241Z] [34mprisma:query[39m DEALLOCATE ALL
[LOG] [2026-06-19T07:55:00.447Z] [34mprisma:query[39m UPDATE "public"."reviews" SET "stage" = $1, "updatedAt" = $2 WHERE ("public"."reviews"."id" = $3 AND 1=1) RETURNING "public"."reviews"."id", "public"."reviews"."name", "public"."reviews"."product", "public"."reviews"."domain", "public"."reviews"."reviewType", "public"."reviews"."owner", "public"."reviews"."status", "public"."reviews"."stage", "public"."reviews"."uxScore", "public"."reviews"."criteria", "public"."reviews"."depth", "public"."reviews"."confidenceThreshold", "public"."reviews"."createdAt", "public"."reviews"."updatedAt"
[LOG] [2026-06-19T07:55:00.495Z] [34mprisma:query[39m COMMIT
[LOG] [2026-06-19T07:55:00.957Z] [34mprisma:query[39m BEGIN
[LOG] [2026-06-19T07:55:01.060Z] [34mprisma:query[39m DEALLOCATE ALL
[LOG] [2026-06-19T07:55:01.265Z] [34mprisma:query[39m SELECT "public"."reviews"."id", "public"."reviews"."status", "public"."reviews"."stage", "public"."reviews"."uxScore" FROM "public"."reviews" WHERE ("public"."reviews"."id" = $1 AND 1=1) LIMIT $2 OFFSET $3
[LOG] [2026-06-19T07:55:01.383Z] [34mprisma:query[39m COMMIT
[LOG] [2026-06-19T07:55:01.469Z] [34mprisma:query[39m BEGIN
[LOG] [2026-06-19T07:55:01.572Z] [34mprisma:query[39m DEALLOCATE ALL
[LOG] [2026-06-19T07:55:01.777Z] [34mprisma:query[39m SELECT COUNT(*) FROM (SELECT "public"."findings"."id" FROM "public"."findings" WHERE "public"."findings"."reviewId" = $1 OFFSET $2) AS "sub"
[LOG] [2026-06-19T07:55:01.878Z] [34mprisma:query[39m COMMIT
[HTTP] [2026-06-19T07:55:01.879Z] [0mGET /api/reviews/cmqkmu85x0000gszuy607wwug/progress [32m200[0m 1064.798 ms - 108[0m
[LOG] [2026-06-19T07:55:02.907Z] [34mprisma:query[39m BEGIN
[LOG] [2026-06-19T07:55:03.006Z] [34mprisma:query[39m DEALLOCATE ALL
[LOG] [2026-06-19T07:55:03.211Z] [34mprisma:query[39m SELECT "public"."reviews"."id", "public"."reviews"."status", "public"."reviews"."stage", "public"."reviews"."uxScore" FROM "public"."reviews" WHERE ("public"."reviews"."id" = $1 AND 1=1) LIMIT $2 OFFSET $3
[LOG] [2026-06-19T07:55:03.313Z] [34mprisma:query[39m COMMIT
[LOG] [2026-06-19T07:55:03.415Z] [34mprisma:query[39m BEGIN
[LOG] [2026-06-19T07:55:03.518Z] [34mprisma:query[39m DEALLOCATE ALL
[LOG] [2026-06-19T07:55:03.723Z] [34mprisma:query[39m SELECT COUNT(*) FROM (SELECT "public"."findings"."id" FROM "public"."findings" WHERE "public"."findings"."reviewId" = $1 OFFSET $2) AS "sub"
[LOG] [2026-06-19T07:55:03.825Z] [34mprisma:query[39m COMMIT
[HTTP] [2026-06-19T07:55:03.826Z] [0mGET /api/reviews/cmqkmu85x0000gszuy607wwug/progress [36m304[0m 1001.620 ms - -[0m
[LOG] [2026-06-19T07:55:04.951Z] [34mprisma:query[39m BEGIN
[LOG] [2026-06-19T07:55:05.054Z] [34mprisma:query[39m DEALLOCATE ALL
[LOG] [2026-06-19T07:55:05.259Z] [34mprisma:query[39m SELECT "public"."reviews"."id", "public"."reviews"."status", "public"."reviews"."stage", "public"."reviews"."uxScore" FROM "public"."reviews" WHERE ("public"."reviews"."id" = $1 AND 1=1) LIMIT $2 OFFSET $3
[LOG] [2026-06-19T07:55:05.361Z] [34mprisma:query[39m COMMIT
[LOG] [2026-06-19T07:55:05.463Z] [34mprisma:query[39m BEGIN
[LOG] [2026-06-19T07:55:05.565Z] [34mprisma:query[39m DEALLOCATE ALL
[LOG] [2026-06-19T07:55:05.770Z] [34mprisma:query[39m SELECT COUNT(*) FROM (SELECT "public"."findings"."id" FROM "public"."findings" WHERE "public"."findings"."reviewId" = $1 OFFSET $2) AS "sub"
[LOG] [2026-06-19T07:55:05.824Z] [34mprisma:query[39m COMMIT
[HTTP] [2026-06-19T07:55:05.825Z] [0mGET /api/reviews/cmqkmu85x0000gszuy607wwug/progress [36m304[0m 1008.225 ms - -[0m
[LOG] [2026-06-19T07:55:06.897Z] [34mprisma:query[39m BEGIN
[LOG] [2026-06-19T07:55:06.999Z] [34mprisma:query[39m DEALLOCATE ALL
[LOG] [2026-06-19T07:55:07.154Z] [34mprisma:query[39m SELECT "public"."reviews"."id", "public"."reviews"."status", "public"."reviews"."stage", "public"."reviews"."uxScore" FROM "public"."reviews" WHERE ("public"."reviews"."id" = $1 AND 1=1) LIMIT $2 OFFSET $3
[LOG] [2026-06-19T07:55:07.307Z] [34mprisma:query[39m COMMIT
[LOG] [2026-06-19T07:55:07.409Z] [34mprisma:query[39m BEGIN
[LOG] [2026-06-19T07:55:07.513Z] [34mprisma:query[39m DEALLOCATE ALL
[LOG] [2026-06-19T07:55:07.716Z] [34mprisma:query[39m SELECT COUNT(*) FROM (SELECT "public"."findings"."id" FROM "public"."findings" WHERE "public"."findings"."reviewId" = $1 OFFSET $2) AS "sub"
[LOG] [2026-06-19T07:55:07.819Z] [34mprisma:query[39m COMMIT
[HTTP] [2026-06-19T07:55:07.821Z] [0mGET /api/reviews/cmqkmu85x0000gszuy607wwug/progress [36m304[0m 992.228 ms - -[0m
[LOG] [2026-06-19T07:55:08.944Z] [34mprisma:query[39m BEGIN
[LOG] [2026-06-19T07:55:09.047Z] [34mprisma:query[39m DEALLOCATE ALL
[LOG] [2026-06-19T07:55:09.258Z] [34mprisma:query[39m SELECT "public"."reviews"."id", "public"."reviews"."status", "public"."reviews"."stage", "public"."reviews"."uxScore" FROM "public"."reviews" WHERE ("public"."reviews"."id" = $1 AND 1=1) LIMIT $2 OFFSET $3
[LOG] [2026-06-19T07:55:09.355Z] [34mprisma:query[39m COMMIT
[LOG] [2026-06-19T07:55:09.457Z] [34mprisma:query[39m BEGIN
[LOG] [2026-06-19T07:55:09.562Z] [34mprisma:query[39m DEALLOCATE ALL
[LOG] [2026-06-19T07:55:09.764Z] [34mprisma:query[39m SELECT COUNT(*) FROM (SELECT "public"."findings"."id" FROM "public"."findings" WHERE "public"."findings"."reviewId" = $1 OFFSET $2) AS "sub"
[LOG] [2026-06-19T07:55:09.881Z] [34mprisma:query[39m COMMIT
[HTTP] [2026-06-19T07:55:09.882Z] [0mGET /api/reviews/cmqkmu85x0000gszuy607wwug/progress [36m304[0m 1060.713 ms - -[0m
[LOG] [2026-06-19T07:55:10.889Z] [34mprisma:query[39m BEGIN
[LOG] [2026-06-19T07:55:10.993Z] [34mprisma:query[39m DEALLOCATE ALL
[LOG] [2026-06-19T07:55:11.161Z] [34mprisma:query[39m SELECT "public"."reviews"."id", "public"."reviews"."status", "public"."reviews"."stage", "public"."reviews"."uxScore" FROM "public"."reviews" WHERE ("public"."reviews"."id" = $1 AND 1=1) LIMIT $2 OFFSET $3
[LOG] [2026-06-19T07:55:11.300Z] [34mprisma:query[39m COMMIT
[LOG] [2026-06-19T07:55:11.402Z] [34mprisma:query[39m BEGIN
[LOG] [2026-06-19T07:55:11.514Z] [34mprisma:query[39m DEALLOCATE ALL
[LOG] [2026-06-19T07:55:11.664Z] [34mprisma:query[39m SELECT COUNT(*) FROM (SELECT "public"."findings"."id" FROM "public"."findings" WHERE "public"."findings"."reviewId" = $1 OFFSET $2) AS "sub"
[LOG] [2026-06-19T07:55:11.711Z] [34mprisma:query[39m COMMIT
[HTTP] [2026-06-19T07:55:11.712Z] [0mGET /api/reviews/cmqkmu85x0000gszuy607wwug/progress [36m304[0m 886.279 ms - -[0m
[LOG] [2026-06-19T07:55:12.938Z] [34mprisma:query[39m SELECT 1
[LOG] [2026-06-19T07:55:13.040Z] [34mprisma:query[39m BEGIN
[LOG] [2026-06-19T07:55:13.146Z] [34mprisma:query[39m DEALLOCATE ALL
[LOG] [2026-06-19T07:55:13.367Z] [34mprisma:query[39m SELECT 1
[LOG] [2026-06-19T07:55:13.450Z] [34mprisma:query[39m SELECT "public"."reviews"."id", "public"."reviews"."status", "public"."reviews"."stage", "public"."reviews"."uxScore" FROM "public"."reviews" WHERE ("public"."reviews"."id" = $1 AND 1=1) LIMIT $2 OFFSET $3
[LOG] [2026-06-19T07:55:13.452Z] [34mprisma:query[39m BEGIN
[LOG] [2026-06-19T07:55:13.563Z] [34mprisma:query[39m COMMIT
[LOG] [2026-06-19T07:55:13.563Z] [34mprisma:query[39m DEALLOCATE ALL
[LOG] [2026-06-19T07:55:13.655Z] [34mprisma:query[39m BEGIN
[LOG] [2026-06-19T07:55:13.772Z] [34mprisma:query[39m DEALLOCATE ALL
[LOG] [2026-06-19T07:55:13.773Z] [34mprisma:query[39m INSERT INTO "public"."findings" ("id","reviewId","title","description","recommendation","severity","area","screen","principle","observation","why","businessImpact","a11yImpact","status","confidence","isAiGenerated","createdAt","updatedAt") VALUES ($1,$2,$3,$4,$5,CAST($6::text AS "public"."Severity"),CAST($7::text AS "public"."ReviewArea"),$8,$9,$10,$11,$12,$13,CAST($14::text AS "public"."FindingStatus"),$15,$16,$17,$18) RETURNING "public"."findings"."id", "public"."findings"."reviewId", "public"."findings"."title", "public"."findings"."description", "public"."findings"."recommendation", "public"."findings"."severity"::text, "public"."findings"."area"::text, "public"."findings"."screen", "public"."findings"."principle", "public"."findings"."observation", "public"."findings"."why", "public"."findings"."businessImpact", "public"."findings"."a11yImpact", "public"."findings"."status"::text, "public"."findings"."confidence", "public"."findings"."notes", "public"."findings"."escalationReason", "public"."findings"."isAiGenerated", "public"."findings"."createdAt", "public"."findings"."updatedAt"
[LOG] [2026-06-19T07:55:13.881Z] [34mprisma:query[39m COMMIT
[LOG] [2026-06-19T07:55:13.939Z] [34mprisma:query[39m SELECT COUNT(*) FROM (SELECT "public"."findings"."id" FROM "public"."findings" WHERE "public"."findings"."reviewId" = $1 OFFSET $2) AS "sub"
[LOG] [2026-06-19T07:55:13.940Z] [34mprisma:query[39m BEGIN
[LOG] [2026-06-19T07:55:14.065Z] [34mprisma:query[39m COMMIT
[LOG] [2026-06-19T07:55:14.065Z] [34mprisma:query[39m DEALLOCATE ALL
[HTTP] [2026-06-19T07:55:14.067Z] [0mGET /api/reviews/cmqkmu85x0000gszuy607wwug/progress [32m200[0m 1248.429 ms - 109[0m
[LOG] [2026-06-19T07:55:14.204Z] [34mprisma:query[39m INSERT INTO "public"."findings" ("id","reviewId","title","description","recommendation","severity","area","screen","principle","observation","why","businessImpact","a11yImpact","status","confidence","isAiGenerated","createdAt","updatedAt") VALUES ($1,$2,$3,$4,$5,CAST($6::text AS "public"."Severity"),CAST($7::text AS "public"."ReviewArea"),$8,$9,$10,$11,$12,$13,CAST($14::text AS "public"."FindingStatus"),$15,$16,$17,$18) RETURNING "public"."findings"."id", "public"."findings"."reviewId", "public"."findings"."title", "public"."findings"."description", "public"."findings"."recommendation", "public"."findings"."severity"::text, "public"."findings"."area"::text, "public"."findings"."screen", "public"."findings"."principle", "public"."findings"."observation", "public"."findings"."why", "public"."findings"."businessImpact", "public"."findings"."a11yImpact", "public"."findings"."status"::text, "public"."findings"."confidence", "public"."findings"."notes", "public"."findings"."escalationReason", "public"."findings"."isAiGenerated", "public"."findings"."createdAt", "public"."findings"."updatedAt"
[LOG] [2026-06-19T07:55:14.264Z] [34mprisma:query[39m COMMIT
[LOG] [2026-06-19T07:55:14.365Z] [34mprisma:query[39m BEGIN
[LOG] [2026-06-19T07:55:14.520Z] [34mprisma:query[39m DEALLOCATE ALL
[LOG] [2026-06-19T07:55:14.613Z] [34mprisma:query[39m INSERT INTO "public"."findings" ("id","reviewId","title","description","recommendation","severity","area","screen","principle","observation","why","businessImpact","a11yImpact","status","confidence","isAiGenerated","createdAt","updatedAt") VALUES ($1,$2,$3,$4,$5,CAST($6::text AS "public"."Severity"),CAST($7::text AS "public"."ReviewArea"),$8,$9,$10,$11,$12,$13,CAST($14::text AS "public"."FindingStatus"),$15,$16,$17,$18) RETURNING "public"."findings"."id", "public"."findings"."reviewId", "public"."findings"."title", "public"."findings"."description", "public"."findings"."recommendation", "public"."findings"."severity"::text, "public"."findings"."area"::text, "public"."findings"."screen", "public"."findings"."principle", "public"."findings"."observation", "public"."findings"."why", "public"."findings"."businessImpact", "public"."findings"."a11yImpact", "public"."findings"."status"::text, "public"."findings"."confidence", "public"."findings"."notes", "public"."findings"."escalationReason", "public"."findings"."isAiGenerated", "public"."findings"."createdAt", "public"."findings"."updatedAt"
[LOG] [2026-06-19T07:55:14.663Z] [34mprisma:query[39m COMMIT
[LOG] [2026-06-19T07:55:14.715Z] [34mprisma:query[39m BEGIN
[LOG] [2026-06-19T07:55:14.819Z] [34mprisma:query[39m DEALLOCATE ALL
[LOG] [2026-06-19T07:55:14.881Z] [34mprisma:query[39m BEGIN
[LOG] [2026-06-19T07:55:14.986Z] [34mprisma:query[39m UPDATE "public"."reviews" SET "stage" = $1, "updatedAt" = $2 WHERE ("public"."reviews"."id" = $3 AND 1=1) RETURNING "public"."reviews"."id", "public"."reviews"."name", "public"."reviews"."product", "public"."reviews"."domain", "public"."reviews"."reviewType", "public"."reviews"."owner", "public"."reviews"."status", "public"."reviews"."stage", "public"."reviews"."uxScore", "public"."reviews"."criteria", "public"."reviews"."depth", "public"."reviews"."confidenceThreshold", "public"."reviews"."createdAt", "public"."reviews"."updatedAt"
[LOG] [2026-06-19T07:55:14.987Z] [34mprisma:query[39m DEALLOCATE ALL
[LOG] [2026-06-19T07:55:15.089Z] [34mprisma:query[39m COMMIT
[LOG] [2026-06-19T07:55:15.136Z] [34mprisma:query[39m SELECT "public"."reviews"."id", "public"."reviews"."status", "public"."reviews"."stage", "public"."reviews"."uxScore" FROM "public"."reviews" WHERE ("public"."reviews"."id" = $1 AND 1=1) LIMIT $2 OFFSET $3
[LOG] [2026-06-19T07:55:15.293Z] [34mprisma:query[39m COMMIT
[LOG] [2026-06-19T07:55:15.349Z] [34mprisma:query[39m BEGIN
[LOG] [2026-06-19T07:55:15.503Z] [34mprisma:query[39m DEALLOCATE ALL
[LOG] [2026-06-19T07:55:15.600Z] [34mprisma:query[39m SELECT COUNT(*) FROM (SELECT "public"."findings"."id" FROM "public"."findings" WHERE "public"."findings"."reviewId" = $1 OFFSET $2) AS "sub"
[LOG] [2026-06-19T07:55:15.647Z] [34mprisma:query[39m COMMIT
[HTTP] [2026-06-19T07:55:15.648Z] [0mGET /api/reviews/cmqkmu85x0000gszuy607wwug/progress [32m200[0m 816.107 ms - 112[0m
[LOG] [2026-06-19T07:55:16.867Z] [34mprisma:query[39m BEGIN
[LOG] [2026-06-19T07:55:16.917Z] [34mprisma:query[39m DEALLOCATE ALL
[LOG] [2026-06-19T07:55:17.017Z] [34mprisma:query[39m SELECT "public"."reviews"."id", "public"."reviews"."status", "public"."reviews"."stage", "public"."reviews"."uxScore" FROM "public"."reviews" WHERE ("public"."reviews"."id" = $1 AND 1=1) LIMIT $2 OFFSET $3
[LOG] [2026-06-19T07:55:17.059Z] [34mprisma:query[39m COMMIT
[LOG] [2026-06-19T07:55:17.119Z] [34mprisma:query[39m BEGIN
[LOG] [2026-06-19T07:55:17.187Z] [34mprisma:query[39m DEALLOCATE ALL
[LOG] [2026-06-19T07:55:17.535Z] [34mprisma:query[39m SELECT COUNT(*) FROM (SELECT "public"."findings"."id" FROM "public"."findings" WHERE "public"."findings"."reviewId" = $1 OFFSET $2) AS "sub"
[LOG] [2026-06-19T07:55:17.605Z] [34mprisma:query[39m COMMIT
[HTTP] [2026-06-19T07:55:17.621Z] [0mGET /api/reviews/cmqkmu85x0000gszuy607wwug/progress [36m304[0m 786.739 ms - -[0m
[LOG] [2026-06-19T07:55:18.870Z] [34mprisma:query[39m BEGIN
[LOG] [2026-06-19T07:55:18.918Z] [34mprisma:query[39m DEALLOCATE ALL
[LOG] [2026-06-19T07:55:19.043Z] [34mprisma:query[39m SELECT "public"."reviews"."id", "public"."reviews"."status", "public"."reviews"."stage", "public"."reviews"."uxScore" FROM "public"."reviews" WHERE ("public"."reviews"."id" = $1 AND 1=1) LIMIT $2 OFFSET $3
[LOG] [2026-06-19T07:55:19.118Z] [34mprisma:query[39m COMMIT
[LOG] [2026-06-19T07:55:19.166Z] [34mprisma:query[39m BEGIN
[LOG] [2026-06-19T07:55:19.234Z] [34mprisma:query[39m DEALLOCATE ALL
[LOG] [2026-06-19T07:55:19.336Z] [34mprisma:query[39m SELECT COUNT(*) FROM (SELECT "public"."findings"."id" FROM "public"."findings" WHERE "public"."findings"."reviewId" = $1 OFFSET $2) AS "sub"
[LOG] [2026-06-19T07:55:19.386Z] [34mprisma:query[39m COMMIT
[HTTP] [2026-06-19T07:55:19.387Z] [0mGET /api/reviews/cmqkmu85x0000gszuy607wwug/progress [36m304[0m 566.850 ms - -[0m
[LOG] [2026-06-19T07:55:20.865Z] [34mprisma:query[39m BEGIN
[LOG] [2026-06-19T07:55:20.999Z] [34mprisma:query[39m DEALLOCATE ALL
[LOG] [2026-06-19T07:55:21.111Z] [34mprisma:query[39m SELECT "public"."reviews"."id", "public"."reviews"."status", "public"."reviews"."stage", "public"."reviews"."uxScore" FROM "public"."reviews" WHERE ("public"."reviews"."id" = $1 AND 1=1) LIMIT $2 OFFSET $3
[LOG] [2026-06-19T07:55:21.157Z] [34mprisma:query[39m COMMIT
[LOG] [2026-06-19T07:55:21.206Z] [34mprisma:query[39m BEGIN
[LOG] [2026-06-19T07:55:21.257Z] [34mprisma:query[39m DEALLOCATE ALL
[LOG] [2026-06-19T07:55:21.363Z] [34mprisma:query[39m SELECT COUNT(*) FROM (SELECT "public"."findings"."id" FROM "public"."findings" WHERE "public"."findings"."reviewId" = $1 OFFSET $2) AS "sub"
[LOG] [2026-06-19T07:55:21.411Z] [34mprisma:query[39m COMMIT
[HTTP] [2026-06-19T07:55:21.417Z] [0mGET /api/reviews/cmqkmu85x0000gszuy607wwug/progress [36m304[0m 594.918 ms - -[0m
[LOG] [2026-06-19T07:55:22.222Z] [34mprisma:query[39m BEGIN
[LOG] [2026-06-19T07:55:22.276Z] [34mprisma:query[39m DEALLOCATE ALL
[LOG] [2026-06-19T07:55:22.377Z] [34mprisma:query[39m INSERT INTO "public"."findings" ("id","reviewId","title","description","recommendation","severity","area","screen","principle","observation","why","businessImpact","a11yImpact","status","confidence","isAiGenerated","createdAt","updatedAt") VALUES ($1,$2,$3,$4,$5,CAST($6::text AS "public"."Severity"),CAST($7::text AS "public"."ReviewArea"),$8,$9,$10,$11,$12,$13,CAST($14::text AS "public"."FindingStatus"),$15,$16,$17,$18) RETURNING "public"."findings"."id", "public"."findings"."reviewId", "public"."findings"."title", "public"."findings"."description", "public"."findings"."recommendation", "public"."findings"."severity"::text, "public"."findings"."area"::text, "public"."findings"."screen", "public"."findings"."principle", "public"."findings"."observation", "public"."findings"."why", "public"."findings"."businessImpact", "public"."findings"."a11yImpact", "public"."findings"."status"::text, "public"."findings"."confidence", "public"."findings"."notes", "public"."findings"."escalationReason", "public"."findings"."isAiGenerated", "public"."findings"."createdAt", "public"."findings"."updatedAt"
[LOG] [2026-06-19T07:55:22.544Z] [34mprisma:query[39m COMMIT
[LOG] [2026-06-19T07:55:22.666Z] [34mprisma:query[39m BEGIN
[LOG] [2026-06-19T07:55:22.846Z] [34mprisma:query[39m DEALLOCATE ALL
[LOG] [2026-06-19T07:55:23.145Z] [34mprisma:query[39m UPDATE "public"."reviews" SET "stage" = $1, "updatedAt" = $2 WHERE ("public"."reviews"."id" = $3 AND 1=1) RETURNING "public"."reviews"."id", "public"."reviews"."name", "public"."reviews"."product", "public"."reviews"."domain", "public"."reviews"."reviewType", "public"."reviews"."owner", "public"."reviews"."status", "public"."reviews"."stage", "public"."reviews"."uxScore", "public"."reviews"."criteria", "public"."reviews"."depth", "public"."reviews"."confidenceThreshold", "public"."reviews"."createdAt", "public"."reviews"."updatedAt"
[LOG] [2026-06-19T07:55:23.159Z] [34mprisma:query[39m BEGIN
[LOG] [2026-06-19T07:55:23.502Z] [34mprisma:query[39m DEALLOCATE ALL
[LOG] [2026-06-19T07:55:23.800Z] [34mprisma:query[39m SELECT "public"."reviews"."id", "public"."reviews"."status", "public"."reviews"."stage", "public"."reviews"."uxScore" FROM "public"."reviews" WHERE ("public"."reviews"."id" = $1 AND 1=1) LIMIT $2 OFFSET $3
[LOG] [2026-06-19T07:55:23.801Z] [34mprisma:query[39m COMMIT
[LOG] [2026-06-19T07:55:23.884Z] [34mprisma:query[39m COMMIT
[LOG] [2026-06-19T07:55:23.884Z] [34mprisma:query[39m BEGIN
[LOG] [2026-06-19T07:55:24.000Z] [34mprisma:query[39m DEALLOCATE ALL
[LOG] [2026-06-19T07:55:24.001Z] [34mprisma:query[39m BEGIN
[LOG] [2026-06-19T07:55:24.071Z] [34mprisma:query[39m DEALLOCATE ALL
[LOG] [2026-06-19T07:55:24.193Z] [34mprisma:query[39m SELECT COUNT(*) FROM (SELECT "public"."findings"."id" FROM "public"."findings" WHERE "public"."findings"."reviewId" = $1 OFFSET $2) AS "sub"
[LOG] [2026-06-19T07:55:24.284Z] [34mprisma:query[39m COMMIT
[HTTP] [2026-06-19T07:55:24.285Z] [0mGET /api/reviews/cmqkmu85x0000gszuy607wwug/progress [32m200[0m 1465.705 ms - 112[0m
[LOG] [2026-06-19T07:55:24.341Z] [34mprisma:query[39m SELECT "public"."findings"."id", "public"."findings"."reviewId", "public"."findings"."title", "public"."findings"."description", "public"."findings"."recommendation", "public"."findings"."severity"::text, "public"."findings"."area"::text, "public"."findings"."screen", "public"."findings"."principle", "public"."findings"."observation", "public"."findings"."why", "public"."findings"."businessImpact", "public"."findings"."a11yImpact", "public"."findings"."status"::text, "public"."findings"."confidence", "public"."findings"."notes", "public"."findings"."escalationReason", "public"."findings"."isAiGenerated", "public"."findings"."createdAt", "public"."findings"."updatedAt" FROM "public"."findings" WHERE "public"."findings"."reviewId" = $1 OFFSET $2
[LOG] [2026-06-19T07:55:24.407Z] [34mprisma:query[39m COMMIT
[LOG] [2026-06-19T07:55:24.919Z] [34mprisma:query[39m BEGIN
[LOG] [2026-06-19T07:55:24.968Z] [34mprisma:query[39m DEALLOCATE ALL
[LOG] [2026-06-19T07:55:25.122Z] [34mprisma:query[39m SELECT "public"."reviews"."id", "public"."reviews"."status", "public"."reviews"."stage", "public"."reviews"."uxScore" FROM "public"."reviews" WHERE ("public"."reviews"."id" = $1 AND 1=1) LIMIT $2 OFFSET $3
[LOG] [2026-06-19T07:55:25.226Z] [34mprisma:query[39m COMMIT
[LOG] [2026-06-19T07:55:25.329Z] [34mprisma:query[39m BEGIN
[LOG] [2026-06-19T07:55:25.381Z] [34mprisma:query[39m DEALLOCATE ALL
[LOG] [2026-06-19T07:55:25.533Z] [34mprisma:query[39m SELECT COUNT(*) FROM (SELECT "public"."findings"."id" FROM "public"."findings" WHERE "public"."findings"."reviewId" = $1 OFFSET $2) AS "sub"
[LOG] [2026-06-19T07:55:25.635Z] [34mprisma:query[39m COMMIT
[HTTP] [2026-06-19T07:55:25.636Z] [0mGET /api/reviews/cmqkmu85x0000gszuy607wwug/progress [36m304[0m 812.401 ms - -[0m
[LOG] [2026-06-19T07:55:26.908Z] [34mprisma:query[39m BEGIN
[LOG] [2026-06-19T07:55:26.977Z] [34mprisma:query[39m DEALLOCATE ALL
[LOG] [2026-06-19T07:55:27.256Z] [34mprisma:query[39m SELECT "public"."reviews"."id", "public"."reviews"."status", "public"."reviews"."stage", "public"."reviews"."uxScore" FROM "public"."reviews" WHERE ("public"."reviews"."id" = $1 AND 1=1) LIMIT $2 OFFSET $3
[LOG] [2026-06-19T07:55:27.367Z] [34mprisma:query[39m COMMIT
[LOG] [2026-06-19T07:55:27.425Z] [34mprisma:query[39m BEGIN
[LOG] [2026-06-19T07:55:27.520Z] [34mprisma:query[39m DEALLOCATE ALL
[LOG] [2026-06-19T07:55:27.629Z] [34mprisma:query[39m SELECT COUNT(*) FROM (SELECT "public"."findings"."id" FROM "public"."findings" WHERE "public"."findings"."reviewId" = $1 OFFSET $2) AS "sub"
[LOG] [2026-06-19T07:55:27.785Z] [34mprisma:query[39m COMMIT
[HTTP] [2026-06-19T07:55:27.786Z] [0mGET /api/reviews/cmqkmu85x0000gszuy607wwug/progress [36m304[0m 960.948 ms - -[0m
[LOG] [2026-06-19T07:55:28.886Z] [34mprisma:query[39m SELECT 1
[LOG] [2026-06-19T07:55:28.978Z] [34mprisma:query[39m BEGIN
[LOG] [2026-06-19T07:55:29.117Z] [34mprisma:query[39m DEALLOCATE ALL
[LOG] [2026-06-19T07:55:29.321Z] [34mprisma:query[39m SELECT "public"."reviews"."id", "public"."reviews"."status", "public"."reviews"."stage", "public"."reviews"."uxScore" FROM "public"."reviews" WHERE ("public"."reviews"."id" = $1 AND 1=1) LIMIT $2 OFFSET $3
[LOG] [2026-06-19T07:55:29.425Z] [34mprisma:query[39m COMMIT
[LOG] [2026-06-19T07:55:29.482Z] [34mprisma:query[39m BEGIN
[LOG] [2026-06-19T07:55:29.562Z] [34mprisma:query[39m DEALLOCATE ALL
[LOG] [2026-06-19T07:55:29.658Z] [34mprisma:query[39m SELECT COUNT(*) FROM (SELECT "public"."findings"."id" FROM "public"."findings" WHERE "public"."findings"."reviewId" = $1 OFFSET $2) AS "sub"
[LOG] [2026-06-19T07:55:29.719Z] [34mprisma:query[39m COMMIT
[HTTP] [2026-06-19T07:55:29.720Z] [0mGET /api/reviews/cmqkmu85x0000gszuy607wwug/progress [36m304[0m 897.801 ms - -[0m
[LOG] [2026-06-19T07:55:30.970Z] [34mprisma:query[39m BEGIN
[LOG] [2026-06-19T07:55:31.064Z] [34mprisma:query[39m DEALLOCATE ALL
[LOG] [2026-06-19T07:55:31.233Z] [34mprisma:query[39m SELECT "public"."reviews"."id", "public"."reviews"."status", "public"."reviews"."stage", "public"."reviews"."uxScore" FROM "public"."reviews" WHERE ("public"."reviews"."id" = $1 AND 1=1) LIMIT $2 OFFSET $3
[LOG] [2026-06-19T07:55:31.378Z] [34mprisma:query[39m COMMIT
[LOG] [2026-06-19T07:55:31.489Z] [34mprisma:query[39m BEGIN
[LOG] [2026-06-19T07:55:31.575Z] [34mprisma:query[39m DEALLOCATE ALL
[LOG] [2026-06-19T07:55:31.780Z] [34mprisma:query[39m SELECT COUNT(*) FROM (SELECT "public"."findings"."id" FROM "public"."findings" WHERE "public"."findings"."reviewId" = $1 OFFSET $2) AS "sub"
[LOG] [2026-06-19T07:55:31.882Z] [34mprisma:query[39m COMMIT
[HTTP] [2026-06-19T07:55:31.883Z] [0mGET /api/reviews/cmqkmu85x0000gszuy607wwug/progress [36m304[0m 1060.645 ms - -[0m
[LOG] [2026-06-19T07:55:32.921Z] [34mprisma:query[39m BEGIN
[LOG] [2026-06-19T07:55:33.019Z] [34mprisma:query[39m DEALLOCATE ALL
[LOG] [2026-06-19T07:55:33.239Z] [34mprisma:query[39m SELECT "public"."reviews"."id", "public"."reviews"."status", "public"."reviews"."stage", "public"."reviews"."uxScore" FROM "public"."reviews" WHERE ("public"."reviews"."id" = $1 AND 1=1) LIMIT $2 OFFSET $3
[LOG] [2026-06-19T07:55:33.315Z] [34mprisma:query[39m COMMIT
[LOG] [2026-06-19T07:55:33.436Z] [34mprisma:query[39m BEGIN
[LOG] [2026-06-19T07:55:33.531Z] [34mprisma:query[39m DEALLOCATE ALL
[LOG] [2026-06-19T07:55:33.883Z] [34mprisma:query[39m SELECT COUNT(*) FROM (SELECT "public"."findings"."id" FROM "public"."findings" WHERE "public"."findings"."reviewId" = $1 OFFSET $2) AS "sub"
[LOG] [2026-06-19T07:55:33.988Z] [34mprisma:query[39m COMMIT
[HTTP] [2026-06-19T07:55:33.989Z] [0mGET /api/reviews/cmqkmu85x0000gszuy607wwug/progress [36m304[0m 1161.231 ms - -[0m
[LOG] [2026-06-19T07:55:34.953Z] [34mprisma:query[39m BEGIN
[LOG] [2026-06-19T07:55:35.023Z] [34mprisma:query[39m DEALLOCATE ALL
[LOG] [2026-06-19T07:55:35.119Z] [34mprisma:query[39m SELECT "public"."reviews"."id", "public"."reviews"."status", "public"."reviews"."stage", "public"."reviews"."uxScore" FROM "public"."reviews" WHERE ("public"."reviews"."id" = $1 AND 1=1) LIMIT $2 OFFSET $3
[LOG] [2026-06-19T07:55:35.209Z] [34mprisma:query[39m COMMIT
[LOG] [2026-06-19T07:55:35.364Z] [34mprisma:query[39m BEGIN
[LOG] [2026-06-19T07:55:35.474Z] [34mprisma:query[39m DEALLOCATE ALL
[LOG] [2026-06-19T07:55:35.629Z] [34mprisma:query[39m SELECT COUNT(*) FROM (SELECT "public"."findings"."id" FROM "public"."findings" WHERE "public"."findings"."reviewId" = $1 OFFSET $2) AS "sub"
[LOG] [2026-06-19T07:55:35.773Z] [34mprisma:query[39m COMMIT
[HTTP] [2026-06-19T07:55:35.774Z] [0mGET /api/reviews/cmqkmu85x0000gszuy607wwug/progress [36m304[0m 954.044 ms - -[0m
[LOG] [2026-06-19T07:55:36.982Z] [34mprisma:query[39m BEGIN
[LOG] [2026-06-19T07:55:37.028Z] [34mprisma:query[39m DEALLOCATE ALL
[LOG] [2026-06-19T07:55:37.121Z] [34mprisma:query[39m SELECT "public"."reviews"."id", "public"."reviews"."status", "public"."reviews"."stage", "public"."reviews"."uxScore" FROM "public"."reviews" WHERE ("public"."reviews"."id" = $1 AND 1=1) LIMIT $2 OFFSET $3
[LOG] [2026-06-19T07:55:37.168Z] [34mprisma:query[39m COMMIT
[LOG] [2026-06-19T07:55:37.216Z] [34mprisma:query[39m BEGIN
[LOG] [2026-06-19T07:55:37.263Z] [34mprisma:query[39m DEALLOCATE ALL
[LOG] [2026-06-19T07:55:37.356Z] [34mprisma:query[39m SELECT COUNT(*) FROM (SELECT "public"."findings"."id" FROM "public"."findings" WHERE "public"."findings"."reviewId" = $1 OFFSET $2) AS "sub"
[LOG] [2026-06-19T07:55:37.403Z] [34mprisma:query[39m COMMIT
[HTTP] [2026-06-19T07:55:37.404Z] [0mGET /api/reviews/cmqkmu85x0000gszuy607wwug/progress [36m304[0m 575.785 ms - -[0m
[LOG] [2026-06-19T07:55:38.960Z] [34mprisma:query[39m BEGIN
[LOG] [2026-06-19T07:55:39.178Z] [34mprisma:query[39m DEALLOCATE ALL
[LOG] [2026-06-19T07:55:39.275Z] [34mprisma:query[39m SELECT "public"."reviews"."id", "public"."reviews"."status", "public"."reviews"."stage", "public"."reviews"."uxScore" FROM "public"."reviews" WHERE ("public"."reviews"."id" = $1 AND 1=1) LIMIT $2 OFFSET $3
[LOG] [2026-06-19T07:55:39.341Z] [34mprisma:query[39m COMMIT
[LOG] [2026-06-19T07:55:39.663Z] [34mprisma:query[39m BEGIN
[LOG] [2026-06-19T07:55:39.765Z] [34mprisma:query[39m DEALLOCATE ALL
[LOG] [2026-06-19T07:55:39.868Z] [34mprisma:query[39m SELECT COUNT(*) FROM (SELECT "public"."findings"."id" FROM "public"."findings" WHERE "public"."findings"."reviewId" = $1 OFFSET $2) AS "sub"
[LOG] [2026-06-19T07:55:39.914Z] [34mprisma:query[39m COMMIT
[HTTP] [2026-06-19T07:55:39.916Z] [0mGET /api/reviews/cmqkmu85x0000gszuy607wwug/progress [36m304[0m 1084.903 ms - -[0m
[LOG] [2026-06-19T07:55:40.897Z] [34mprisma:query[39m BEGIN
[LOG] [2026-06-19T07:55:41.013Z] [34mprisma:query[39m DEALLOCATE ALL
[LOG] [2026-06-19T07:55:41.133Z] [34mprisma:query[39m SELECT "public"."reviews"."id", "public"."reviews"."status", "public"."reviews"."stage", "public"."reviews"."uxScore" FROM "public"."reviews" WHERE ("public"."reviews"."id" = $1 AND 1=1) LIMIT $2 OFFSET $3
[LOG] [2026-06-19T07:55:41.179Z] [34mprisma:query[39m COMMIT
[LOG] [2026-06-19T07:55:41.226Z] [34mprisma:query[39m BEGIN
[LOG] [2026-06-19T07:55:41.272Z] [34mprisma:query[39m DEALLOCATE ALL
[LOG] [2026-06-19T07:55:41.368Z] [34mprisma:query[39m SELECT COUNT(*) FROM (SELECT "public"."findings"."id" FROM "public"."findings" WHERE "public"."findings"."reviewId" = $1 OFFSET $2) AS "sub"
[LOG] [2026-06-19T07:55:41.415Z] [34mprisma:query[39m COMMIT
[HTTP] [2026-06-19T07:55:41.415Z] [0mGET /api/reviews/cmqkmu85x0000gszuy607wwug/progress [36m304[0m 600.873 ms - -[0m
[LOG] [2026-06-19T07:55:42.876Z] [34mprisma:query[39m BEGIN
[LOG] [2026-06-19T07:55:42.940Z] [34mprisma:query[39m DEALLOCATE ALL
[LOG] [2026-06-19T07:55:43.145Z] [34mprisma:query[39m SELECT "public"."reviews"."id", "public"."reviews"."status", "public"."reviews"."stage", "public"."reviews"."uxScore" FROM "public"."reviews" WHERE ("public"."reviews"."id" = $1 AND 1=1) LIMIT $2 OFFSET $3
[LOG] [2026-06-19T07:55:43.247Z] [34mprisma:query[39m COMMIT
[LOG] [2026-06-19T07:55:43.350Z] [34mprisma:query[39m BEGIN
[LOG] [2026-06-19T07:55:43.461Z] [34mprisma:query[39m DEALLOCATE ALL
[LOG] [2026-06-19T07:55:43.555Z] [34mprisma:query[39m SELECT 1
[LOG] [2026-06-19T07:55:43.657Z] [34mprisma:query[39m SELECT COUNT(*) FROM (SELECT "public"."findings"."id" FROM "public"."findings" WHERE "public"."findings"."reviewId" = $1 OFFSET $2) AS "sub"
[LOG] [2026-06-19T07:55:43.657Z] [34mprisma:query[39m BEGIN
[LOG] [2026-06-19T07:55:43.760Z] [34mprisma:query[39m COMMIT
[LOG] [2026-06-19T07:55:43.760Z] [34mprisma:query[39m DEALLOCATE ALL
[HTTP] [2026-06-19T07:55:43.761Z] [0mGET /api/reviews/cmqkmu85x0000gszuy607wwug/progress [36m304[0m 936.277 ms - -[0m
[LOG] [2026-06-19T07:55:43.963Z] [34mprisma:query[39m INSERT INTO "public"."review_basis_items" ("id","explanation","name","type","findingId") VALUES ($1,$2,$3,$4,$5), ($6,$7,$8,$9,$10), ($11,$12,$13,$14,$15), ($16,$17,$18,$19,$20), ($21,$22,$23,$24,$25), ($26,$27,$28,$29,$30), ($31,$32,$33,$34,$35), ($36,$37,$38,$39,$40), ($41,$42,$43,$44,$45), ($46,$47,$48,$49,$50), ($51,$52,$53,$54,$55), ($56,$57,$58,$59,$60), ($61,$62,$63,$64,$65), ($66,$67,$68,$69,$70), ($71,$72,$73,$74,$75), ($76,$77,$78,$79,$80), ($81,$82,$83,$84,$85), ($86,$87,$88,$89,$90), ($91,$92,$93,$94,$95), ($96,$97,$98,$99,$100), ($101,$102,$103,$104,$105), ($106,$107,$108,$109,$110), ($111,$112,$113,$114,$115), ($116,$117,$118,$119,$120), ($121,$122,$123,$124,$125), ($126,$127,$128,$129,$130), ($131,$132,$133,$134,$135), ($136,$137,$138,$139,$140), ($141,$142,$143,$144,$145), ($146,$147,$148,$149,$150), ($151,$152,$153,$154,$155), ($156,$157,$158,$159,$160), ($161,$162,$163,$164,$165), ($166,$167,$168,$169,$170), ($171,$172,$173,$174,$175), ($176,$177,$178,$179,$180), ($181,$182,$183,$184,$185)
[LOG] [2026-06-19T07:55:44.034Z] [34mprisma:query[39m COMMIT
[LOG] [2026-06-19T07:55:44.169Z] [34mprisma:query[39m BEGIN
[LOG] [2026-06-19T07:55:44.271Z] [34mprisma:query[39m DEALLOCATE ALL
[LOG] [2026-06-19T07:55:44.445Z] [34mprisma:query[39m UPDATE "public"."reviews" SET "stage" = $1, "updatedAt" = $2 WHERE ("public"."reviews"."id" = $3 AND 1=1) RETURNING "public"."reviews"."id", "public"."reviews"."name", "public"."reviews"."product", "public"."reviews"."domain", "public"."reviews"."reviewType", "public"."reviews"."owner", "public"."reviews"."status", "public"."reviews"."stage", "public"."reviews"."uxScore", "public"."reviews"."criteria", "public"."reviews"."depth", "public"."reviews"."confidenceThreshold", "public"."reviews"."createdAt", "public"."reviews"."updatedAt"
[LOG] [2026-06-19T07:55:44.508Z] [34mprisma:query[39m COMMIT
[LOG] [2026-06-19T07:55:44.886Z] [34mprisma:query[39m BEGIN
[LOG] [2026-06-19T07:55:44.990Z] [34mprisma:query[39m DEALLOCATE ALL
[LOG] [2026-06-19T07:55:45.193Z] [34mprisma:query[39m SELECT "public"."reviews"."id", "public"."reviews"."status", "public"."reviews"."stage", "public"."reviews"."uxScore" FROM "public"."reviews" WHERE ("public"."reviews"."id" = $1 AND 1=1) LIMIT $2 OFFSET $3
[LOG] [2026-06-19T07:55:45.295Z] [34mprisma:query[39m COMMIT
[LOG] [2026-06-19T07:55:45.398Z] [34mprisma:query[39m BEGIN
[LOG] [2026-06-19T07:55:45.500Z] [34mprisma:query[39m DEALLOCATE ALL
[LOG] [2026-06-19T07:55:45.705Z] [34mprisma:query[39m SELECT COUNT(*) FROM (SELECT "public"."findings"."id" FROM "public"."findings" WHERE "public"."findings"."reviewId" = $1 OFFSET $2) AS "sub"
[LOG] [2026-06-19T07:55:45.822Z] [34mprisma:query[39m COMMIT
[HTTP] [2026-06-19T07:55:45.823Z] [0mGET /api/reviews/cmqkmu85x0000gszuy607wwug/progress [32m200[0m 1000.476 ms - 113[0m
[LOG] [2026-06-19T07:55:46.934Z] [34mprisma:query[39m BEGIN
[LOG] [2026-06-19T07:55:47.042Z] [34mprisma:query[39m DEALLOCATE ALL
[LOG] [2026-06-19T07:55:47.241Z] [34mprisma:query[39m SELECT "public"."reviews"."id", "public"."reviews"."status", "public"."reviews"."stage", "public"."reviews"."uxScore" FROM "public"."reviews" WHERE ("public"."reviews"."id" = $1 AND 1=1) LIMIT $2 OFFSET $3
[LOG] [2026-06-19T07:55:47.343Z] [34mprisma:query[39m COMMIT
[LOG] [2026-06-19T07:55:47.445Z] [34mprisma:query[39m BEGIN
[LOG] [2026-06-19T07:55:47.548Z] [34mprisma:query[39m DEALLOCATE ALL
[LOG] [2026-06-19T07:55:47.754Z] [34mprisma:query[39m SELECT COUNT(*) FROM (SELECT "public"."findings"."id" FROM "public"."findings" WHERE "public"."findings"."reviewId" = $1 OFFSET $2) AS "sub"
[LOG] [2026-06-19T07:55:47.925Z] [34mprisma:query[39m COMMIT
[HTTP] [2026-06-19T07:55:47.926Z] [0mGET /api/reviews/cmqkmu85x0000gszuy607wwug/progress [36m304[0m 1107.937 ms - -[0m
[WARN] [2026-06-19T07:55:48.335Z] Prioritization: Finding ID "f-9" not found in database. Skipping.
[LOG] [2026-06-19T07:55:48.398Z] [34mprisma:query[39m BEGIN
[LOG] [2026-06-19T07:55:48.469Z] [34mprisma:query[39m DEALLOCATE ALL
[LOG] [2026-06-19T07:55:48.621Z] [34mprisma:query[39m UPDATE "public"."findings" SET "severity" = CAST($1::text AS "public"."Severity"), "status" = CAST($2::text AS "public"."FindingStatus"), "updatedAt" = $3 WHERE ("public"."findings"."id" = $4 AND 1=1) RETURNING "public"."findings"."id", "public"."findings"."reviewId", "public"."findings"."title", "public"."findings"."description", "public"."findings"."recommendation", "public"."findings"."severity"::text, "public"."findings"."area"::text, "public"."findings"."screen", "public"."findings"."principle", "public"."findings"."observation", "public"."findings"."why", "public"."findings"."businessImpact", "public"."findings"."a11yImpact", "public"."findings"."status"::text, "public"."findings"."confidence", "public"."findings"."notes", "public"."findings"."escalationReason", "public"."findings"."isAiGenerated", "public"."findings"."createdAt", "public"."findings"."updatedAt"
[LOG] [2026-06-19T07:55:48.835Z] [34mprisma:query[39m UPDATE "public"."findings" SET "severity" = CAST($1::text AS "public"."Severity"), "status" = CAST($2::text AS "public"."FindingStatus"), "updatedAt" = $3 WHERE ("public"."findings"."id" = $4 AND 1=1) RETURNING "public"."findings"."id", "public"."findings"."reviewId", "public"."findings"."title", "public"."findings"."description", "public"."findings"."recommendation", "public"."findings"."severity"::text, "public"."findings"."area"::text, "public"."findings"."screen", "public"."findings"."principle", "public"."findings"."observation", "public"."findings"."why", "public"."findings"."businessImpact", "public"."findings"."a11yImpact", "public"."findings"."status"::text, "public"."findings"."confidence", "public"."findings"."notes", "public"."findings"."escalationReason", "public"."findings"."isAiGenerated", "public"."findings"."createdAt", "public"."findings"."updatedAt"
[LOG] [2026-06-19T07:55:49.099Z] [34mprisma:query[39m SELECT 1
[LOG] [2026-06-19T07:55:49.218Z] [34mprisma:query[39m BEGIN
[LOG] [2026-06-19T07:55:49.219Z] [34mprisma:query[39m UPDATE "public"."findings" SET "severity" = CAST($1::text AS "public"."Severity"), "status" = CAST($2::text AS "public"."FindingStatus"), "updatedAt" = $3 WHERE ("public"."findings"."id" = $4 AND 1=1) RETURNING "public"."findings"."id", "public"."findings"."reviewId", "public"."findings"."title", "public"."findings"."description", "public"."findings"."recommendation", "public"."findings"."severity"::text, "public"."findings"."area"::text, "public"."findings"."screen", "public"."findings"."principle", "public"."findings"."observation", "public"."findings"."why", "public"."findings"."businessImpact", "public"."findings"."a11yImpact", "public"."findings"."status"::text, "public"."findings"."confidence", "public"."findings"."notes", "public"."findings"."escalationReason", "public"."findings"."isAiGenerated", "public"."findings"."createdAt", "public"."findings"."updatedAt"
[LOG] [2026-06-19T07:55:49.299Z] [34mprisma:query[39m DEALLOCATE ALL
[LOG] [2026-06-19T07:55:49.392Z] [34mprisma:query[39m UPDATE "public"."findings" SET "severity" = CAST($1::text AS "public"."Severity"), "status" = CAST($2::text AS "public"."FindingStatus"), "updatedAt" = $3 WHERE ("public"."findings"."id" = $4 AND 1=1) RETURNING "public"."findings"."id", "public"."findings"."reviewId", "public"."findings"."title", "public"."findings"."description", "public"."findings"."recommendation", "public"."findings"."severity"::text, "public"."findings"."area"::text, "public"."findings"."screen", "public"."findings"."principle", "public"."findings"."observation", "public"."findings"."why", "public"."findings"."businessImpact", "public"."findings"."a11yImpact", "public"."findings"."status"::text, "public"."findings"."confidence", "public"."findings"."notes", "public"."findings"."escalationReason", "public"."findings"."isAiGenerated", "public"."findings"."createdAt", "public"."findings"."updatedAt"
[LOG] [2026-06-19T07:55:49.494Z] [34mprisma:query[39m SELECT "public"."reviews"."id", "public"."reviews"."status", "public"."reviews"."stage", "public"."reviews"."uxScore" FROM "public"."reviews" WHERE ("public"."reviews"."id" = $1 AND 1=1) LIMIT $2 OFFSET $3
[LOG] [2026-06-19T07:55:49.551Z] [34mprisma:query[39m COMMIT
[LOG] [2026-06-19T07:55:49.562Z] [34mprisma:query[39m UPDATE "public"."findings" SET "severity" = CAST($1::text AS "public"."Severity"), "status" = CAST($2::text AS "public"."FindingStatus"), "updatedAt" = $3 WHERE ("public"."findings"."id" = $4 AND 1=1) RETURNING "public"."findings"."id", "public"."findings"."reviewId", "public"."findings"."title", "public"."findings"."description", "public"."findings"."recommendation", "public"."findings"."severity"::text, "public"."findings"."area"::text, "public"."findings"."screen", "public"."findings"."principle", "public"."findings"."observation", "public"."findings"."why", "public"."findings"."businessImpact", "public"."findings"."a11yImpact", "public"."findings"."status"::text, "public"."findings"."confidence", "public"."findings"."notes", "public"."findings"."escalationReason", "public"."findings"."isAiGenerated", "public"."findings"."createdAt", "public"."findings"."updatedAt"
[LOG] [2026-06-19T07:55:49.698Z] [34mprisma:query[39m BEGIN
[LOG] [2026-06-19T07:55:49.813Z] [34mprisma:query[39m DEALLOCATE ALL
[LOG] [2026-06-19T07:55:49.814Z] [34mprisma:query[39m UPDATE "public"."findings" SET "severity" = CAST($1::text AS "public"."Severity"), "status" = CAST($2::text AS "public"."FindingStatus"), "updatedAt" = $3 WHERE ("public"."findings"."id" = $4 AND 1=1) RETURNING "public"."findings"."id", "public"."findings"."reviewId", "public"."findings"."title", "public"."findings"."description", "public"."findings"."recommendation", "public"."findings"."severity"::text, "public"."findings"."area"::text, "public"."findings"."screen", "public"."findings"."principle", "public"."findings"."observation", "public"."findings"."why", "public"."findings"."businessImpact", "public"."findings"."a11yImpact", "public"."findings"."status"::text, "public"."findings"."confidence", "public"."findings"."notes", "public"."findings"."escalationReason", "public"."findings"."isAiGenerated", "public"."findings"."createdAt", "public"."findings"."updatedAt"
[LOG] [2026-06-19T07:55:50.022Z] [34mprisma:query[39m SELECT COUNT(*) FROM (SELECT "public"."findings"."id" FROM "public"."findings" WHERE "public"."findings"."reviewId" = $1 OFFSET $2) AS "sub"
[LOG] [2026-06-19T07:55:50.023Z] [34mprisma:query[39m UPDATE "public"."findings" SET "severity" = CAST($1::text AS "public"."Severity"), "status" = CAST($2::text AS "public"."FindingStatus"), "updatedAt" = $3 WHERE ("public"."findings"."id" = $4 AND 1=1) RETURNING "public"."findings"."id", "public"."findings"."reviewId", "public"."findings"."title", "public"."findings"."description", "public"."findings"."recommendation", "public"."findings"."severity"::text, "public"."findings"."area"::text, "public"."findings"."screen", "public"."findings"."principle", "public"."findings"."observation", "public"."findings"."why", "public"."findings"."businessImpact", "public"."findings"."a11yImpact", "public"."findings"."status"::text, "public"."findings"."confidence", "public"."findings"."notes", "public"."findings"."escalationReason", "public"."findings"."isAiGenerated", "public"."findings"."createdAt", "public"."findings"."updatedAt"
[LOG] [2026-06-19T07:55:50.124Z] [34mprisma:query[39m COMMIT
[HTTP] [2026-06-19T07:55:50.125Z] [0mGET /api/reviews/cmqkmu85x0000gszuy607wwug/progress [36m304[0m 1308.073 ms - -[0m
[LOG] [2026-06-19T07:55:50.225Z] [34mprisma:query[39m UPDATE "public"."findings" SET "severity" = CAST($1::text AS "public"."Severity"), "status" = CAST($2::text AS "public"."FindingStatus"), "updatedAt" = $3 WHERE ("public"."findings"."id" = $4 AND 1=1) RETURNING "public"."findings"."id", "public"."findings"."reviewId", "public"."findings"."title", "public"."findings"."description", "public"."findings"."recommendation", "public"."findings"."severity"::text, "public"."findings"."area"::text, "public"."findings"."screen", "public"."findings"."principle", "public"."findings"."observation", "public"."findings"."why", "public"."findings"."businessImpact", "public"."findings"."a11yImpact", "public"."findings"."status"::text, "public"."findings"."confidence", "public"."findings"."notes", "public"."findings"."escalationReason", "public"."findings"."isAiGenerated", "public"."findings"."createdAt", "public"."findings"."updatedAt"
[LOG] [2026-06-19T07:55:50.416Z] [34mprisma:query[39m UPDATE "public"."findings" SET "severity" = CAST($1::text AS "public"."Severity"), "status" = CAST($2::text AS "public"."FindingStatus"), "updatedAt" = $3 WHERE ("public"."findings"."id" = $4 AND 1=1) RETURNING "public"."findings"."id", "public"."findings"."reviewId", "public"."findings"."title", "public"."findings"."description", "public"."findings"."recommendation", "public"."findings"."severity"::text, "public"."findings"."area"::text, "public"."findings"."screen", "public"."findings"."principle", "public"."findings"."observation", "public"."findings"."why", "public"."findings"."businessImpact", "public"."findings"."a11yImpact", "public"."findings"."status"::text, "public"."findings"."confidence", "public"."findings"."notes", "public"."findings"."escalationReason", "public"."findings"."isAiGenerated", "public"."findings"."createdAt", "public"."findings"."updatedAt"
[LOG] [2026-06-19T07:55:50.692Z] [34mprisma:query[39m UPDATE "public"."findings" SET "severity" = CAST($1::text AS "public"."Severity"), "status" = CAST($2::text AS "public"."FindingStatus"), "updatedAt" = $3 WHERE ("public"."findings"."id" = $4 AND 1=1) RETURNING "public"."findings"."id", "public"."findings"."reviewId", "public"."findings"."title", "public"."findings"."description", "public"."findings"."recommendation", "public"."findings"."severity"::text, "public"."findings"."area"::text, "public"."findings"."screen", "public"."findings"."principle", "public"."findings"."observation", "public"."findings"."why", "public"."findings"."businessImpact", "public"."findings"."a11yImpact", "public"."findings"."status"::text, "public"."findings"."confidence", "public"."findings"."notes", "public"."findings"."escalationReason", "public"."findings"."isAiGenerated", "public"."findings"."createdAt", "public"."findings"."updatedAt"
[LOG] [2026-06-19T07:55:50.902Z] [34mprisma:query[39m BEGIN
[LOG] [2026-06-19T07:55:50.902Z] [34mprisma:query[39m UPDATE "public"."findings" SET "severity" = CAST($1::text AS "public"."Severity"), "status" = CAST($2::text AS "public"."FindingStatus"), "updatedAt" = $3 WHERE ("public"."findings"."id" = $4 AND 1=1) RETURNING "public"."findings"."id", "public"."findings"."reviewId", "public"."findings"."title", "public"."findings"."description", "public"."findings"."recommendation", "public"."findings"."severity"::text, "public"."findings"."area"::text, "public"."findings"."screen", "public"."findings"."principle", "public"."findings"."observation", "public"."findings"."why", "public"."findings"."businessImpact", "public"."findings"."a11yImpact", "public"."findings"."status"::text, "public"."findings"."confidence", "public"."findings"."notes", "public"."findings"."escalationReason", "public"."findings"."isAiGenerated", "public"."findings"."createdAt", "public"."findings"."updatedAt"
[LOG] [2026-06-19T07:55:51.032Z] [34mprisma:query[39m DEALLOCATE ALL
[LOG] [2026-06-19T07:55:51.132Z] [34mprisma:query[39m UPDATE "public"."findings" SET "severity" = CAST($1::text AS "public"."Severity"), "status" = CAST($2::text AS "public"."FindingStatus"), "updatedAt" = $3 WHERE ("public"."findings"."id" = $4 AND 1=1) RETURNING "public"."findings"."id", "public"."findings"."reviewId", "public"."findings"."title", "public"."findings"."description", "public"."findings"."recommendation", "public"."findings"."severity"::text, "public"."findings"."area"::text, "public"."findings"."screen", "public"."findings"."principle", "public"."findings"."observation", "public"."findings"."why", "public"."findings"."businessImpact", "public"."findings"."a11yImpact", "public"."findings"."status"::text, "public"."findings"."confidence", "public"."findings"."notes", "public"."findings"."escalationReason", "public"."findings"."isAiGenerated", "public"."findings"."createdAt", "public"."findings"."updatedAt"
[LOG] [2026-06-19T07:55:51.236Z] [34mprisma:query[39m SELECT "public"."reviews"."id", "public"."reviews"."status", "public"."reviews"."stage", "public"."reviews"."uxScore" FROM "public"."reviews" WHERE ("public"."reviews"."id" = $1 AND 1=1) LIMIT $2 OFFSET $3
[LOG] [2026-06-19T07:55:51.254Z] [34mprisma:query[39m COMMIT
[LOG] [2026-06-19T07:55:51.336Z] [34mprisma:query[39m COMMIT
[LOG] [2026-06-19T07:55:51.337Z] [34mprisma:query[39m BEGIN
[LOG] [2026-06-19T07:55:51.447Z] [34mprisma:query[39m DEALLOCATE ALL
[LOG] [2026-06-19T07:55:51.470Z] [34mprisma:query[39m BEGIN
[LOG] [2026-06-19T07:55:51.542Z] [34mprisma:query[39m DEALLOCATE ALL
[LOG] [2026-06-19T07:55:51.868Z] [34mprisma:query[39m UPDATE "public"."reviews" SET "uxScore" = $1, "updatedAt" = $2 WHERE ("public"."reviews"."id" = $3 AND 1=1) RETURNING "public"."reviews"."id", "public"."reviews"."name", "public"."reviews"."product", "public"."reviews"."domain", "public"."reviews"."reviewType", "public"."reviews"."owner", "public"."reviews"."status", "public"."reviews"."stage", "public"."reviews"."uxScore", "public"."reviews"."criteria", "public"."reviews"."depth", "public"."reviews"."confidenceThreshold", "public"."reviews"."createdAt", "public"."reviews"."updatedAt"
[LOG] [2026-06-19T07:55:51.953Z] [34mprisma:query[39m SELECT COUNT(*) FROM (SELECT "public"."findings"."id" FROM "public"."findings" WHERE "public"."findings"."reviewId" = $1 OFFSET $2) AS "sub"
[LOG] [2026-06-19T07:55:51.953Z] [34mprisma:query[39m COMMIT
[LOG] [2026-06-19T07:55:52.055Z] [34mprisma:query[39m COMMIT
[LOG] [2026-06-19T07:55:52.055Z] [34mprisma:query[39m BEGIN
[HTTP] [2026-06-19T07:55:52.056Z] [0mGET /api/reviews/cmqkmu85x0000gszuy607wwug/progress [36m304[0m 1233.525 ms - -[0m
[LOG] [2026-06-19T07:55:52.128Z] [34mprisma:query[39m DEALLOCATE ALL
[LOG] [2026-06-19T07:55:52.357Z] [34mprisma:query[39m UPDATE "public"."reviews" SET "stage" = $1, "updatedAt" = $2 WHERE ("public"."reviews"."id" = $3 AND 1=1) RETURNING "public"."reviews"."id", "public"."reviews"."name", "public"."reviews"."product", "public"."reviews"."domain", "public"."reviews"."reviewType", "public"."reviews"."owner", "public"."reviews"."status", "public"."reviews"."stage", "public"."reviews"."uxScore", "public"."reviews"."criteria", "public"."reviews"."depth", "public"."reviews"."confidenceThreshold", "public"."reviews"."createdAt", "public"."reviews"."updatedAt"
[LOG] [2026-06-19T07:55:52.478Z] [34mprisma:query[39m COMMIT
[LOG] [2026-06-19T07:55:52.567Z] [34mprisma:query[39m BEGIN
[LOG] [2026-06-19T07:55:52.669Z] [34mprisma:query[39m DEALLOCATE ALL
[LOG] [2026-06-19T07:55:52.877Z] [34mprisma:query[39m BEGIN
[LOG] [2026-06-19T07:55:52.978Z] [34mprisma:query[39m DEALLOCATE ALL
[LOG] [2026-06-19T07:55:53.080Z] [34mprisma:query[39m SELECT "public"."findings"."id", "public"."findings"."reviewId", "public"."findings"."title", "public"."findings"."description", "public"."findings"."recommendation", "public"."findings"."severity"::text, "public"."findings"."area"::text, "public"."findings"."screen", "public"."findings"."principle", "public"."findings"."observation", "public"."findings"."why", "public"."findings"."businessImpact", "public"."findings"."a11yImpact", "public"."findings"."status"::text, "public"."findings"."confidence", "public"."findings"."notes", "public"."findings"."escalationReason", "public"."findings"."isAiGenerated", "public"."findings"."createdAt", "public"."findings"."updatedAt" FROM "public"."findings" WHERE "public"."findings"."reviewId" = $1 OFFSET $2
[LOG] [2026-06-19T07:55:53.196Z] [34mprisma:query[39m SELECT "public"."reviews"."id", "public"."reviews"."status", "public"."reviews"."stage", "public"."reviews"."uxScore" FROM "public"."reviews" WHERE ("public"."reviews"."id" = $1 AND 1=1) LIMIT $2 OFFSET $3
[LOG] [2026-06-19T07:55:53.196Z] [34mprisma:query[39m COMMIT
[LOG] [2026-06-19T07:55:53.245Z] [34mprisma:query[39m COMMIT
[LOG] [2026-06-19T07:55:53.295Z] [34mprisma:query[39m BEGIN
[LOG] [2026-06-19T07:55:53.344Z] [34mprisma:query[39m DEALLOCATE ALL
[LOG] [2026-06-19T07:55:53.590Z] [34mprisma:query[39m SELECT COUNT(*) FROM (SELECT "public"."findings"."id" FROM "public"."findings" WHERE "public"."findings"."reviewId" = $1 OFFSET $2) AS "sub"
[LOG] [2026-06-19T07:55:53.691Z] [34mprisma:query[39m COMMIT
[HTTP] [2026-06-19T07:55:53.692Z] [0mGET /api/reviews/cmqkmu85x0000gszuy607wwug/progress [32m200[0m 868.225 ms - 107[0m
[LOG] [2026-06-19T07:55:54.895Z] [34mprisma:query[39m BEGIN
[LOG] [2026-06-19T07:55:54.946Z] [34mprisma:query[39m DEALLOCATE ALL
[LOG] [2026-06-19T07:55:55.127Z] [34mprisma:query[39m SELECT "public"."reviews"."id", "public"."reviews"."status", "public"."reviews"."stage", "public"."reviews"."uxScore" FROM "public"."reviews" WHERE ("public"."reviews"."id" = $1 AND 1=1) LIMIT $2 OFFSET $3
[LOG] [2026-06-19T07:55:55.247Z] [34mprisma:query[39m COMMIT
[LOG] [2026-06-19T07:55:55.335Z] [34mprisma:query[39m BEGIN
[LOG] [2026-06-19T07:55:55.433Z] [34mprisma:query[39m DEALLOCATE ALL
[LOG] [2026-06-19T07:55:55.638Z] [34mprisma:query[39m SELECT COUNT(*) FROM (SELECT "public"."findings"."id" FROM "public"."findings" WHERE "public"."findings"."reviewId" = $1 OFFSET $2) AS "sub"
[LOG] [2026-06-19T07:55:55.740Z] [34mprisma:query[39m COMMIT
[HTTP] [2026-06-19T07:55:55.740Z] [0mGET /api/reviews/cmqkmu85x0000gszuy607wwug/progress [36m304[0m 922.761 ms - -[0m
[LOG] [2026-06-19T07:55:56.884Z] [34mprisma:query[39m BEGIN
[LOG] [2026-06-19T07:55:56.967Z] [34mprisma:query[39m DEALLOCATE ALL
[LOG] [2026-06-19T07:55:57.173Z] [34mprisma:query[39m SELECT "public"."reviews"."id", "public"."reviews"."status", "public"."reviews"."stage", "public"."reviews"."uxScore" FROM "public"."reviews" WHERE ("public"."reviews"."id" = $1 AND 1=1) LIMIT $2 OFFSET $3
[LOG] [2026-06-19T07:55:57.274Z] [34mprisma:query[39m COMMIT
[LOG] [2026-06-19T07:55:57.377Z] [34mprisma:query[39m BEGIN
[LOG] [2026-06-19T07:55:57.481Z] [34mprisma:query[39m DEALLOCATE ALL
[LOG] [2026-06-19T07:55:57.684Z] [34mprisma:query[39m SELECT COUNT(*) FROM (SELECT "public"."findings"."id" FROM "public"."findings" WHERE "public"."findings"."reviewId" = $1 OFFSET $2) AS "sub"
[LOG] [2026-06-19T07:55:57.773Z] [34mprisma:query[39m COMMIT
[HTTP] [2026-06-19T07:55:57.774Z] [0mGET /api/reviews/cmqkmu85x0000gszuy607wwug/progress [36m304[0m 947.828 ms - -[0m
[LOG] [2026-06-19T07:55:58.865Z] [34mprisma:query[39m BEGIN
[LOG] [2026-06-19T07:55:58.912Z] [34mprisma:query[39m DEALLOCATE ALL
[LOG] [2026-06-19T07:56:00.465Z] [34mprisma:query[39m SELECT "public"."reviews"."id", "public"."reviews"."status", "public"."reviews"."stage", "public"."reviews"."uxScore" FROM "public"."reviews" WHERE ("public"."reviews"."id" = $1 AND 1=1) LIMIT $2 OFFSET $3
[LOG] [2026-06-19T07:56:00.604Z] [34mprisma:query[39m COMMIT
[LOG] [2026-06-19T07:56:00.790Z] [34mprisma:query[39m BEGIN
[LOG] [2026-06-19T07:56:00.908Z] [34mprisma:query[39m DEALLOCATE ALL
[LOG] [2026-06-19T07:56:01.207Z] [34mprisma:query[39m SELECT COUNT(*) FROM (SELECT "public"."findings"."id" FROM "public"."findings" WHERE "public"."findings"."reviewId" = $1 OFFSET $2) AS "sub"
[LOG] [2026-06-19T07:56:01.372Z] [34mprisma:query[39m COMMIT
[HTTP] [2026-06-19T07:56:01.373Z] [0mGET /api/reviews/cmqkmu85x0000gszuy607wwug/progress [36m304[0m 2558.534 ms - -[0m
[LOG] [2026-06-19T07:56:01.424Z] [34mprisma:query[39m BEGIN
[LOG] [2026-06-19T07:56:01.576Z] [34mprisma:query[39m DEALLOCATE ALL
[LOG] [2026-06-19T07:56:01.773Z] [34mprisma:query[39m SELECT "public"."reviews"."id", "public"."reviews"."status", "public"."reviews"."stage", "public"."reviews"."uxScore" FROM "public"."reviews" WHERE ("public"."reviews"."id" = $1 AND 1=1) LIMIT $2 OFFSET $3
[LOG] [2026-06-19T07:56:01.893Z] [34mprisma:query[39m COMMIT
[LOG] [2026-06-19T07:56:02.304Z] [34mprisma:query[39m BEGIN
[LOG] [2026-06-19T07:56:02.443Z] [34mprisma:query[39m DEALLOCATE ALL
[LOG] [2026-06-19T07:56:02.912Z] [34mprisma:query[39m SELECT COUNT(*) FROM (SELECT "public"."findings"."id" FROM "public"."findings" WHERE "public"."findings"."reviewId" = $1 OFFSET $2) AS "sub"
[LOG] [2026-06-19T07:56:03.010Z] [34mprisma:query[39m COMMIT
[HTTP] [2026-06-19T07:56:03.011Z] [0mGET /api/reviews/cmqkmu85x0000gszuy607wwug/progress [36m304[0m 1634.562 ms - -[0m
[LOG] [2026-06-19T07:56:03.419Z] [34mprisma:query[39m BEGIN
[LOG] [2026-06-19T07:56:03.480Z] [34mprisma:query[39m DEALLOCATE ALL
[LOG] [2026-06-19T07:56:03.727Z] [34mprisma:query[39m SELECT "public"."reviews"."id", "public"."reviews"."status", "public"."reviews"."stage", "public"."reviews"."uxScore" FROM "public"."reviews" WHERE ("public"."reviews"."id" = $1 AND 1=1) LIMIT $2 OFFSET $3
[LOG] [2026-06-19T07:56:03.837Z] [34mprisma:query[39m COMMIT
[LOG] [2026-06-19T07:56:03.963Z] [34mprisma:query[39m BEGIN
[LOG] [2026-06-19T07:56:04.047Z] [34mprisma:query[39m DEALLOCATE ALL
[LOG] [2026-06-19T07:56:04.505Z] [34mprisma:query[39m SELECT COUNT(*) FROM (SELECT "public"."findings"."id" FROM "public"."findings" WHERE "public"."findings"."reviewId" = $1 OFFSET $2) AS "sub"
[LOG] [2026-06-19T07:56:04.589Z] [34mprisma:query[39m COMMIT
[HTTP] [2026-06-19T07:56:04.590Z] [0mGET /api/reviews/cmqkmu85x0000gszuy607wwug/progress [36m304[0m 1577.347 ms - -[0m
[LOG] [2026-06-19T07:56:04.979Z] [34mprisma:query[39m SELECT 1
[LOG] [2026-06-19T07:56:05.082Z] [34mprisma:query[39m BEGIN
[LOG] [2026-06-19T07:56:05.187Z] [34mprisma:query[39m DEALLOCATE ALL
[LOG] [2026-06-19T07:56:05.572Z] [34mprisma:query[39m SELECT "public"."reviews"."id", "public"."reviews"."status", "public"."reviews"."stage", "public"."reviews"."uxScore" FROM "public"."reviews" WHERE ("public"."reviews"."id" = $1 AND 1=1) LIMIT $2 OFFSET $3
[LOG] [2026-06-19T07:56:05.672Z] [34mprisma:query[39m COMMIT
[LOG] [2026-06-19T07:56:05.775Z] [34mprisma:query[39m BEGIN
[LOG] [2026-06-19T07:56:05.877Z] [34mprisma:query[39m DEALLOCATE ALL
[LOG] [2026-06-19T07:56:06.083Z] [34mprisma:query[39m SELECT COUNT(*) FROM (SELECT "public"."findings"."id" FROM "public"."findings" WHERE "public"."findings"."reviewId" = $1 OFFSET $2) AS "sub"
[LOG] [2026-06-19T07:56:06.184Z] [34mprisma:query[39m COMMIT
[HTTP] [2026-06-19T07:56:06.185Z] [0mGET /api/reviews/cmqkmu85x0000gszuy607wwug/progress [36m304[0m 1358.425 ms - -[0m
[LOG] [2026-06-19T07:56:06.902Z] [34mprisma:query[39m BEGIN
[LOG] [2026-06-19T07:56:07.282Z] [34mprisma:query[39m DEALLOCATE ALL
[LOG] [2026-06-19T07:56:07.558Z] [34mprisma:query[39m SELECT "public"."reviews"."id", "public"."reviews"."status", "public"."reviews"."stage", "public"."reviews"."uxScore" FROM "public"."reviews" WHERE ("public"."reviews"."id" = $1 AND 1=1) LIMIT $2 OFFSET $3
[LOG] [2026-06-19T07:56:07.742Z] [34mprisma:query[39m COMMIT
[LOG] [2026-06-19T07:56:07.851Z] [34mprisma:query[39m BEGIN
[LOG] [2026-06-19T07:56:07.947Z] [34mprisma:query[39m DEALLOCATE ALL
[LOG] [2026-06-19T07:56:08.148Z] [34mprisma:query[39m SELECT COUNT(*) FROM (SELECT "public"."findings"."id" FROM "public"."findings" WHERE "public"."findings"."reviewId" = $1 OFFSET $2) AS "sub"
[LOG] [2026-06-19T07:56:08.248Z] [34mprisma:query[39m COMMIT
[HTTP] [2026-06-19T07:56:08.249Z] [0mGET /api/reviews/cmqkmu85x0000gszuy607wwug/progress [36m304[0m 1421.370 ms - -[0m
[LOG] [2026-06-19T07:56:09.147Z] [34mprisma:query[39m BEGIN
[LOG] [2026-06-19T07:56:10.206Z] [34mprisma:query[39m DEALLOCATE ALL
[LOG] [2026-06-19T07:56:10.340Z] [34mprisma:query[39m SELECT "public"."reviews"."id", "public"."reviews"."status", "public"."reviews"."stage", "public"."reviews"."uxScore" FROM "public"."reviews" WHERE ("public"."reviews"."id" = $1 AND 1=1) LIMIT $2 OFFSET $3
[LOG] [2026-06-19T07:56:10.480Z] [34mprisma:query[39m COMMIT
[LOG] [2026-06-19T07:56:10.796Z] [34mprisma:query[39m BEGIN
[LOG] [2026-06-19T07:56:11.126Z] [34mprisma:query[39m DEALLOCATE ALL
[LOG] [2026-06-19T07:56:11.334Z] [34mprisma:query[39m SELECT COUNT(*) FROM (SELECT "public"."findings"."id" FROM "public"."findings" WHERE "public"."findings"."reviewId" = $1 OFFSET $2) AS "sub"
[LOG] [2026-06-19T07:56:11.917Z] [34mprisma:query[39m COMMIT
[HTTP] [2026-06-19T07:56:11.918Z] [0mGET /api/reviews/cmqkmu85x0000gszuy607wwug/progress [36m304[0m 3097.903 ms - -[0m
[LOG] [2026-06-19T07:56:12.028Z] [34mprisma:query[39m BEGIN
[LOG] [2026-06-19T07:56:12.105Z] [34mprisma:query[39m DEALLOCATE ALL
[LOG] [2026-06-19T07:56:12.280Z] [34mprisma:query[39m SELECT "public"."reviews"."id", "public"."reviews"."status", "public"."reviews"."stage", "public"."reviews"."uxScore" FROM "public"."reviews" WHERE ("public"."reviews"."id" = $1 AND 1=1) LIMIT $2 OFFSET $3
[LOG] [2026-06-19T07:56:12.335Z] [34mprisma:query[39m COMMIT
[LOG] [2026-06-19T07:56:12.739Z] [34mprisma:query[39m BEGIN
[LOG] [2026-06-19T07:56:12.815Z] [34mprisma:query[39m DEALLOCATE ALL
[LOG] [2026-06-19T07:56:13.070Z] [34mprisma:query[39m SELECT COUNT(*) FROM (SELECT "public"."findings"."id" FROM "public"."findings" WHERE "public"."findings"."reviewId" = $1 OFFSET $2) AS "sub"
[LOG] [2026-06-19T07:56:13.231Z] [34mprisma:query[39m COMMIT
[HTTP] [2026-06-19T07:56:13.232Z] [0mGET /api/reviews/cmqkmu85x0000gszuy607wwug/progress [36m304[0m 1311.874 ms - -[0m
[LOG] [2026-06-19T07:56:13.283Z] [34mprisma:query[39m BEGIN
[LOG] [2026-06-19T07:56:13.346Z] [34mprisma:query[39m DEALLOCATE ALL
[LOG] [2026-06-19T07:56:13.560Z] [34mprisma:query[39m SELECT "public"."reviews"."id", "public"."reviews"."status", "public"."reviews"."stage", "public"."reviews"."uxScore" FROM "public"."reviews" WHERE ("public"."reviews"."id" = $1 AND 1=1) LIMIT $2 OFFSET $3
[LOG] [2026-06-19T07:56:13.815Z] [34mprisma:query[39m COMMIT
[LOG] [2026-06-19T07:56:14.203Z] [34mprisma:query[39m BEGIN
[LOG] [2026-06-19T07:56:14.253Z] [34mprisma:query[39m DEALLOCATE ALL
[LOG] [2026-06-19T07:56:14.370Z] [34mprisma:query[39m SELECT COUNT(*) FROM (SELECT "public"."findings"."id" FROM "public"."findings" WHERE "public"."findings"."reviewId" = $1 OFFSET $2) AS "sub"
[LOG] [2026-06-19T07:56:14.646Z] [34mprisma:query[39m COMMIT
[HTTP] [2026-06-19T07:56:14.647Z] [0mGET /api/reviews/cmqkmu85x0000gszuy607wwug/progress [36m304[0m 1412.692 ms - -[0m
[LOG] [2026-06-19T07:56:15.674Z] [34mprisma:query[39m BEGIN
[LOG] [2026-06-19T07:56:15.836Z] [34mprisma:query[39m DEALLOCATE ALL
[LOG] [2026-06-19T07:56:16.063Z] [34mprisma:query[39m SELECT "public"."reviews"."id", "public"."reviews"."status", "public"."reviews"."stage", "public"."reviews"."uxScore" FROM "public"."reviews" WHERE ("public"."reviews"."id" = $1 AND 1=1) LIMIT $2 OFFSET $3
[LOG] [2026-06-19T07:56:16.134Z] [34mprisma:query[39m COMMIT
[LOG] [2026-06-19T07:56:16.298Z] [34mprisma:query[39m BEGIN
[LOG] [2026-06-19T07:56:16.954Z] [34mprisma:query[39m DEALLOCATE ALL
[LOG] [2026-06-19T07:56:17.671Z] [34mprisma:query[39m SELECT COUNT(*) FROM (SELECT "public"."findings"."id" FROM "public"."findings" WHERE "public"."findings"."reviewId" = $1 OFFSET $2) AS "sub"
[LOG] [2026-06-19T07:56:17.834Z] [34mprisma:query[39m COMMIT
[HTTP] [2026-06-19T07:56:17.835Z] [0mGET /api/reviews/cmqkmu85x0000gszuy607wwug/progress [36m304[0m 3013.737 ms - -[0m
[LOG] [2026-06-19T07:56:17.936Z] [34mprisma:query[39m BEGIN
[LOG] [2026-06-19T07:56:18.056Z] [34mprisma:query[39m DEALLOCATE ALL
[LOG] [2026-06-19T07:56:18.721Z] [34mprisma:query[39m SELECT "public"."reviews"."id", "public"."reviews"."status", "public"."reviews"."stage", "public"."reviews"."uxScore" FROM "public"."reviews" WHERE ("public"."reviews"."id" = $1 AND 1=1) LIMIT $2 OFFSET $3
[LOG] [2026-06-19T07:56:18.819Z] [34mprisma:query[39m COMMIT
[LOG] [2026-06-19T07:56:19.221Z] [34mprisma:query[39m BEGIN
[LOG] [2026-06-19T07:56:19.290Z] [34mprisma:query[39m DEALLOCATE ALL
[LOG] [2026-06-19T07:56:19.383Z] [34mprisma:query[39m SELECT COUNT(*) FROM (SELECT "public"."findings"."id" FROM "public"."findings" WHERE "public"."findings"."reviewId" = $1 OFFSET $2) AS "sub"
[LOG] [2026-06-19T07:56:19.430Z] [34mprisma:query[39m COMMIT
[HTTP] [2026-06-19T07:56:19.431Z] [0mGET /api/reviews/cmqkmu85x0000gszuy607wwug/progress [36m304[0m 1593.841 ms - -[0m
[LOG] [2026-06-19T07:56:19.597Z] [34mprisma:query[39m BEGIN
[LOG] [2026-06-19T07:56:19.654Z] [34mprisma:query[39m DEALLOCATE ALL
[LOG] [2026-06-19T07:56:19.802Z] [34mprisma:query[39m SELECT "public"."reviews"."id", "public"."reviews"."status", "public"."reviews"."stage", "public"."reviews"."uxScore" FROM "public"."reviews" WHERE ("public"."reviews"."id" = $1 AND 1=1) LIMIT $2 OFFSET $3
[LOG] [2026-06-19T07:56:19.877Z] [34mprisma:query[39m COMMIT
[LOG] [2026-06-19T07:56:19.925Z] [34mprisma:query[39m BEGIN
[LOG] [2026-06-19T07:56:19.974Z] [34mprisma:query[39m DEALLOCATE ALL
[LOG] [2026-06-19T07:56:20.152Z] [34mprisma:query[39m SELECT COUNT(*) FROM (SELECT "public"."findings"."id" FROM "public"."findings" WHERE "public"."findings"."reviewId" = $1 OFFSET $2) AS "sub"
[LOG] [2026-06-19T07:56:20.213Z] [34mprisma:query[39m COMMIT
[HTTP] [2026-06-19T07:56:20.213Z] [0mGET /api/reviews/cmqkmu85x0000gszuy607wwug/progress [36m304[0m 780.512 ms - -[0m
[LOG] [2026-06-19T07:56:20.891Z] [34mprisma:query[39m SELECT 1
[LOG] [2026-06-19T07:56:21.017Z] [34mprisma:query[39m BEGIN
[LOG] [2026-06-19T07:56:21.163Z] [34mprisma:query[39m DEALLOCATE ALL
[LOG] [2026-06-19T07:56:21.333Z] [34mprisma:query[39m SELECT "public"."reviews"."id", "public"."reviews"."status", "public"."reviews"."stage", "public"."reviews"."uxScore" FROM "public"."reviews" WHERE ("public"."reviews"."id" = $1 AND 1=1) LIMIT $2 OFFSET $3
[LOG] [2026-06-19T07:56:21.503Z] [34mprisma:query[39m COMMIT
[LOG] [2026-06-19T07:56:21.768Z] [34mprisma:query[39m BEGIN
[LOG] [2026-06-19T07:56:21.894Z] [34mprisma:query[39m DEALLOCATE ALL
[LOG] [2026-06-19T07:56:22.198Z] [34mprisma:query[39m SELECT COUNT(*) FROM (SELECT "public"."findings"."id" FROM "public"."findings" WHERE "public"."findings"."reviewId" = $1 OFFSET $2) AS "sub"
[LOG] [2026-06-19T07:56:22.259Z] [34mprisma:query[39m COMMIT
[HTTP] [2026-06-19T07:56:22.260Z] [0mGET /api/reviews/cmqkmu85x0000gszuy607wwug/progress [36m304[0m 1433.273 ms - -[0m
[LOG] [2026-06-19T07:56:22.960Z] [34mprisma:query[39m BEGIN
[LOG] [2026-06-19T07:56:23.073Z] [34mprisma:query[39m DEALLOCATE ALL
[LOG] [2026-06-19T07:56:23.506Z] [34mprisma:query[39m SELECT "public"."reviews"."id", "public"."reviews"."status", "public"."reviews"."stage", "public"."reviews"."uxScore" FROM "public"."reviews" WHERE ("public"."reviews"."id" = $1 AND 1=1) LIMIT $2 OFFSET $3
[LOG] [2026-06-19T07:56:23.556Z] [34mprisma:query[39m COMMIT
[LOG] [2026-06-19T07:56:23.603Z] [34mprisma:query[39m BEGIN
[LOG] [2026-06-19T07:56:23.651Z] [34mprisma:query[39m DEALLOCATE ALL
[LOG] [2026-06-19T07:56:23.743Z] [34mprisma:query[39m SELECT COUNT(*) FROM (SELECT "public"."findings"."id" FROM "public"."findings" WHERE "public"."findings"."reviewId" = $1 OFFSET $2) AS "sub"
[LOG] [2026-06-19T07:56:23.789Z] [34mprisma:query[39m COMMIT
[HTTP] [2026-06-19T07:56:23.790Z] [0mGET /api/reviews/cmqkmu85x0000gszuy607wwug/progress [36m304[0m 966.062 ms - -[0m
[LOG] [2026-06-19T07:56:24.863Z] [34mprisma:query[39m BEGIN
[LOG] [2026-06-19T07:56:24.910Z] [34mprisma:query[39m DEALLOCATE ALL
[LOG] [2026-06-19T07:56:25.041Z] [34mprisma:query[39m SELECT "public"."reviews"."id", "public"."reviews"."status", "public"."reviews"."stage", "public"."reviews"."uxScore" FROM "public"."reviews" WHERE ("public"."reviews"."id" = $1 AND 1=1) LIMIT $2 OFFSET $3
[LOG] [2026-06-19T07:56:25.122Z] [34mprisma:query[39m COMMIT
[LOG] [2026-06-19T07:56:25.187Z] [34mprisma:query[39m BEGIN
[LOG] [2026-06-19T07:56:25.233Z] [34mprisma:query[39m DEALLOCATE ALL
[LOG] [2026-06-19T07:56:25.345Z] [34mprisma:query[39m SELECT COUNT(*) FROM (SELECT "public"."findings"."id" FROM "public"."findings" WHERE "public"."findings"."reviewId" = $1 OFFSET $2) AS "sub"
[LOG] [2026-06-19T07:56:25.434Z] [34mprisma:query[39m COMMIT
[HTTP] [2026-06-19T07:56:25.435Z] [0mGET /api/reviews/cmqkmu85x0000gszuy607wwug/progress [36m304[0m 621.963 ms - -[0m
[LOG] [2026-06-19T07:56:26.955Z] [34mprisma:query[39m BEGIN
[LOG] [2026-06-19T07:56:27.002Z] [34mprisma:query[39m DEALLOCATE ALL
[LOG] [2026-06-19T07:56:27.105Z] [34mprisma:query[39m SELECT "public"."reviews"."id", "public"."reviews"."status", "public"."reviews"."stage", "public"."reviews"."uxScore" FROM "public"."reviews" WHERE ("public"."reviews"."id" = $1 AND 1=1) LIMIT $2 OFFSET $3
[LOG] [2026-06-19T07:56:27.153Z] [34mprisma:query[39m COMMIT
[LOG] [2026-06-19T07:56:27.277Z] [34mprisma:query[39m BEGIN
[LOG] [2026-06-19T07:56:27.325Z] [34mprisma:query[39m DEALLOCATE ALL
[LOG] [2026-06-19T07:56:27.535Z] [34mprisma:query[39m SELECT COUNT(*) FROM (SELECT "public"."findings"."id" FROM "public"."findings" WHERE "public"."findings"."reviewId" = $1 OFFSET $2) AS "sub"
[LOG] [2026-06-19T07:56:27.598Z] [34mprisma:query[39m COMMIT
[HTTP] [2026-06-19T07:56:27.599Z] [0mGET /api/reviews/cmqkmu85x0000gszuy607wwug/progress [36m304[0m 784.682 ms - -[0m
[LOG] [2026-06-19T07:56:29.048Z] [34mprisma:query[39m BEGIN
[LOG] [2026-06-19T07:56:29.107Z] [34mprisma:query[39m DEALLOCATE ALL
[LOG] [2026-06-19T07:56:29.541Z] [34mprisma:query[39m SELECT "public"."reviews"."id", "public"."reviews"."status", "public"."reviews"."stage", "public"."reviews"."uxScore" FROM "public"."reviews" WHERE ("public"."reviews"."id" = $1 AND 1=1) LIMIT $2 OFFSET $3
[LOG] [2026-06-19T07:56:29.815Z] [34mprisma:query[39m COMMIT
[LOG] [2026-06-19T07:56:29.958Z] [34mprisma:query[39m BEGIN
[LOG] [2026-06-19T07:56:30.139Z] [34mprisma:query[39m DEALLOCATE ALL
[LOG] [2026-06-19T07:56:30.534Z] [34mprisma:query[39m SELECT COUNT(*) FROM (SELECT "public"."findings"."id" FROM "public"."findings" WHERE "public"."findings"."reviewId" = $1 OFFSET $2) AS "sub"
[LOG] [2026-06-19T07:56:30.722Z] [34mprisma:query[39m COMMIT
[HTTP] [2026-06-19T07:56:30.723Z] [0mGET /api/reviews/cmqkmu85x0000gszuy607wwug/progress [36m304[0m 1901.790 ms - -[0m
[LOG] [2026-06-19T07:56:30.964Z] [34mprisma:query[39m BEGIN
[LOG] [2026-06-19T07:56:31.062Z] [34mprisma:query[39m DEALLOCATE ALL
[LOG] [2026-06-19T07:56:31.384Z] [34mprisma:query[39m SELECT "public"."reviews"."id", "public"."reviews"."status", "public"."reviews"."stage", "public"."reviews"."uxScore" FROM "public"."reviews" WHERE ("public"."reviews"."id" = $1 AND 1=1) LIMIT $2 OFFSET $3
[LOG] [2026-06-19T07:56:31.453Z] [34mprisma:query[39m COMMIT
[LOG] [2026-06-19T07:56:31.510Z] [34mprisma:query[39m BEGIN
[LOG] [2026-06-19T07:56:31.560Z] [34mprisma:query[39m DEALLOCATE ALL
[LOG] [2026-06-19T07:56:31.694Z] [34mprisma:query[39m SELECT COUNT(*) FROM (SELECT "public"."findings"."id" FROM "public"."findings" WHERE "public"."findings"."reviewId" = $1 OFFSET $2) AS "sub"
[LOG] [2026-06-19T07:56:31.909Z] [34mprisma:query[39m COMMIT
[HTTP] [2026-06-19T07:56:31.910Z] [0mGET /api/reviews/cmqkmu85x0000gszuy607wwug/progress [36m304[0m 1086.562 ms - -[0m
[LOG] [2026-06-19T07:56:32.918Z] [34mprisma:query[39m BEGIN
[LOG] [2026-06-19T07:56:32.998Z] [34mprisma:query[39m DEALLOCATE ALL
[LOG] [2026-06-19T07:56:34.138Z] [34mprisma:query[39m SELECT "public"."reviews"."id", "public"."reviews"."status", "public"."reviews"."stage", "public"."reviews"."uxScore" FROM "public"."reviews" WHERE ("public"."reviews"."id" = $1 AND 1=1) LIMIT $2 OFFSET $3
[LOG] [2026-06-19T07:56:34.184Z] [34mprisma:query[39m COMMIT
[LOG] [2026-06-19T07:56:34.234Z] [34mprisma:query[39m BEGIN
[LOG] [2026-06-19T07:56:34.445Z] [34mprisma:query[39m DEALLOCATE ALL
[LOG] [2026-06-19T07:56:34.671Z] [34mprisma:query[39m SELECT COUNT(*) FROM (SELECT "public"."findings"."id" FROM "public"."findings" WHERE "public"."findings"."reviewId" = $1 OFFSET $2) AS "sub"
[LOG] [2026-06-19T07:56:35.156Z] [34mprisma:query[39m COMMIT
[HTTP] [2026-06-19T07:56:35.157Z] [0mGET /api/reviews/cmqkmu85x0000gszuy607wwug/progress [36m304[0m 2334.051 ms - -[0m
[LOG] [2026-06-19T07:56:35.268Z] [34mprisma:query[39m BEGIN
[LOG] [2026-06-19T07:56:35.386Z] [34mprisma:query[39m DEALLOCATE ALL
[LOG] [2026-06-19T07:56:35.680Z] [34mprisma:query[39m SELECT "public"."reviews"."id", "public"."reviews"."status", "public"."reviews"."stage", "public"."reviews"."uxScore" FROM "public"."reviews" WHERE ("public"."reviews"."id" = $1 AND 1=1) LIMIT $2 OFFSET $3
[LOG] [2026-06-19T07:56:35.781Z] [34mprisma:query[39m COMMIT
[LOG] [2026-06-19T07:56:35.879Z] [34mprisma:query[39m BEGIN
[LOG] [2026-06-19T07:56:35.980Z] [34mprisma:query[39m DEALLOCATE ALL
[LOG] [2026-06-19T07:56:36.187Z] [34mprisma:query[39m SELECT COUNT(*) FROM (SELECT "public"."findings"."id" FROM "public"."findings" WHERE "public"."findings"."reviewId" = $1 OFFSET $2) AS "sub"
[LOG] [2026-06-19T07:56:36.304Z] [34mprisma:query[39m COMMIT
[HTTP] [2026-06-19T07:56:36.304Z] [0mGET /api/reviews/cmqkmu85x0000gszuy607wwug/progress [36m304[0m 1144.718 ms - -[0m
[LOG] [2026-06-19T07:56:36.903Z] [34mprisma:query[39m SELECT 1
[LOG] [2026-06-19T07:56:37.005Z] [34mprisma:query[39m BEGIN
[LOG] [2026-06-19T07:56:37.093Z] [34mprisma:query[39m DEALLOCATE ALL
[LOG] [2026-06-19T07:56:37.219Z] [34mprisma:query[39m SELECT "public"."reviews"."id", "public"."reviews"."status", "public"."reviews"."stage", "public"."reviews"."uxScore" FROM "public"."reviews" WHERE ("public"."reviews"."id" = $1 AND 1=1) LIMIT $2 OFFSET $3
[LOG] [2026-06-19T07:56:37.286Z] [34mprisma:query[39m COMMIT
[LOG] [2026-06-19T07:56:37.416Z] [34mprisma:query[39m BEGIN
[LOG] [2026-06-19T07:56:37.524Z] [34mprisma:query[39m DEALLOCATE ALL
[LOG] [2026-06-19T07:56:37.725Z] [34mprisma:query[39m SELECT COUNT(*) FROM (SELECT "public"."findings"."id" FROM "public"."findings" WHERE "public"."findings"."reviewId" = $1 OFFSET $2) AS "sub"
[LOG] [2026-06-19T07:56:37.933Z] [34mprisma:query[39m COMMIT
[HTTP] [2026-06-19T07:56:37.934Z] [0mGET /api/reviews/cmqkmu85x0000gszuy607wwug/progress [36m304[0m 1112.847 ms - -[0m
[LOG] [2026-06-19T07:56:38.876Z] [34mprisma:query[39m BEGIN
[LOG] [2026-06-19T07:56:38.966Z] [34mprisma:query[39m DEALLOCATE ALL
[LOG] [2026-06-19T07:56:39.155Z] [34mprisma:query[39m SELECT "public"."reviews"."id", "public"."reviews"."status", "public"."reviews"."stage", "public"."reviews"."uxScore" FROM "public"."reviews" WHERE ("public"."reviews"."id" = $1 AND 1=1) LIMIT $2 OFFSET $3
[LOG] [2026-06-19T07:56:39.277Z] [34mprisma:query[39m COMMIT
[LOG] [2026-06-19T07:56:39.361Z] [34mprisma:query[39m BEGIN
[LOG] [2026-06-19T07:56:39.463Z] [34mprisma:query[39m DEALLOCATE ALL
[LOG] [2026-06-19T07:56:39.668Z] [34mprisma:query[39m SELECT COUNT(*) FROM (SELECT "public"."findings"."id" FROM "public"."findings" WHERE "public"."findings"."reviewId" = $1 OFFSET $2) AS "sub"
[LOG] [2026-06-19T07:56:39.785Z] [34mprisma:query[39m COMMIT
[HTTP] [2026-06-19T07:56:39.786Z] [0mGET /api/reviews/cmqkmu85x0000gszuy607wwug/progress [36m304[0m 961.502 ms - -[0m
[LOG] [2026-06-19T07:56:40.896Z] [34mprisma:query[39m BEGIN
[LOG] [2026-06-19T07:56:40.998Z] [34mprisma:query[39m DEALLOCATE ALL
[LOG] [2026-06-19T07:56:41.158Z] [34mprisma:query[39m SELECT "public"."reviews"."id", "public"."reviews"."status", "public"."reviews"."stage", "public"."reviews"."uxScore" FROM "public"."reviews" WHERE ("public"."reviews"."id" = $1 AND 1=1) LIMIT $2 OFFSET $3
[LOG] [2026-06-19T07:56:41.613Z] [34mprisma:query[39m COMMIT
[LOG] [2026-06-19T07:56:41.660Z] [34mprisma:query[39m BEGIN
[LOG] [2026-06-19T07:56:41.706Z] [34mprisma:query[39m DEALLOCATE ALL
[LOG] [2026-06-19T07:56:41.920Z] [34mprisma:query[39m SELECT COUNT(*) FROM (SELECT "public"."findings"."id" FROM "public"."findings" WHERE "public"."findings"."reviewId" = $1 OFFSET $2) AS "sub"
[LOG] [2026-06-19T07:56:42.024Z] [34mprisma:query[39m COMMIT
[HTTP] [2026-06-19T07:56:42.025Z] [0mGET /api/reviews/cmqkmu85x0000gszuy607wwug/progress [36m304[0m 1209.292 ms - -[0m
[LOG] [2026-06-19T07:56:42.875Z] [34mprisma:query[39m BEGIN
[LOG] [2026-06-19T07:56:42.945Z] [34mprisma:query[39m DEALLOCATE ALL
[LOG] [2026-06-19T07:56:43.149Z] [34mprisma:query[39m SELECT "public"."reviews"."id", "public"."reviews"."status", "public"."reviews"."stage", "public"."reviews"."uxScore" FROM "public"."reviews" WHERE ("public"."reviews"."id" = $1 AND 1=1) LIMIT $2 OFFSET $3
[LOG] [2026-06-19T07:56:43.269Z] [34mprisma:query[39m COMMIT
[LOG] [2026-06-19T07:56:43.344Z] [34mprisma:query[39m BEGIN
[LOG] [2026-06-19T07:56:43.455Z] [34mprisma:query[39m DEALLOCATE ALL
[LOG] [2026-06-19T07:56:43.661Z] [34mprisma:query[39m SELECT COUNT(*) FROM (SELECT "public"."findings"."id" FROM "public"."findings" WHERE "public"."findings"."reviewId" = $1 OFFSET $2) AS "sub"
[LOG] [2026-06-19T07:56:43.763Z] [34mprisma:query[39m COMMIT
[HTTP] [2026-06-19T07:56:43.766Z] [0mGET /api/reviews/cmqkmu85x0000gszuy607wwug/progress [36m304[0m 939.716 ms - -[0m
[LOG] [2026-06-19T07:56:44.946Z] [34mprisma:query[39m BEGIN
[LOG] [2026-06-19T07:56:45.094Z] [34mprisma:query[39m DEALLOCATE ALL
[LOG] [2026-06-19T07:56:45.301Z] [34mprisma:query[39m SELECT "public"."reviews"."id", "public"."reviews"."status", "public"."reviews"."stage", "public"."reviews"."uxScore" FROM "public"."reviews" WHERE ("public"."reviews"."id" = $1 AND 1=1) LIMIT $2 OFFSET $3
[LOG] [2026-06-19T07:56:45.401Z] [34mprisma:query[39m COMMIT
[LOG] [2026-06-19T07:56:45.504Z] [34mprisma:query[39m BEGIN
[LOG] [2026-06-19T07:56:45.606Z] [34mprisma:query[39m DEALLOCATE ALL
[LOG] [2026-06-19T07:56:45.811Z] [34mprisma:query[39m SELECT COUNT(*) FROM (SELECT "public"."findings"."id" FROM "public"."findings" WHERE "public"."findings"."reviewId" = $1 OFFSET $2) AS "sub"
[LOG] [2026-06-19T07:56:45.916Z] [34mprisma:query[39m COMMIT
[HTTP] [2026-06-19T07:56:45.916Z] [0mGET /api/reviews/cmqkmu85x0000gszuy607wwug/progress [36m304[0m 1102.482 ms - -[0m
[LOG] [2026-06-19T07:56:46.938Z] [34mprisma:query[39m BEGIN
[LOG] [2026-06-19T07:56:47.040Z] [34mprisma:query[39m DEALLOCATE ALL
[LOG] [2026-06-19T07:56:47.244Z] [34mprisma:query[39m SELECT "public"."reviews"."id", "public"."reviews"."status", "public"."reviews"."stage", "public"."reviews"."uxScore" FROM "public"."reviews" WHERE ("public"."reviews"."id" = $1 AND 1=1) LIMIT $2 OFFSET $3
[LOG] [2026-06-19T07:56:47.290Z] [34mprisma:query[39m COMMIT
[LOG] [2026-06-19T07:56:47.449Z] [34mprisma:query[39m BEGIN
[LOG] [2026-06-19T07:56:47.553Z] [34mprisma:query[39m DEALLOCATE ALL
[LOG] [2026-06-19T07:56:47.553Z] [34mprisma:query[39m SELECT 1
[LOG] [2026-06-19T07:56:47.655Z] [34mprisma:query[39m BEGIN
[LOG] [2026-06-19T07:56:47.756Z] [34mprisma:query[39m SELECT COUNT(*) FROM (SELECT "public"."findings"."id" FROM "public"."findings" WHERE "public"."findings"."reviewId" = $1 OFFSET $2) AS "sub"
[LOG] [2026-06-19T07:56:47.757Z] [34mprisma:query[39m DEALLOCATE ALL
[LOG] [2026-06-19T07:56:47.859Z] [34mprisma:query[39m COMMIT
[HTTP] [2026-06-19T07:56:47.860Z] [0mGET /api/reviews/cmqkmu85x0000gszuy607wwug/progress [36m304[0m 1039.689 ms - -[0m
[LOG] [2026-06-19T07:56:48.262Z] [34mprisma:query[39m INSERT INTO "public"."reports" ("id","reviewId","name","template","executiveSummary","contentMd","status","createdBy","createdAt","updatedAt") VALUES ($1,$2,$3,$4,$5,$6,$7,$8,$9,$10) RETURNING "public"."reports"."id", "public"."reports"."reviewId", "public"."reports"."name", "public"."reports"."template", "public"."reports"."executiveSummary", "public"."reports"."contentMd", "public"."reports"."status", "public"."reports"."createdBy", "public"."reports"."createdAt", "public"."reports"."updatedAt"
[LOG] [2026-06-19T07:56:48.371Z] [34mprisma:query[39m COMMIT
[LOG] [2026-06-19T07:56:48.423Z] [34mprisma:query[39m BEGIN
[LOG] [2026-06-19T07:56:48.576Z] [34mprisma:query[39m DEALLOCATE ALL
[LOG] [2026-06-19T07:56:48.782Z] [34mprisma:query[39m UPDATE "public"."reviews" SET "status" = $1, "stage" = $2, "updatedAt" = $3 WHERE ("public"."reviews"."id" = $4 AND 1=1) RETURNING "public"."reviews"."id", "public"."reviews"."name", "public"."reviews"."product", "public"."reviews"."domain", "public"."reviews"."reviewType", "public"."reviews"."owner", "public"."reviews"."status", "public"."reviews"."stage", "public"."reviews"."uxScore", "public"."reviews"."criteria", "public"."reviews"."depth", "public"."reviews"."confidenceThreshold", "public"."reviews"."createdAt", "public"."reviews"."updatedAt"
[LOG] [2026-06-19T07:56:48.847Z] [34mprisma:query[39m COMMIT
[LOG] [2026-06-19T07:56:48.985Z] [34mprisma:query[39m BEGIN
[LOG] [2026-06-19T07:56:49.088Z] [34mprisma:query[39m DEALLOCATE ALL
[LOG] [2026-06-19T07:56:49.293Z] [34mprisma:query[39m SELECT "public"."reviews"."id", "public"."reviews"."status", "public"."reviews"."stage", "public"."reviews"."uxScore" FROM "public"."reviews" WHERE ("public"."reviews"."id" = $1 AND 1=1) LIMIT $2 OFFSET $3
[LOG] [2026-06-19T07:56:49.395Z] [34mprisma:query[39m COMMIT
[LOG] [2026-06-19T07:56:49.498Z] [34mprisma:query[39m BEGIN
[LOG] [2026-06-19T07:56:49.600Z] [34mprisma:query[39m DEALLOCATE ALL
[LOG] [2026-06-19T07:56:49.804Z] [34mprisma:query[39m SELECT COUNT(*) FROM (SELECT "public"."findings"."id" FROM "public"."findings" WHERE "public"."findings"."reviewId" = $1 OFFSET $2) AS "sub"
[LOG] [2026-06-19T07:56:49.909Z] [34mprisma:query[39m COMMIT
[HTTP] [2026-06-19T07:56:49.909Z] [0mGET /api/reviews/cmqkmu85x0000gszuy607wwug/progress [32m200[0m 1085.487 ms - 97[0m
[LOG] [2026-06-19T07:56:51.891Z] [34mprisma:query[39m BEGIN
[LOG] [2026-06-19T07:56:51.938Z] [34mprisma:query[39m DEALLOCATE ALL
[LOG] [2026-06-19T07:56:52.162Z] [34mprisma:query[39m SELECT "public"."reviews"."id", "public"."reviews"."name", "public"."reviews"."product", "public"."reviews"."domain", "public"."reviews"."reviewType", "public"."reviews"."owner", "public"."reviews"."status", "public"."reviews"."stage", "public"."reviews"."uxScore", "public"."reviews"."criteria", "public"."reviews"."depth", "public"."reviews"."confidenceThreshold", "public"."reviews"."createdAt", "public"."reviews"."updatedAt" FROM "public"."reviews" WHERE ("public"."reviews"."id" = $1 AND 1=1) LIMIT $2 OFFSET $3
[LOG] [2026-06-19T07:56:52.671Z] [34mprisma:query[39m SELECT "public"."findings"."id", "public"."findings"."reviewId", "public"."findings"."title", "public"."findings"."description", "public"."findings"."recommendation", "public"."findings"."severity"::text, "public"."findings"."area"::text, "public"."findings"."screen", "public"."findings"."principle", "public"."findings"."observation", "public"."findings"."why", "public"."findings"."businessImpact", "public"."findings"."a11yImpact", "public"."findings"."status"::text, "public"."findings"."confidence", "public"."findings"."notes", "public"."findings"."escalationReason", "public"."findings"."isAiGenerated", "public"."findings"."createdAt", "public"."findings"."updatedAt" FROM "public"."findings" WHERE "public"."findings"."reviewId" IN ($1) OFFSET $2
[LOG] [2026-06-19T07:56:52.954Z] [34mprisma:query[39m SELECT "public"."review_basis_items"."id", "public"."review_basis_items"."findingId", "public"."review_basis_items"."type", "public"."review_basis_items"."name", "public"."review_basis_items"."explanation" FROM "public"."review_basis_items" WHERE "public"."review_basis_items"."findingId" IN ($1,$2,$3,$4,$5,$6,$7,$8,$9,$10,$11,$12,$13) OFFSET $14
[LOG] [2026-06-19T07:56:56.455Z] [34mprisma:query[39m SELECT "public"."assets"."id", "public"."assets"."reviewId", "public"."assets"."name", "public"."assets"."mimeType", "public"."assets"."base64Data", "public"."assets"."contentText", "public"."assets"."sizeBytes", "public"."assets"."createdAt" FROM "public"."assets" WHERE "public"."assets"."reviewId" IN ($1) OFFSET $2
[LOG] [2026-06-19T07:56:56.610Z] [34mprisma:query[39m SELECT "public"."reports"."id", "public"."reports"."reviewId", "public"."reports"."name", "public"."reports"."template", "public"."reports"."executiveSummary", "public"."reports"."contentMd", "public"."reports"."status", "public"."reports"."createdBy", "public"."reports"."createdAt", "public"."reports"."updatedAt" FROM "public"."reports" WHERE "public"."reports"."reviewId" IN ($1) ORDER BY "public"."reports"."createdAt" DESC OFFSET $2
[LOG] [2026-06-19T07:56:56.668Z] [34mprisma:query[39m COMMIT
[HTTP] [2026-06-19T07:56:56.684Z] [0mGET /api/reviews/cmqkmu85x0000gszuy607wwug [32m200[0m 4830.453 ms - -[0m
[LOG] [2026-06-19T07:56:56.741Z] [34mprisma:query[39m SELECT 1
[LOG] [2026-06-19T07:56:56.790Z] [34mprisma:query[39m BEGIN
[LOG] [2026-06-19T07:56:56.862Z] [34mprisma:query[39m DEALLOCATE ALL
[LOG] [2026-06-19T07:56:57.067Z] [34mprisma:query[39m SELECT "public"."reviews"."id", "public"."reviews"."name", "public"."reviews"."product", "public"."reviews"."domain", "public"."reviews"."reviewType", "public"."reviews"."owner", "public"."reviews"."status", "public"."reviews"."stage", "public"."reviews"."uxScore", "public"."reviews"."criteria", "public"."reviews"."depth", "public"."reviews"."confidenceThreshold", "public"."reviews"."createdAt", "public"."reviews"."updatedAt" FROM "public"."reviews" WHERE ("public"."reviews"."id" = $1 AND 1=1) LIMIT $2 OFFSET $3
[LOG] [2026-06-19T07:56:57.216Z] [34mprisma:query[39m SELECT "public"."findings"."id", "public"."findings"."reviewId", "public"."findings"."title", "public"."findings"."description", "public"."findings"."recommendation", "public"."findings"."severity"::text, "public"."findings"."area"::text, "public"."findings"."screen", "public"."findings"."principle", "public"."findings"."observation", "public"."findings"."why", "public"."findings"."businessImpact", "public"."findings"."a11yImpact", "public"."findings"."status"::text, "public"."findings"."confidence", "public"."findings"."notes", "public"."findings"."escalationReason", "public"."findings"."isAiGenerated", "public"."findings"."createdAt", "public"."findings"."updatedAt" FROM "public"."findings" WHERE "public"."findings"."reviewId" IN ($1) OFFSET $2
[LOG] [2026-06-19T07:56:57.477Z] [34mprisma:query[39m SELECT "public"."review_basis_items"."id", "public"."review_basis_items"."findingId", "public"."review_basis_items"."type", "public"."review_basis_items"."name", "public"."review_basis_items"."explanation" FROM "public"."review_basis_items" WHERE "public"."review_basis_items"."findingId" IN ($1,$2,$3,$4,$5,$6,$7,$8,$9,$10,$11,$12,$13) OFFSET $14
[LOG] [2026-06-19T07:56:59.343Z] [34mprisma:query[39m SELECT "public"."assets"."id", "public"."assets"."reviewId", "public"."assets"."name", "public"."assets"."mimeType", "public"."assets"."base64Data", "public"."assets"."contentText", "public"."assets"."sizeBytes", "public"."assets"."createdAt" FROM "public"."assets" WHERE "public"."assets"."reviewId" IN ($1) OFFSET $2
[LOG] [2026-06-19T07:56:59.651Z] [34mprisma:query[39m SELECT "public"."reports"."id", "public"."reports"."reviewId", "public"."reports"."name", "public"."reports"."template", "public"."reports"."executiveSummary", "public"."reports"."contentMd", "public"."reports"."status", "public"."reports"."createdBy", "public"."reports"."createdAt", "public"."reports"."updatedAt" FROM "public"."reports" WHERE "public"."reports"."reviewId" IN ($1) ORDER BY "public"."reports"."createdAt" DESC OFFSET $2
[LOG] [2026-06-19T07:56:59.728Z] [34mprisma:query[39m COMMIT
[HTTP] [2026-06-19T07:56:59.733Z] [0mGET /api/reviews/cmqkmu85x0000gszuy607wwug [36m304[0m 3056.283 ms - -[0m
[LOG] [2026-06-19T08:28:03.708Z] ✅ UXM Co-Pilot API running on http://localhost:4000
[LOG] [2026-06-19T08:28:43.512Z] [34mprisma:query[39m BEGIN
[LOG] [2026-06-19T08:28:43.613Z] [34mprisma:query[39m DEALLOCATE ALL
[LOG] [2026-06-19T08:28:43.825Z] [34mprisma:query[39m SELECT "public"."reviews"."id", "public"."reviews"."name", "public"."reviews"."product", "public"."reviews"."domain", "public"."reviews"."reviewType", "public"."reviews"."owner", "public"."reviews"."status", "public"."reviews"."stage", "public"."reviews"."uxScore", "public"."reviews"."criteria", "public"."reviews"."depth", "public"."reviews"."confidenceThreshold", "public"."reviews"."createdAt", "public"."reviews"."updatedAt", COALESCE("aggr_selection_0_Finding"."_aggr_count_findings", 0) AS "_aggr_count_findings" FROM "public"."reviews" LEFT JOIN (SELECT "public"."findings"."reviewId", COUNT(*) AS "_aggr_count_findings" FROM "public"."findings" WHERE 1=1 GROUP BY "public"."findings"."reviewId") AS "aggr_selection_0_Finding" ON ("public"."reviews"."id" = "aggr_selection_0_Finding"."reviewId") WHERE 1=1 ORDER BY "public"."reviews"."createdAt" DESC OFFSET $1
[LOG] [2026-06-19T08:28:43.934Z] [34mprisma:query[39m COMMIT
[HTTP] [2026-06-19T08:28:43.952Z] [0mGET /api/reviews [32m200[0m 1408.202 ms - -[0m
[LOG] [2026-06-19T08:28:44.031Z] [34mprisma:query[39m BEGIN
[LOG] [2026-06-19T08:28:44.127Z] [34mprisma:query[39m DEALLOCATE ALL
[LOG] [2026-06-19T08:28:44.228Z] [34mprisma:query[39m BEGIN
[LOG] [2026-06-19T08:28:44.546Z] [34mprisma:query[39m SELECT "public"."reviews"."id", "public"."reviews"."name", "public"."reviews"."product", "public"."reviews"."domain", "public"."reviews"."reviewType", "public"."reviews"."owner", "public"."reviews"."status", "public"."reviews"."stage", "public"."reviews"."uxScore", "public"."reviews"."criteria", "public"."reviews"."depth", "public"."reviews"."confidenceThreshold", "public"."reviews"."createdAt", "public"."reviews"."updatedAt", COALESCE("aggr_selection_0_Finding"."_aggr_count_findings", 0) AS "_aggr_count_findings" FROM "public"."reviews" LEFT JOIN (SELECT "public"."findings"."reviewId", COUNT(*) AS "_aggr_count_findings" FROM "public"."findings" WHERE 1=1 GROUP BY "public"."findings"."reviewId") AS "aggr_selection_0_Finding" ON ("public"."reviews"."id" = "aggr_selection_0_Finding"."reviewId") WHERE 1=1 ORDER BY "public"."reviews"."createdAt" DESC OFFSET $1
[LOG] [2026-06-19T08:28:44.546Z] [34mprisma:query[39m BEGIN
[LOG] [2026-06-19T08:28:44.546Z] [34mprisma:query[39m DEALLOCATE ALL
[LOG] [2026-06-19T08:28:44.639Z] [34mprisma:query[39m COMMIT
[LOG] [2026-06-19T08:28:44.639Z] [34mprisma:query[39m DEALLOCATE ALL
[HTTP] [2026-06-19T08:28:44.641Z] [0mGET /api/reviews [36m304[0m 687.915 ms - -[0m
[LOG] [2026-06-19T08:28:44.764Z] [34mprisma:query[39m SELECT "public"."reviews"."id", "public"."reviews"."name", "public"."reviews"."product", "public"."reviews"."domain", "public"."reviews"."reviewType", "public"."reviews"."owner", "public"."reviews"."status", "public"."reviews"."stage", "public"."reviews"."uxScore", "public"."reviews"."criteria", "public"."reviews"."depth", "public"."reviews"."confidenceThreshold", "public"."reviews"."createdAt", "public"."reviews"."updatedAt", COALESCE("aggr_selection_0_Finding"."_aggr_count_findings", 0) AS "_aggr_count_findings" FROM "public"."reviews" LEFT JOIN (SELECT "public"."findings"."reviewId", COUNT(*) AS "_aggr_count_findings" FROM "public"."findings" WHERE 1=1 GROUP BY "public"."findings"."reviewId") AS "aggr_selection_0_Finding" ON ("public"."reviews"."id" = "aggr_selection_0_Finding"."reviewId") WHERE 1=1 OFFSET $1
[LOG] [2026-06-19T08:28:44.843Z] [34mprisma:query[39m COMMIT
[LOG] [2026-06-19T08:28:45.357Z] [34mprisma:query[39m SELECT "public"."findings"."id", "public"."findings"."reviewId", "public"."findings"."title", "public"."findings"."description", "public"."findings"."recommendation", "public"."findings"."severity"::text, "public"."findings"."area"::text, "public"."findings"."screen", "public"."findings"."principle", "public"."findings"."observation", "public"."findings"."why", "public"."findings"."businessImpact", "public"."findings"."a11yImpact", "public"."findings"."status"::text, "public"."findings"."confidence", "public"."findings"."notes", "public"."findings"."escalationReason", "public"."findings"."isAiGenerated", "public"."findings"."createdAt", "public"."findings"."updatedAt" FROM "public"."findings" WHERE "public"."findings"."status" <> CAST($1::text AS "public"."FindingStatus") OFFSET $2
[LOG] [2026-06-19T08:28:45.475Z] [34mprisma:query[39m COMMIT
[HTTP] [2026-06-19T08:28:45.481Z] [0mGET /api/reviews/analytics [32m200[0m 2961.586 ms - -[0m
[LOG] [2026-06-19T08:28:45.576Z] [34mprisma:query[39m BEGIN
[LOG] [2026-06-19T08:28:45.577Z] [34mprisma:query[39m BEGIN
[LOG] [2026-06-19T08:28:45.661Z] [34mprisma:query[39m DEALLOCATE ALL
[LOG] [2026-06-19T08:28:45.662Z] [34mprisma:query[39m DEALLOCATE ALL
[LOG] [2026-06-19T08:28:45.877Z] [34mprisma:query[39m SELECT "public"."reviews"."id", "public"."reviews"."name", "public"."reviews"."product", "public"."reviews"."domain", "public"."reviews"."reviewType", "public"."reviews"."owner", "public"."reviews"."status", "public"."reviews"."stage", "public"."reviews"."uxScore", "public"."reviews"."criteria", "public"."reviews"."depth", "public"."reviews"."confidenceThreshold", "public"."reviews"."createdAt", "public"."reviews"."updatedAt", COALESCE("aggr_selection_0_Finding"."_aggr_count_findings", 0) AS "_aggr_count_findings" FROM "public"."reviews" LEFT JOIN (SELECT "public"."findings"."reviewId", COUNT(*) AS "_aggr_count_findings" FROM "public"."findings" WHERE 1=1 GROUP BY "public"."findings"."reviewId") AS "aggr_selection_0_Finding" ON ("public"."reviews"."id" = "aggr_selection_0_Finding"."reviewId") WHERE 1=1 OFFSET $1
[LOG] [2026-06-19T08:28:45.971Z] [34mprisma:query[39m COMMIT
[LOG] [2026-06-19T08:28:46.483Z] [34mprisma:query[39m SELECT "public"."findings"."id", "public"."findings"."reviewId", "public"."findings"."title", "public"."findings"."description", "public"."findings"."recommendation", "public"."findings"."severity"::text, "public"."findings"."area"::text, "public"."findings"."screen", "public"."findings"."principle", "public"."findings"."observation", "public"."findings"."why", "public"."findings"."businessImpact", "public"."findings"."a11yImpact", "public"."findings"."status"::text, "public"."findings"."confidence", "public"."findings"."notes", "public"."findings"."escalationReason", "public"."findings"."isAiGenerated", "public"."findings"."createdAt", "public"."findings"."updatedAt" FROM "public"."findings" WHERE "public"."findings"."status" <> CAST($1::text AS "public"."FindingStatus") OFFSET $2
[LOG] [2026-06-19T08:28:46.538Z] [34mprisma:query[39m COMMIT
[HTTP] [2026-06-19T08:28:46.541Z] [0mGET /api/reviews/analytics [36m304[0m 1057.675 ms - -[0m
[LOG] [2026-06-19T08:29:10.816Z] [34mprisma:query[39m SELECT 1
[LOG] [2026-06-19T08:29:10.817Z] [34mprisma:query[39m SELECT 1
[LOG] [2026-06-19T08:29:10.826Z] [34mprisma:query[39m SELECT 1
[LOG] [2026-06-19T08:29:10.955Z] [34mprisma:query[39m BEGIN
[LOG] [2026-06-19T08:29:10.955Z] [34mprisma:query[39m BEGIN
[LOG] [2026-06-19T08:29:10.956Z] [34mprisma:query[39m BEGIN
[LOG] [2026-06-19T08:29:11.034Z] [34mprisma:query[39m DEALLOCATE ALL
[LOG] [2026-06-19T08:29:11.034Z] [34mprisma:query[39m DEALLOCATE ALL
[LOG] [2026-06-19T08:29:11.034Z] [34mprisma:query[39m DEALLOCATE ALL
[LOG] [2026-06-19T08:29:11.263Z] [34mprisma:query[39m SELECT "public"."reviews"."id", "public"."reviews"."name", "public"."reviews"."product", "public"."reviews"."domain", "public"."reviews"."reviewType", "public"."reviews"."owner", "public"."reviews"."status", "public"."reviews"."stage", "public"."reviews"."uxScore", "public"."reviews"."criteria", "public"."reviews"."depth", "public"."reviews"."confidenceThreshold", "public"."reviews"."createdAt", "public"."reviews"."updatedAt", COALESCE("aggr_selection_0_Finding"."_aggr_count_findings", 0) AS "_aggr_count_findings" FROM "public"."reviews" LEFT JOIN (SELECT "public"."findings"."reviewId", COUNT(*) AS "_aggr_count_findings" FROM "public"."findings" WHERE 1=1 GROUP BY "public"."findings"."reviewId") AS "aggr_selection_0_Finding" ON ("public"."reviews"."id" = "aggr_selection_0_Finding"."reviewId") WHERE 1=1 ORDER BY "public"."reviews"."createdAt" DESC OFFSET $1
[LOG] [2026-06-19T08:29:11.263Z] [34mprisma:query[39m SELECT "public"."reviews"."id", "public"."reviews"."name", "public"."reviews"."product", "public"."reviews"."domain", "public"."reviews"."reviewType", "public"."reviews"."owner", "public"."reviews"."status", "public"."reviews"."stage", "public"."reviews"."uxScore", "public"."reviews"."criteria", "public"."reviews"."depth", "public"."reviews"."confidenceThreshold", "public"."reviews"."createdAt", "public"."reviews"."updatedAt", COALESCE("aggr_selection_0_Finding"."_aggr_count_findings", 0) AS "_aggr_count_findings" FROM "public"."reviews" LEFT JOIN (SELECT "public"."findings"."reviewId", COUNT(*) AS "_aggr_count_findings" FROM "public"."findings" WHERE 1=1 GROUP BY "public"."findings"."reviewId") AS "aggr_selection_0_Finding" ON ("public"."reviews"."id" = "aggr_selection_0_Finding"."reviewId") WHERE 1=1 OFFSET $1
[LOG] [2026-06-19T08:29:11.366Z] [34mprisma:query[39m COMMIT
[LOG] [2026-06-19T08:29:11.366Z] [34mprisma:query[39m COMMIT
[HTTP] [2026-06-19T08:29:11.368Z] [0mGET /api/reviews [32m200[0m 614.846 ms - -[0m
[LOG] [2026-06-19T08:29:11.423Z] [34mprisma:query[39m BEGIN
[LOG] [2026-06-19T08:29:11.528Z] [34mprisma:query[39m DEALLOCATE ALL
[LOG] [2026-06-19T08:29:11.652Z] [34mprisma:query[39m SELECT "public"."reviews"."id", "public"."reviews"."name", "public"."reviews"."product", "public"."reviews"."domain", "public"."reviews"."reviewType", "public"."reviews"."owner", "public"."reviews"."status", "public"."reviews"."stage", "public"."reviews"."uxScore", "public"."reviews"."criteria", "public"."reviews"."depth", "public"."reviews"."confidenceThreshold", "public"."reviews"."createdAt", "public"."reviews"."updatedAt", COALESCE("aggr_selection_0_Finding"."_aggr_count_findings", 0) AS "_aggr_count_findings" FROM "public"."reviews" LEFT JOIN (SELECT "public"."findings"."reviewId", COUNT(*) AS "_aggr_count_findings" FROM "public"."findings" WHERE 1=1 GROUP BY "public"."findings"."reviewId") AS "aggr_selection_0_Finding" ON ("public"."reviews"."id" = "aggr_selection_0_Finding"."reviewId") WHERE 1=1 ORDER BY "public"."reviews"."createdAt" DESC OFFSET $1
[LOG] [2026-06-19T08:29:11.653Z] [34mprisma:query[39m SELECT "public"."findings"."id", "public"."findings"."reviewId", "public"."findings"."title", "public"."findings"."description", "public"."findings"."recommendation", "public"."findings"."severity"::text, "public"."findings"."area"::text, "public"."findings"."screen", "public"."findings"."principle", "public"."findings"."observation", "public"."findings"."why", "public"."findings"."businessImpact", "public"."findings"."a11yImpact", "public"."findings"."status"::text, "public"."findings"."confidence", "public"."findings"."notes", "public"."findings"."escalationReason", "public"."findings"."isAiGenerated", "public"."findings"."createdAt", "public"."findings"."updatedAt" FROM "public"."findings" WHERE "public"."findings"."status" <> CAST($1::text AS "public"."FindingStatus") OFFSET $2
[LOG] [2026-06-19T08:29:11.774Z] [34mprisma:query[39m COMMIT
[LOG] [2026-06-19T08:29:11.783Z] [34mprisma:query[39m COMMIT
[HTTP] [2026-06-19T08:29:11.784Z] [0mGET /api/reviews [36m304[0m 412.873 ms - -[0m
[HTTP] [2026-06-19T08:29:11.787Z] [0mGET /api/reviews/analytics [32m200[0m 1029.019 ms - -[0m
[LOG] [2026-06-19T08:29:11.876Z] [34mprisma:query[39m BEGIN
[LOG] [2026-06-19T08:29:11.876Z] [34mprisma:query[39m BEGIN
[LOG] [2026-06-19T08:29:11.980Z] [34mprisma:query[39m DEALLOCATE ALL
[LOG] [2026-06-19T08:29:11.980Z] [34mprisma:query[39m DEALLOCATE ALL
[LOG] [2026-06-19T08:29:12.186Z] [34mprisma:query[39m SELECT "public"."reviews"."id", "public"."reviews"."name", "public"."reviews"."product", "public"."reviews"."domain", "public"."reviews"."reviewType", "public"."reviews"."owner", "public"."reviews"."status", "public"."reviews"."stage", "public"."reviews"."uxScore", "public"."reviews"."criteria", "public"."reviews"."depth", "public"."reviews"."confidenceThreshold", "public"."reviews"."createdAt", "public"."reviews"."updatedAt", COALESCE("aggr_selection_0_Finding"."_aggr_count_findings", 0) AS "_aggr_count_findings" FROM "public"."reviews" LEFT JOIN (SELECT "public"."findings"."reviewId", COUNT(*) AS "_aggr_count_findings" FROM "public"."findings" WHERE 1=1 GROUP BY "public"."findings"."reviewId") AS "aggr_selection_0_Finding" ON ("public"."reviews"."id" = "aggr_selection_0_Finding"."reviewId") WHERE 1=1 OFFSET $1
[LOG] [2026-06-19T08:29:12.252Z] [34mprisma:query[39m COMMIT
[LOG] [2026-06-19T08:29:12.389Z] [34mprisma:query[39m SELECT "public"."findings"."id", "public"."findings"."reviewId", "public"."findings"."title", "public"."findings"."description", "public"."findings"."recommendation", "public"."findings"."severity"::text, "public"."findings"."area"::text, "public"."findings"."screen", "public"."findings"."principle", "public"."findings"."observation", "public"."findings"."why", "public"."findings"."businessImpact", "public"."findings"."a11yImpact", "public"."findings"."status"::text, "public"."findings"."confidence", "public"."findings"."notes", "public"."findings"."escalationReason", "public"."findings"."isAiGenerated", "public"."findings"."createdAt", "public"."findings"."updatedAt" FROM "public"."findings" WHERE "public"."findings"."status" <> CAST($1::text AS "public"."FindingStatus") OFFSET $2
[LOG] [2026-06-19T08:29:12.492Z] [34mprisma:query[39m COMMIT
[HTTP] [2026-06-19T08:29:12.497Z] [0mGET /api/reviews/analytics [36m304[0m 707.927 ms - -[0m
[LOG] [2026-06-19T08:50:15.001Z] ✅ UXM Co-Pilot API running on http://localhost:4000
[LOG] [2026-06-19T08:51:01.135Z] [34mprisma:query[39m BEGIN
[LOG] [2026-06-19T08:51:01.180Z] [34mprisma:query[39m DEALLOCATE ALL
[LOG] [2026-06-19T08:51:01.344Z] [34mprisma:query[39m SELECT "public"."reviews"."id", "public"."reviews"."name", "public"."reviews"."product", "public"."reviews"."domain", "public"."reviews"."reviewType", "public"."reviews"."owner", "public"."reviews"."status", "public"."reviews"."stage", "public"."reviews"."uxScore", "public"."reviews"."criteria", "public"."reviews"."depth", "public"."reviews"."confidenceThreshold", "public"."reviews"."createdAt", "public"."reviews"."updatedAt", COALESCE("aggr_selection_0_Finding"."_aggr_count_findings", 0) AS "_aggr_count_findings" FROM "public"."reviews" LEFT JOIN (SELECT "public"."findings"."reviewId", COUNT(*) AS "_aggr_count_findings" FROM "public"."findings" WHERE 1=1 GROUP BY "public"."findings"."reviewId") AS "aggr_selection_0_Finding" ON ("public"."reviews"."id" = "aggr_selection_0_Finding"."reviewId") WHERE 1=1 OFFSET $1
[LOG] [2026-06-19T08:51:01.443Z] [34mprisma:query[39m COMMIT
[LOG] [2026-06-19T08:51:01.647Z] [34mprisma:query[39m BEGIN
[LOG] [2026-06-19T08:51:01.647Z] [34mprisma:query[39m BEGIN
[LOG] [2026-06-19T08:51:01.751Z] [34mprisma:query[39m DEALLOCATE ALL
[LOG] [2026-06-19T08:51:01.752Z] [34mprisma:query[39m DEALLOCATE ALL
[LOG] [2026-06-19T08:51:01.954Z] [34mprisma:query[39m SELECT "public"."reviews"."id", "public"."reviews"."name", "public"."reviews"."product", "public"."reviews"."domain", "public"."reviews"."reviewType", "public"."reviews"."owner", "public"."reviews"."status", "public"."reviews"."stage", "public"."reviews"."uxScore", "public"."reviews"."criteria", "public"."reviews"."depth", "public"."reviews"."confidenceThreshold", "public"."reviews"."createdAt", "public"."reviews"."updatedAt", COALESCE("aggr_selection_0_Finding"."_aggr_count_findings", 0) AS "_aggr_count_findings" FROM "public"."reviews" LEFT JOIN (SELECT "public"."findings"."reviewId", COUNT(*) AS "_aggr_count_findings" FROM "public"."findings" WHERE 1=1 GROUP BY "public"."findings"."reviewId") AS "aggr_selection_0_Finding" ON ("public"."reviews"."id" = "aggr_selection_0_Finding"."reviewId") WHERE 1=1 ORDER BY "public"."reviews"."createdAt" DESC OFFSET $1
[LOG] [2026-06-19T08:51:02.057Z] [34mprisma:query[39m COMMIT
[HTTP] [2026-06-19T08:51:02.060Z] [0mGET /api/reviews [36m304[0m 2131.188 ms - -[0m
[LOG] [2026-06-19T08:51:02.161Z] [34mprisma:query[39m BEGIN
[LOG] [2026-06-19T08:51:02.264Z] [34mprisma:query[39m DEALLOCATE ALL
[LOG] [2026-06-19T08:51:02.420Z] [34mprisma:query[39m SELECT "public"."findings"."id", "public"."findings"."reviewId", "public"."findings"."title", "public"."findings"."description", "public"."findings"."recommendation", "public"."findings"."severity"::text, "public"."findings"."area"::text, "public"."findings"."screen", "public"."findings"."principle", "public"."findings"."observation", "public"."findings"."why", "public"."findings"."businessImpact", "public"."findings"."a11yImpact", "public"."findings"."status"::text, "public"."findings"."confidence", "public"."findings"."notes", "public"."findings"."escalationReason", "public"."findings"."isAiGenerated", "public"."findings"."createdAt", "public"."findings"."updatedAt" FROM "public"."findings" WHERE "public"."findings"."status" <> CAST($1::text AS "public"."FindingStatus") OFFSET $2
[LOG] [2026-06-19T08:51:02.420Z] [34mprisma:query[39m SELECT "public"."reviews"."id", "public"."reviews"."name", "public"."reviews"."product", "public"."reviews"."domain", "public"."reviews"."reviewType", "public"."reviews"."owner", "public"."reviews"."status", "public"."reviews"."stage", "public"."reviews"."uxScore", "public"."reviews"."criteria", "public"."reviews"."depth", "public"."reviews"."confidenceThreshold", "public"."reviews"."createdAt", "public"."reviews"."updatedAt", COALESCE("aggr_selection_0_Finding"."_aggr_count_findings", 0) AS "_aggr_count_findings" FROM "public"."reviews" LEFT JOIN (SELECT "public"."findings"."reviewId", COUNT(*) AS "_aggr_count_findings" FROM "public"."findings" WHERE 1=1 GROUP BY "public"."findings"."reviewId") AS "aggr_selection_0_Finding" ON ("public"."reviews"."id" = "aggr_selection_0_Finding"."reviewId") WHERE 1=1 ORDER BY "public"."reviews"."createdAt" DESC OFFSET $1
[LOG] [2026-06-19T08:51:02.476Z] [34mprisma:query[39m COMMIT
[LOG] [2026-06-19T08:51:02.476Z] [34mprisma:query[39m COMMIT
[HTTP] [2026-06-19T08:51:02.477Z] [0mGET /api/reviews [36m304[0m 415.979 ms - -[0m
[HTTP] [2026-06-19T08:51:02.482Z] [0mGET /api/reviews/analytics [36m304[0m 2589.163 ms - -[0m
[LOG] [2026-06-19T08:51:02.571Z] [34mprisma:query[39m BEGIN
[LOG] [2026-06-19T08:51:02.572Z] [34mprisma:query[39m BEGIN
[LOG] [2026-06-19T08:51:02.671Z] [34mprisma:query[39m DEALLOCATE ALL
[LOG] [2026-06-19T08:51:02.671Z] [34mprisma:query[39m DEALLOCATE ALL
[LOG] [2026-06-19T08:51:02.876Z] [34mprisma:query[39m SELECT "public"."reviews"."id", "public"."reviews"."name", "public"."reviews"."product", "public"."reviews"."domain", "public"."reviews"."reviewType", "public"."reviews"."owner", "public"."reviews"."status", "public"."reviews"."stage", "public"."reviews"."uxScore", "public"."reviews"."criteria", "public"."reviews"."depth", "public"."reviews"."confidenceThreshold", "public"."reviews"."createdAt", "public"."reviews"."updatedAt", COALESCE("aggr_selection_0_Finding"."_aggr_count_findings", 0) AS "_aggr_count_findings" FROM "public"."reviews" LEFT JOIN (SELECT "public"."findings"."reviewId", COUNT(*) AS "_aggr_count_findings" FROM "public"."findings" WHERE 1=1 GROUP BY "public"."findings"."reviewId") AS "aggr_selection_0_Finding" ON ("public"."reviews"."id" = "aggr_selection_0_Finding"."reviewId") WHERE 1=1 OFFSET $1
[LOG] [2026-06-19T08:51:02.980Z] [34mprisma:query[39m COMMIT
[LOG] [2026-06-19T08:51:03.360Z] [34mprisma:query[39m SELECT "public"."findings"."id", "public"."findings"."reviewId", "public"."findings"."title", "public"."findings"."description", "public"."findings"."recommendation", "public"."findings"."severity"::text, "public"."findings"."area"::text, "public"."findings"."screen", "public"."findings"."principle", "public"."findings"."observation", "public"."findings"."why", "public"."findings"."businessImpact", "public"."findings"."a11yImpact", "public"."findings"."status"::text, "public"."findings"."confidence", "public"."findings"."notes", "public"."findings"."escalationReason", "public"."findings"."isAiGenerated", "public"."findings"."createdAt", "public"."findings"."updatedAt" FROM "public"."findings" WHERE "public"."findings"."status" <> CAST($1::text AS "public"."FindingStatus") OFFSET $2
[LOG] [2026-06-19T08:51:03.490Z] [34mprisma:query[39m COMMIT
[HTTP] [2026-06-19T08:51:03.495Z] [0mGET /api/reviews/analytics [36m304[0m 1010.158 ms - -[0m
